Comparison,OfficialProvenance,Iteration,SplitSeed,Provenance,Feature,PermutationImportanceMean,PermutationImportanceStd,PermutationImportanceRank
SPOC_vs_TESSCut,SPOC,1,42,SPOC,QualityScore,0.0,0.0,36.5
SPOC_vs_TESSCut,SPOC,1,42,SPOC,OriginalFluxMedian,0.0,0.0,36.5
SPOC_vs_TESSCut,SPOC,1,42,SPOC,OriginalFluxStd,0.11748655407582131,0.014585684270102137,1.0
SPOC_vs_TESSCut,SPOC,1,42,SPOC,CadenceCount,0.02444392571843549,0.009491468168767858,15.0
SPOC_vs_TESSCut,SPOC,1,42,SPOC,TimeSpanDays,0.024385828405436173,0.012275199055663356,16.0
SPOC_vs_TESSCut,SPOC,1,42,SPOC,MedianCadenceDays,0.024720406681190944,0.006563710248370482,14.0
SPOC_vs_TESSCut,SPOC,1,42,SPOC,FluxStd,0.0,0.0,36.5
SPOC_vs_TESSCut,SPOC,1,42,SPOC,FluxMedian,0.0,0.0,36.5
SPOC_vs_TESSCut,SPOC,1,42,SPOC,FluxMad,0.026411972196285848,0.007733323169493516,13.0
SPOC_vs_TESSCut,SPOC,1,42,SPOC,FluxP05,0.02018881626724759,0.013445540252161157,19.0
SPOC_vs_TESSCut,SPOC,1,42,SPOC,FluxP90,0.028668430335096917,0.004320168730661869,11.0
SPOC_vs_TESSCut,SPOC,1,42,SPOC,FluxP95,0.03195092851955596,0.0067582698385470555,9.0
SPOC_vs_TESSCut,SPOC,1,42,SPOC,FluxIqr,0.036716464363523126,0.006062473078787962,4.0
SPOC_vs_TESSCut,SPOC,1,42,SPOC,FluxAmplitude,0.010978835978835866,0.0060186396483730914,27.0
SPOC_vs_TESSCut,SPOC,1,42,SPOC,FluxPercentAmplitude95To5,0.03330999066293176,0.011959936848999073,6.0
SPOC_vs_TESSCut,SPOC,1,42,SPOC,FluxSkewness,0.0393427741466957,0.006865632673061741,3.0
SPOC_vs_TESSCut,SPOC,1,42,SPOC,FluxKurtosis,0.0013139329805995636,0.004003459353469506,33.0
SPOC_vs_TESSCut,SPOC,1,42,SPOC,TailAsymmetry,0.011738250855897891,0.010504995608855802,26.0
SPOC_vs_TESSCut,SPOC,1,42,SPOC,TailRatio,0.03220043572984749,0.01237106225368124,8.0
SPOC_vs_TESSCut,SPOC,1,42,SPOC,EtaVonNeumann,0.018673098869177306,0.007490100661206981,20.0
SPOC_vs_TESSCut,SPOC,1,42,SPOC,MaxAbsSlope,0.033291152718397346,0.008548134439969667,7.0
SPOC_vs_TESSCut,SPOC,1,42,SPOC,MedianAbsSuccessiveDiff,0.022094206103493986,0.008973287123106273,18.0
SPOC_vs_TESSCut,SPOC,1,42,SPOC,FractionBeyond1Std,0.04235709098454188,0.008727834232291079,2.0
SPOC_vs_TESSCut,SPOC,1,42,SPOC,FractionBeyond2Std,0.00908496732026134,0.005046509469947373,28.0
SPOC_vs_TESSCut,SPOC,1,42,SPOC,LsBestPeriod,0.03402394876079079,0.01249067579790432,5.0
SPOC_vs_TESSCut,SPOC,1,42,SPOC,LsMaxPower,0.027990837660600298,0.010206086131214586,12.0
SPOC_vs_TESSCut,SPOC,1,42,SPOC,LsFalseAlarmProbability,0.012345679012345623,0.0,25.0
SPOC_vs_TESSCut,SPOC,1,42,SPOC,LsPeriod2,0.030169295788490747,0.01617528948545209,10.0
SPOC_vs_TESSCut,SPOC,1,42,SPOC,LsPeriod3,0.022252690549904097,0.014061702332485425,17.0
SPOC_vs_TESSCut,SPOC,1,42,SPOC,LsPeakPowerGap12,0.013616421227360342,0.006729274180846288,24.0
SPOC_vs_TESSCut,SPOC,1,42,SPOC,LsPeakPowerGap23,0.008620707542276108,0.005985705916610927,29.0
SPOC_vs_TESSCut,SPOC,1,42,SPOC,LsPowerRatio21,0.016411972196285818,0.011979670406168647,23.0
SPOC_vs_TESSCut,SPOC,1,42,SPOC,LsPowerRatio31,-0.0026003734827265146,0.0033497862540580762,39.0
SPOC_vs_TESSCut,SPOC,1,42,SPOC,LsPeriodRatio21,0.016693640419130584,0.013234336437328409,22.0
SPOC_vs_TESSCut,SPOC,1,42,SPOC,LsPeriodRatio31,0.0027425044091710206,0.008193416818953853,32.0
SPOC_vs_TESSCut,SPOC,1,42,SPOC,PhaseCurveStd,0.017896566033820893,0.012097854591535954,21.0
SPOC_vs_TESSCut,SPOC,1,42,SPOC,PhasePeakPhase,0.0006899055918662799,0.0058034313841165185,34.0
SPOC_vs_TESSCut,SPOC,1,42,SPOC,PhaseTroughPhase,0.008148148148148081,0.014249644188180583,30.0
SPOC_vs_TESSCut,SPOC,1,42,SPOC,PhasePeakToTroughPhaseDelta,0.004179894179894117,0.005917258715875081,31.0
SPOC_vs_TESSCut,SPOC,1,42,TESSCut,QualityScore,0.004708994708994707,0.00335217652094332,9.0
SPOC_vs_TESSCut,SPOC,1,42,TESSCut,OriginalFluxMedian,0.007069716775599133,0.003976265080800502,5.0
SPOC_vs_TESSCut,SPOC,1,42,TESSCut,OriginalFluxStd,-0.0030329909741674266,0.007839460385602242,27.0
SPOC_vs_TESSCut,SPOC,1,42,TESSCut,CadenceCount,-0.002114845938375326,0.012074243710487657,24.0
SPOC_vs_TESSCut,SPOC,1,42,TESSCut,TimeSpanDays,0.00836601307189544,0.008025942573808542,3.0
SPOC_vs_TESSCut,SPOC,1,42,TESSCut,MedianCadenceDays,0.004901960784313741,0.003497601424744913,8.0
SPOC_vs_TESSCut,SPOC,1,42,TESSCut,FluxStd,0.0,0.0,16.0
SPOC_vs_TESSCut,SPOC,1,42,TESSCut,FluxMedian,0.0,0.0,16.0
SPOC_vs_TESSCut,SPOC,1,42,TESSCut,FluxMad,-0.0014493204689283,0.007951141234375644,21.0
SPOC_vs_TESSCut,SPOC,1,42,TESSCut,FluxP05,-0.006399522772071786,0.007043197509803862,32.0
SPOC_vs_TESSCut,SPOC,1,42,TESSCut,FluxP90,-0.009676314970432592,0.0117400641937902,35.0
SPOC_vs_TESSCut,SPOC,1,42,TESSCut,FluxP95,-0.0030345471521942002,0.002665565345213846,28.0
SPOC_vs_TESSCut,SPOC,1,42,TESSCut,FluxIqr,-0.00634920634920636,0.004164949940185052,31.0
SPOC_vs_TESSCut,SPOC,1,42,TESSCut,FluxAmplitude,0.0007294652753889296,0.015266143482717258,14.0
SPOC_vs_TESSCut,SPOC,1,42,TESSCut,FluxPercentAmplitude95To5,-0.000414980807137677,0.004786340287111908,19.0
SPOC_vs_TESSCut,SPOC,1,42,TESSCut,FluxSkewness,0.0011033302209772944,0.010017330700584609,12.0
SPOC_vs_TESSCut,SPOC,1,42,TESSCut,FluxKurtosis,0.0025848117024587724,0.0033992389252160576,10.0
SPOC_vs_TESSCut,SPOC,1,42,TESSCut,TailAsymmetry,0.002273576097105501,0.0022336923184414596,11.0
SPOC_vs_TESSCut,SPOC,1,42,TESSCut,TailRatio,0.0068860877684407355,0.006439641613304606,6.0
SPOC_vs_TESSCut,SPOC,1,42,TESSCut,EtaVonNeumann,0.011465919701213833,0.0048241307992270294,2.0
SPOC_vs_TESSCut,SPOC,1,42,TESSCut,MaxAbsSlope,-0.003907563025210064,0.01003218489698757,29.0
SPOC_vs_TESSCut,SPOC,1,42,TESSCut,MedianAbsSuccessiveDiff,0.021142234671646463,0.011146559398703692,1.0
SPOC_vs_TESSCut,SPOC,1,42,TESSCut,FractionBeyond1Std,-0.0025080402531382716,0.007620375061282604,25.0
SPOC_vs_TESSCut,SPOC,1,42,TESSCut,FractionBeyond2Std,-0.013281979458450055,0.008142845579916203,38.0
SPOC_vs_TESSCut,SPOC,1,42,TESSCut,LsBestPeriod,-0.001983144134846915,0.0061392530220319335,23.0
SPOC_vs_TESSCut,SPOC,1,42,TESSCut,LsMaxPower,0.007522564581388119,0.00523111598907322,4.0
SPOC_vs_TESSCut,SPOC,1,42,TESSCut,LsFalseAlarmProbability,0.0,0.0,16.0
SPOC_vs_TESSCut,SPOC,1,42,TESSCut,LsPeriod2,0.005873643804500378,0.011553378835462542,7.0
SPOC_vs_TESSCut,SPOC,1,42,TESSCut,LsPeriod3,-0.0006374050594896818,0.010100336617940835,20.0
SPOC_vs_TESSCut,SPOC,1,42,TESSCut,LsPeakPowerGap12,-0.005441435833592684,0.014690099489691842,30.0
SPOC_vs_TESSCut,SPOC,1,42,TESSCut,LsPeakPowerGap23,-0.00710862122626828,0.00990247521704202,33.0
SPOC_vs_TESSCut,SPOC,1,42,TESSCut,LsPowerRatio21,-0.014352629940865225,0.009872369485105703,39.0
SPOC_vs_TESSCut,SPOC,1,42,TESSCut,LsPowerRatio31,-0.012503890445066912,0.005423816240034226,37.0
SPOC_vs_TESSCut,SPOC,1,42,TESSCut,LsPeriodRatio21,-0.0029909741674447655,0.00821539616837436,26.0
SPOC_vs_TESSCut,SPOC,1,42,TESSCut,LsPeriodRatio31,-0.009137358647162547,0.007636533514744007,34.0
SPOC_vs_TESSCut,SPOC,1,42,TESSCut,PhaseCurveStd,-0.009925303454715184,0.00580383808451685,36.0
SPOC_vs_TESSCut,SPOC,1,42,TESSCut,PhasePeakPhase,-0.00029723000311234203,0.010955074303909103,18.0
SPOC_vs_TESSCut,SPOC,1,42,TESSCut,PhaseTroughPhase,-0.0015001556178026731,0.004108653042859698,22.0
SPOC_vs_TESSCut,SPOC,1,42,TESSCut,PhasePeakToTroughPhaseDelta,0.0008807967631497049,0.003483164462556377,13.0
SPOC_vs_TESSCut,SPOC,6,47,SPOC,QualityScore,0.0,0.0,6.5
SPOC_vs_TESSCut,SPOC,6,47,SPOC,OriginalFluxMedian,0.0,0.0,6.5
SPOC_vs_TESSCut,SPOC,6,47,SPOC,OriginalFluxStd,0.0812378986682393,0.010032743242931021,1.0
SPOC_vs_TESSCut,SPOC,6,47,SPOC,CadenceCount,-0.00398952173461975,0.00991456056275267,15.0
SPOC_vs_TESSCut,SPOC,6,47,SPOC,TimeSpanDays,-0.01261904761904753,0.005248573240990341,31.0
SPOC_vs_TESSCut,SPOC,6,47,SPOC,MedianCadenceDays,-0.0055773420479302335,0.004330198953831703,18.0
SPOC_vs_TESSCut,SPOC,6,47,SPOC,FluxStd,0.0,0.0,6.5
SPOC_vs_TESSCut,SPOC,6,47,SPOC,FluxMedian,0.0,0.0,6.5
SPOC_vs_TESSCut,SPOC,6,47,SPOC,FluxMad,-0.010797008862024305,0.013810560369649899,27.0
SPOC_vs_TESSCut,SPOC,6,47,SPOC,FluxP05,-0.006678597364871852,0.010539813333985903,20.0
SPOC_vs_TESSCut,SPOC,6,47,SPOC,FluxP90,0.0008730158730158699,0.001565324041533012,4.0
SPOC_vs_TESSCut,SPOC,6,47,SPOC,FluxP95,0.019356261022927722,0.018362966838635673,2.0
SPOC_vs_TESSCut,SPOC,6,47,SPOC,FluxIqr,-0.011928541397065607,0.013698082670871525,30.0
SPOC_vs_TESSCut,SPOC,6,47,SPOC,FluxAmplitude,-0.009784209980288384,0.010258246861909433,26.0
SPOC_vs_TESSCut,SPOC,6,47,SPOC,FluxPercentAmplitude95To5,-0.009421620500051863,0.0127634652810941,24.0
SPOC_vs_TESSCut,SPOC,6,47,SPOC,FluxSkewness,-0.014712107065048186,0.005714065336241503,34.0
SPOC_vs_TESSCut,SPOC,6,47,SPOC,FluxKurtosis,-0.011865311426714875,0.013162136360879156,29.0
SPOC_vs_TESSCut,SPOC,6,47,SPOC,TailAsymmetry,-0.004525884427845161,0.008812544627014033,16.0
SPOC_vs_TESSCut,SPOC,6,47,SPOC,TailRatio,0.006067019400352769,0.009988250860982689,3.0
SPOC_vs_TESSCut,SPOC,6,47,SPOC,EtaVonNeumann,-0.022179167963481662,0.025419155554863303,39.0
SPOC_vs_TESSCut,SPOC,6,47,SPOC,MaxAbsSlope,-0.002949121168935398,0.019648962227997474,13.0
SPOC_vs_TESSCut,SPOC,6,47,SPOC,MedianAbsSuccessiveDiff,-0.002155852594449037,0.009017272875256785,11.0
SPOC_vs_TESSCut,SPOC,6,47,SPOC,FractionBeyond1Std,-0.007184218716726398,0.006056229284954366,21.0
SPOC_vs_TESSCut,SPOC,6,47,SPOC,FractionBeyond2Std,-0.005478975215817294,0.004853283696483186,17.0
SPOC_vs_TESSCut,SPOC,6,47,SPOC,LsBestPeriod,-0.013210040351423192,0.0078052874506423,32.0
SPOC_vs_TESSCut,SPOC,6,47,SPOC,LsMaxPower,-0.011220043572984728,0.007460365718776306,28.0
SPOC_vs_TESSCut,SPOC,6,47,SPOC,LsFalseAlarmProbability,-0.0007407407407407307,0.0022222222222221923,9.0
SPOC_vs_TESSCut,SPOC,6,47,SPOC,LsPeriod2,-0.015907934323826957,0.006061994637079014,35.0
SPOC_vs_TESSCut,SPOC,6,47,SPOC,LsPeriod3,-0.0039756799405921694,0.006251909363643344,14.0
SPOC_vs_TESSCut,SPOC,6,47,SPOC,LsPeakPowerGap12,-0.009603174603174568,0.005956063920371476,25.0
SPOC_vs_TESSCut,SPOC,6,47,SPOC,LsPeakPowerGap23,-0.0064726631393297596,0.007155387793823408,19.0
SPOC_vs_TESSCut,SPOC,6,47,SPOC,LsPowerRatio21,-0.008201058201058164,0.006851119788202803,22.0
SPOC_vs_TESSCut,SPOC,6,47,SPOC,LsPowerRatio31,-0.008395061728395015,0.0070661062567166045,23.0
SPOC_vs_TESSCut,SPOC,6,47,SPOC,LsPeriodRatio21,-0.016851851851851785,0.010779206857647498,36.0
SPOC_vs_TESSCut,SPOC,6,47,SPOC,LsPeriodRatio31,-0.0024691358024691245,0.006335105839739589,12.0
SPOC_vs_TESSCut,SPOC,6,47,SPOC,PhaseCurveStd,-0.002089947089947075,0.00553593157930724,10.0
SPOC_vs_TESSCut,SPOC,6,47,SPOC,PhasePeakPhase,-0.014015130418639155,0.010620312665536575,33.0
SPOC_vs_TESSCut,SPOC,6,47,SPOC,PhaseTroughPhase,-0.02142182799045538,0.013715250075110033,38.0
SPOC_vs_TESSCut,SPOC,6,47,SPOC,PhasePeakToTroughPhaseDelta,-0.018680033416875453,0.010318349859155597,37.0
SPOC_vs_TESSCut,SPOC,6,47,TESSCut,QualityScore,-0.0027160493827160515,0.004340344649690606,10.0
SPOC_vs_TESSCut,SPOC,6,47,TESSCut,OriginalFluxMedian,-0.0007407407407407418,0.0022222222222222253,8.0
SPOC_vs_TESSCut,SPOC,6,47,TESSCut,OriginalFluxStd,-0.026181657848324564,0.008286493688371041,39.0
SPOC_vs_TESSCut,SPOC,6,47,TESSCut,CadenceCount,-0.020723977700241918,0.00931558253484808,37.0
SPOC_vs_TESSCut,SPOC,6,47,TESSCut,TimeSpanDays,-0.018676129321124207,0.004856706612541098,32.0
SPOC_vs_TESSCut,SPOC,6,47,TESSCut,MedianCadenceDays,0.003808131439710366,0.007733062624315182,2.0
SPOC_vs_TESSCut,SPOC,6,47,TESSCut,FluxStd,0.0,0.0,6.0
SPOC_vs_TESSCut,SPOC,6,47,TESSCut,FluxMedian,0.0,0.0,6.0
SPOC_vs_TESSCut,SPOC,6,47,TESSCut,FluxMad,-0.017612167674087197,0.009877232494673798,28.0
SPOC_vs_TESSCut,SPOC,6,47,TESSCut,FluxP05,-0.01971106961303041,0.005757501397885908,35.0
SPOC_vs_TESSCut,SPOC,6,47,TESSCut,FluxP90,-0.010178687459389235,0.007207978881271857,14.0
SPOC_vs_TESSCut,SPOC,6,47,TESSCut,FluxP95,-0.020237440005241886,0.006878498125508276,36.0
SPOC_vs_TESSCut,SPOC,6,47,TESSCut,FluxIqr,-0.012193228168460395,0.005994736270404883,18.0
SPOC_vs_TESSCut,SPOC,6,47,TESSCut,FluxAmplitude,-0.0010086490736645804,0.008389766545755155,9.0
SPOC_vs_TESSCut,SPOC,6,47,TESSCut,FluxPercentAmplitude95To5,-0.018286511485685913,0.0066683598006551745,29.0
SPOC_vs_TESSCut,SPOC,6,47,TESSCut,FluxSkewness,-0.018747385893928763,0.0063579052630573975,33.0
SPOC_vs_TESSCut,SPOC,6,47,TESSCut,FluxKurtosis,-0.01353801169590645,0.005555558056469857,20.0
SPOC_vs_TESSCut,SPOC,6,47,TESSCut,TailAsymmetry,-0.014833024827864905,0.008983164429197985,22.0
SPOC_vs_TESSCut,SPOC,6,47,TESSCut,TailRatio,-0.015198153335408266,0.010876257371707413,24.0
SPOC_vs_TESSCut,SPOC,6,47,TESSCut,EtaVonNeumann,0.004080380690287771,0.010444495385718688,1.0
SPOC_vs_TESSCut,SPOC,6,47,TESSCut,MaxAbsSlope,-0.004055509143228464,0.00457419458333509,12.0
SPOC_vs_TESSCut,SPOC,6,47,TESSCut,MedianAbsSuccessiveDiff,0.0020622088991541663,0.013921118326058194,3.0
SPOC_vs_TESSCut,SPOC,6,47,TESSCut,FractionBeyond1Std,-0.0030238450155891106,0.004944268082717244,11.0
SPOC_vs_TESSCut,SPOC,6,47,TESSCut,FractionBeyond2Std,0.0007379560011138819,0.0024038771869123736,4.0
SPOC_vs_TESSCut,SPOC,6,47,TESSCut,LsBestPeriod,-0.016395154553049317,0.008517626449337274,27.0
SPOC_vs_TESSCut,SPOC,6,47,TESSCut,LsMaxPower,-0.010693400167084399,0.0057333454080459815,15.0
SPOC_vs_TESSCut,SPOC,6,47,TESSCut,LsFalseAlarmProbability,0.0,0.0,6.0
SPOC_vs_TESSCut,SPOC,6,47,TESSCut,LsPeriod2,-0.011465646687524922,0.005512347488944191,16.0
SPOC_vs_TESSCut,SPOC,6,47,TESSCut,LsPeriod3,-0.013331886360782159,0.007700656339330572,19.0
SPOC_vs_TESSCut,SPOC,6,47,TESSCut,LsPeakPowerGap12,-0.014379467186484746,0.007729964595373638,21.0
SPOC_vs_TESSCut,SPOC,6,47,TESSCut,LsPeakPowerGap23,-0.015196788266963723,0.007944471404307102,23.0
SPOC_vs_TESSCut,SPOC,6,47,TESSCut,LsPowerRatio21,-0.01948760790866057,0.008059682762669655,34.0
SPOC_vs_TESSCut,SPOC,6,47,TESSCut,LsPowerRatio31,-0.008549232558520503,0.004352151201732756,13.0
SPOC_vs_TESSCut,SPOC,6,47,TESSCut,LsPeriodRatio21,-0.011995730065905518,0.007934387396977122,17.0
SPOC_vs_TESSCut,SPOC,6,47,TESSCut,LsPeriodRatio31,-0.015199108883319452,0.004274118133775944,25.0
SPOC_vs_TESSCut,SPOC,6,47,TESSCut,PhaseCurveStd,-0.01840016708437762,0.008483676061605378,31.0
SPOC_vs_TESSCut,SPOC,6,47,TESSCut,PhasePeakPhase,-0.018314768402487726,0.004401153238024724,30.0
SPOC_vs_TESSCut,SPOC,6,47,TESSCut,PhaseTroughPhase,-0.01587208762647361,0.004838062385969245,26.0
SPOC_vs_TESSCut,SPOC,6,47,TESSCut,PhasePeakToTroughPhaseDelta,-0.02455212104334915,0.010536742144208943,38.0
SPOC_vs_TESSCut,SPOC,11,52,SPOC,QualityScore,0.0,0.0,29.5
SPOC_vs_TESSCut,SPOC,11,52,SPOC,OriginalFluxMedian,0.0,0.0,29.5
SPOC_vs_TESSCut,SPOC,11,52,SPOC,OriginalFluxStd,0.14304989052151074,0.01560139463177314,1.0
SPOC_vs_TESSCut,SPOC,11,52,SPOC,CadenceCount,0.001724763979665944,0.008464396190502911,23.0
SPOC_vs_TESSCut,SPOC,11,52,SPOC,TimeSpanDays,0.003221288515406173,0.006724996129955637,18.0
SPOC_vs_TESSCut,SPOC,11,52,SPOC,MedianCadenceDays,0.0023809523809523725,0.0019440394783993406,20.0
SPOC_vs_TESSCut,SPOC,11,52,SPOC,FluxStd,0.0,0.0,29.5
SPOC_vs_TESSCut,SPOC,11,52,SPOC,FluxMedian,0.0,0.0,29.5
SPOC_vs_TESSCut,SPOC,11,52,SPOC,FluxMad,0.00980970945883225,0.006473687217900114,10.0
SPOC_vs_TESSCut,SPOC,11,52,SPOC,FluxP05,0.0021512113617376595,0.0034420623745751136,21.0
SPOC_vs_TESSCut,SPOC,11,52,SPOC,FluxP90,-0.006428571428571428,0.005657975045531412,37.0
SPOC_vs_TESSCut,SPOC,11,52,SPOC,FluxP95,0.005479493941826274,0.01944166890405095,14.0
SPOC_vs_TESSCut,SPOC,11,52,SPOC,FluxIqr,0.010670002893945119,0.006452163564593226,9.0
SPOC_vs_TESSCut,SPOC,11,52,SPOC,FluxAmplitude,0.05324203755576309,0.009974919069797611,2.0
SPOC_vs_TESSCut,SPOC,11,52,SPOC,FluxPercentAmplitude95To5,0.0,0.0025097441747368,29.5
SPOC_vs_TESSCut,SPOC,11,52,SPOC,FluxSkewness,0.002054728324078181,0.007042568461884726,22.0
SPOC_vs_TESSCut,SPOC,11,52,SPOC,FluxKurtosis,0.00561384397813709,0.006926574453518333,12.0
SPOC_vs_TESSCut,SPOC,11,52,SPOC,TailAsymmetry,-0.008568316215375038,0.010772772520605723,39.0
SPOC_vs_TESSCut,SPOC,11,52,SPOC,TailRatio,-0.006639692914202744,0.011164732346975802,38.0
SPOC_vs_TESSCut,SPOC,11,52,SPOC,EtaVonNeumann,-0.0013527828285310073,0.0052128904466541325,34.0
SPOC_vs_TESSCut,SPOC,11,52,SPOC,MaxAbsSlope,-0.000543979775145953,0.004150381461542978,33.0
SPOC_vs_TESSCut,SPOC,11,52,SPOC,MedianAbsSuccessiveDiff,-0.0015422543286320533,0.006303971805400982,35.0
SPOC_vs_TESSCut,SPOC,11,52,SPOC,FractionBeyond1Std,0.017214086414292805,0.008060160847814534,7.0
SPOC_vs_TESSCut,SPOC,11,52,SPOC,FractionBeyond2Std,0.013268356075373643,0.00566555062262475,8.0
SPOC_vs_TESSCut,SPOC,11,52,SPOC,LsBestPeriod,0.03808368961619736,0.014666922589383447,4.0
SPOC_vs_TESSCut,SPOC,11,52,SPOC,LsMaxPower,0.006540042917751898,0.01141093572590028,11.0
SPOC_vs_TESSCut,SPOC,11,52,SPOC,LsFalseAlarmProbability,0.0,0.0,29.5
SPOC_vs_TESSCut,SPOC,11,52,SPOC,LsPeriod2,0.04733639654692286,0.02110442182846652,3.0
SPOC_vs_TESSCut,SPOC,11,52,SPOC,LsPeriod3,0.03484410918363447,0.027325571843824448,5.0
SPOC_vs_TESSCut,SPOC,11,52,SPOC,LsPeakPowerGap12,-0.005120590146389903,0.011312451952116399,36.0
SPOC_vs_TESSCut,SPOC,11,52,SPOC,LsPeakPowerGap23,0.020382929000060068,0.014069675403980776,6.0
SPOC_vs_TESSCut,SPOC,11,52,SPOC,LsPowerRatio21,0.001675485008818356,0.005552055110651585,24.0
SPOC_vs_TESSCut,SPOC,11,52,SPOC,LsPowerRatio31,0.00555555555555558,0.009740576443246649,13.0
SPOC_vs_TESSCut,SPOC,11,52,SPOC,LsPeriodRatio21,0.0007936507936507908,0.0015873015873015817,25.0
SPOC_vs_TESSCut,SPOC,11,52,SPOC,LsPeriodRatio31,0.004621848739495782,0.0013071895424836555,16.0
SPOC_vs_TESSCut,SPOC,11,52,SPOC,PhaseCurveStd,0.0030516924118574986,0.006602761660435389,19.0
SPOC_vs_TESSCut,SPOC,11,52,SPOC,PhasePeakPhase,0.004925303454715202,0.001897660045443752,15.0
SPOC_vs_TESSCut,SPOC,11,52,SPOC,PhaseTroughPhase,0.00032679738562091387,0.0009803921568627414,26.0
SPOC_vs_TESSCut,SPOC,11,52,SPOC,PhasePeakToTroughPhaseDelta,0.0037062973337483205,0.004683157263076637,17.0
SPOC_vs_TESSCut,SPOC,11,52,TESSCut,QualityScore,0.008955804544039842,0.009721471036841678,22.0
SPOC_vs_TESSCut,SPOC,11,52,TESSCut,OriginalFluxMedian,0.0025894802365390656,0.01133362266746925,34.0
SPOC_vs_TESSCut,SPOC,11,52,TESSCut,OriginalFluxStd,0.02407459280008299,0.008436097538979108,6.0
SPOC_vs_TESSCut,SPOC,11,52,TESSCut,CadenceCount,0.031778192758584914,0.015030300856865624,3.0
SPOC_vs_TESSCut,SPOC,11,52,TESSCut,TimeSpanDays,0.03335719472974375,0.004899815259226304,1.0
SPOC_vs_TESSCut,SPOC,11,52,TESSCut,MedianCadenceDays,0.02816291818871795,0.015519749735831886,5.0
SPOC_vs_TESSCut,SPOC,11,52,TESSCut,FluxStd,0.0,0.0,36.0
SPOC_vs_TESSCut,SPOC,11,52,TESSCut,FluxMedian,0.0,0.0,36.0
SPOC_vs_TESSCut,SPOC,11,52,TESSCut,FluxMad,0.017459280008299598,0.004560282461869669,14.0
SPOC_vs_TESSCut,SPOC,11,52,TESSCut,FluxP05,0.01824048137773627,0.007045410363676044,13.0
SPOC_vs_TESSCut,SPOC,11,52,TESSCut,FluxP90,0.004651416122004348,0.008452351835771473,31.0
SPOC_vs_TESSCut,SPOC,11,52,TESSCut,FluxP95,-0.009140471003216143,0.006363282992030166,38.0
SPOC_vs_TESSCut,SPOC,11,52,TESSCut,FluxIqr,0.01940502126776636,0.010966584905841433,10.0
SPOC_vs_TESSCut,SPOC,11,52,TESSCut,FluxAmplitude,0.004106753812636188,0.008650654800191766,32.0
SPOC_vs_TESSCut,SPOC,11,52,TESSCut,FluxPercentAmplitude95To5,0.018418404398796558,0.011499410858030697,11.0
SPOC_vs_TESSCut,SPOC,11,52,TESSCut,FluxSkewness,0.014908704222429708,0.009704666177386948,18.0
SPOC_vs_TESSCut,SPOC,11,52,TESSCut,FluxKurtosis,0.005168067226890771,0.009717637016638466,29.0
SPOC_vs_TESSCut,SPOC,11,52,TESSCut,TailAsymmetry,0.010344434069924247,0.012759158968314904,20.0
SPOC_vs_TESSCut,SPOC,11,52,TESSCut,TailRatio,0.031340388007054666,0.011163080562935579,4.0
SPOC_vs_TESSCut,SPOC,11,52,TESSCut,EtaVonNeumann,0.01623716153127917,0.008374265776362364,16.0
SPOC_vs_TESSCut,SPOC,11,52,TESSCut,MaxAbsSlope,0.023002386139641045,0.01525948498402473,8.0
SPOC_vs_TESSCut,SPOC,11,52,TESSCut,MedianAbsSuccessiveDiff,0.031959228135698715,0.013820231315389928,2.0
SPOC_vs_TESSCut,SPOC,11,52,TESSCut,FractionBeyond1Std,0.007041705571117318,0.00821197150030157,25.0
SPOC_vs_TESSCut,SPOC,11,52,TESSCut,FractionBeyond2Std,0.016643351297634074,0.010749390218497742,15.0
SPOC_vs_TESSCut,SPOC,11,52,TESSCut,LsBestPeriod,0.016158369780660802,0.008439728837678743,17.0
SPOC_vs_TESSCut,SPOC,11,52,TESSCut,LsMaxPower,-0.009723519037244522,0.0046414235428490795,39.0
SPOC_vs_TESSCut,SPOC,11,52,TESSCut,LsFalseAlarmProbability,0.0,0.0,36.0
SPOC_vs_TESSCut,SPOC,11,52,TESSCut,LsPeriod2,0.01828689370485036,0.008880361094394076,12.0
SPOC_vs_TESSCut,SPOC,11,52,TESSCut,LsPeriod3,0.008734172031385646,0.01257803670934721,23.0
SPOC_vs_TESSCut,SPOC,11,52,TESSCut,LsPeakPowerGap12,0.004825708061002148,0.012689267717734177,30.0
SPOC_vs_TESSCut,SPOC,11,52,TESSCut,LsPeakPowerGap23,0.02274094823114432,0.004995312074255575,9.0
SPOC_vs_TESSCut,SPOC,11,52,TESSCut,LsPowerRatio21,0.002610229276895926,0.011644900450548197,33.0
SPOC_vs_TESSCut,SPOC,11,52,TESSCut,LsPowerRatio31,0.005841373586471604,0.009921172807972492,26.0
SPOC_vs_TESSCut,SPOC,11,52,TESSCut,LsPeriodRatio21,0.011053532524120769,0.009855507896858589,19.0
SPOC_vs_TESSCut,SPOC,11,52,TESSCut,LsPeriodRatio31,0.005321091399522776,0.009760769543452097,27.0
SPOC_vs_TESSCut,SPOC,11,52,TESSCut,PhaseCurveStd,0.005271812428675154,0.010816048556876295,28.0
SPOC_vs_TESSCut,SPOC,11,52,TESSCut,PhasePeakPhase,0.007643427741466946,0.010497983901826335,24.0
SPOC_vs_TESSCut,SPOC,11,52,TESSCut,PhaseTroughPhase,0.023275754746342962,0.010914314360356345,7.0
SPOC_vs_TESSCut,SPOC,11,52,TESSCut,PhasePeakToTroughPhaseDelta,0.009875505757858689,0.009565132012469755,21.0
SPOC_vs_TESSCut,SPOC,16,57,SPOC,QualityScore,0.0025396825396825306,0.0012698412698412653,25.0
SPOC_vs_TESSCut,SPOC,16,57,SPOC,OriginalFluxMedian,0.0,0.0,33.5
SPOC_vs_TESSCut,SPOC,16,57,SPOC,OriginalFluxStd,0.09958941471325365,0.018848433065585854,1.0
SPOC_vs_TESSCut,SPOC,16,57,SPOC,CadenceCount,0.02716215921066275,0.011867092338997657,2.0
SPOC_vs_TESSCut,SPOC,16,57,SPOC,TimeSpanDays,0.008392058577817042,0.0036004225832685535,11.0
SPOC_vs_TESSCut,SPOC,16,57,SPOC,MedianCadenceDays,0.005881834215167525,0.003736948719395742,19.0
SPOC_vs_TESSCut,SPOC,16,57,SPOC,FluxStd,0.0,0.0,33.5
SPOC_vs_TESSCut,SPOC,16,57,SPOC,FluxMedian,0.0,0.0,33.5
SPOC_vs_TESSCut,SPOC,16,57,SPOC,FluxMad,0.010720756138712761,0.004126424846651158,9.0
SPOC_vs_TESSCut,SPOC,16,57,SPOC,FluxP05,0.0015873015873015817,0.0019440394783993406,28.0
SPOC_vs_TESSCut,SPOC,16,57,SPOC,FluxP90,0.009305944600062243,0.0032629383343811516,10.0
SPOC_vs_TESSCut,SPOC,16,57,SPOC,FluxP95,0.023552754435107383,0.01149135268311207,4.0
SPOC_vs_TESSCut,SPOC,16,57,SPOC,FluxIqr,0.006657848324514981,0.006005599625222026,16.0
SPOC_vs_TESSCut,SPOC,16,57,SPOC,FluxAmplitude,0.00023484637519725072,0.006416509242429656,31.0
SPOC_vs_TESSCut,SPOC,16,57,SPOC,FluxPercentAmplitude95To5,-0.00035947712418300527,0.0032467665893573857,36.0
SPOC_vs_TESSCut,SPOC,16,57,SPOC,FluxSkewness,0.004771241830065364,0.006980599727442718,23.0
SPOC_vs_TESSCut,SPOC,16,57,SPOC,FluxKurtosis,0.007693007027372312,0.006314665421101604,13.0
SPOC_vs_TESSCut,SPOC,16,57,SPOC,TailAsymmetry,0.0005368814192343585,0.00613432765163155,30.0
SPOC_vs_TESSCut,SPOC,16,57,SPOC,TailRatio,-0.003846872082166186,0.005044834430753134,39.0
SPOC_vs_TESSCut,SPOC,16,57,SPOC,EtaVonNeumann,0.01856779748936608,0.00848484661367334,6.0
SPOC_vs_TESSCut,SPOC,16,57,SPOC,MaxAbsSlope,0.024840396197465288,0.008072479587560301,3.0
SPOC_vs_TESSCut,SPOC,16,57,SPOC,MedianAbsSuccessiveDiff,0.023191311612364172,0.009371480153112224,5.0
SPOC_vs_TESSCut,SPOC,16,57,SPOC,FractionBeyond1Std,0.0074586793781839964,0.005008761722414013,14.0
SPOC_vs_TESSCut,SPOC,16,57,SPOC,FractionBeyond2Std,0.007225334578275744,0.0037009895324217517,15.0
SPOC_vs_TESSCut,SPOC,16,57,SPOC,LsBestPeriod,-0.0004433196280461571,0.01223625117406738,37.0
SPOC_vs_TESSCut,SPOC,16,57,SPOC,LsMaxPower,0.018540741832795436,0.00867879376442272,7.0
SPOC_vs_TESSCut,SPOC,16,57,SPOC,LsFalseAlarmProbability,0.0,0.0,33.5
SPOC_vs_TESSCut,SPOC,16,57,SPOC,LsPeriod2,0.005385413424629071,0.014177238629418538,20.0
SPOC_vs_TESSCut,SPOC,16,57,SPOC,LsPeriod3,0.000815382683287702,0.011498584172674452,29.0
SPOC_vs_TESSCut,SPOC,16,57,SPOC,LsPeakPowerGap12,-0.0006810872497147513,0.014527558451363885,38.0
SPOC_vs_TESSCut,SPOC,16,57,SPOC,LsPeakPowerGap23,0.0017398070339246785,0.0034668195851967542,26.0
SPOC_vs_TESSCut,SPOC,16,57,SPOC,LsPowerRatio21,0.004925303454715202,0.001897660045443752,22.0
SPOC_vs_TESSCut,SPOC,16,57,SPOC,LsPowerRatio31,0.004259259259259252,0.0040717543041758585,24.0
SPOC_vs_TESSCut,SPOC,16,57,SPOC,LsPeriodRatio21,0.0016666666666666607,0.002312508299100542,27.0
SPOC_vs_TESSCut,SPOC,16,57,SPOC,LsPeriodRatio31,0.004985994397759086,0.003888123801741409,21.0
SPOC_vs_TESSCut,SPOC,16,57,SPOC,PhaseCurveStd,0.01094296198011364,0.006596595771621567,8.0
SPOC_vs_TESSCut,SPOC,16,57,SPOC,PhasePeakPhase,0.005963274198568303,0.003997644164246344,18.0
SPOC_vs_TESSCut,SPOC,16,57,SPOC,PhaseTroughPhase,0.0065873015873015636,0.0013304011598603296,17.0
SPOC_vs_TESSCut,SPOC,16,57,SPOC,PhasePeakToTroughPhaseDelta,0.008236331569664867,0.006889512872347251,12.0
SPOC_vs_TESSCut,SPOC,16,57,TESSCut,QualityScore,0.0,0.0,23.5
SPOC_vs_TESSCut,SPOC,16,57,TESSCut,OriginalFluxMedian,0.0037130407718643068,0.003713134689216292,12.0
SPOC_vs_TESSCut,SPOC,16,57,TESSCut,OriginalFluxStd,0.017651727357609715,0.01246437021061632,2.0
SPOC_vs_TESSCut,SPOC,16,57,TESSCut,CadenceCount,-0.0009399315281668097,0.00372029541402053,27.0
SPOC_vs_TESSCut,SPOC,16,57,TESSCut,TimeSpanDays,0.010092633544645952,0.006560680892198464,8.0
SPOC_vs_TESSCut,SPOC,16,57,TESSCut,MedianCadenceDays,0.015632299703507137,0.008859253236920042,4.0
SPOC_vs_TESSCut,SPOC,16,57,TESSCut,FluxStd,0.0,0.0,23.5
SPOC_vs_TESSCut,SPOC,16,57,TESSCut,FluxMedian,0.0,0.0,23.5
SPOC_vs_TESSCut,SPOC,16,57,TESSCut,FluxMad,-0.004312169312169306,0.010099980114836038,36.0
SPOC_vs_TESSCut,SPOC,16,57,TESSCut,FluxP05,0.005336134453781521,0.007460033908515332,10.0
SPOC_vs_TESSCut,SPOC,16,57,TESSCut,FluxP90,-0.0039309056956115754,0.0054418451617529355,34.0
SPOC_vs_TESSCut,SPOC,16,57,TESSCut,FluxP95,0.0011546840958605697,0.0024222229668584777,18.0
SPOC_vs_TESSCut,SPOC,16,57,TESSCut,FluxIqr,0.0004761904761904856,0.0028216490213700315,20.0
SPOC_vs_TESSCut,SPOC,16,57,TESSCut,FluxAmplitude,-0.006308281597239301,0.004429146681709526,37.0
SPOC_vs_TESSCut,SPOC,16,57,TESSCut,FluxPercentAmplitude95To5,-0.0015873015873015817,0.0015873015873015817,28.0
SPOC_vs_TESSCut,SPOC,16,57,TESSCut,FluxSkewness,0.002654839713663243,0.004932550208142225,14.0
SPOC_vs_TESSCut,SPOC,16,57,TESSCut,FluxKurtosis,0.0019265483971366514,0.0029662059501820086,16.0
SPOC_vs_TESSCut,SPOC,16,57,TESSCut,TailAsymmetry,-0.0022595704948646157,0.0025178248737592543,30.0
SPOC_vs_TESSCut,SPOC,16,57,TESSCut,TailRatio,-0.00016806722689073904,0.006130021296802289,26.0
SPOC_vs_TESSCut,SPOC,16,57,TESSCut,EtaVonNeumann,-0.0018854325355873447,0.010039786366382874,29.0
SPOC_vs_TESSCut,SPOC,16,57,TESSCut,MaxAbsSlope,0.014002407980736159,0.012261430070123132,5.0
SPOC_vs_TESSCut,SPOC,16,57,TESSCut,MedianAbsSuccessiveDiff,0.021677559912854045,0.012051314324321346,1.0
SPOC_vs_TESSCut,SPOC,16,57,TESSCut,FractionBeyond1Std,0.0018342151675485086,0.007370024085627024,17.0
SPOC_vs_TESSCut,SPOC,16,57,TESSCut,FractionBeyond2Std,0.0003127917833800342,0.0047863363799855434,21.0
SPOC_vs_TESSCut,SPOC,16,57,TESSCut,LsBestPeriod,0.013016773961046418,0.013379611778833964,6.0
SPOC_vs_TESSCut,SPOC,16,57,TESSCut,LsMaxPower,0.0026807760141093484,0.008783281270670783,13.0
SPOC_vs_TESSCut,SPOC,16,57,TESSCut,LsFalseAlarmProbability,0.0,0.0,23.5
SPOC_vs_TESSCut,SPOC,16,57,TESSCut,LsPeriod2,0.016315871377790885,0.011897024583213848,3.0
SPOC_vs_TESSCut,SPOC,16,57,TESSCut,LsPeriod3,0.010892918570937155,0.014811760679485572,7.0
SPOC_vs_TESSCut,SPOC,16,57,TESSCut,LsPeakPowerGap12,-0.002387177093059445,0.005837639256094322,31.0
SPOC_vs_TESSCut,SPOC,16,57,TESSCut,LsPeakPowerGap23,-0.004075111526091929,0.007138848680758457,35.0
SPOC_vs_TESSCut,SPOC,16,57,TESSCut,LsPowerRatio21,-0.011984126984126986,0.009534128742216355,38.0
SPOC_vs_TESSCut,SPOC,16,57,TESSCut,LsPowerRatio31,-0.013580246913580252,0.008872146265794864,39.0
SPOC_vs_TESSCut,SPOC,16,57,TESSCut,LsPeriodRatio21,0.008253968253968258,0.0060844260365989465,9.0
SPOC_vs_TESSCut,SPOC,16,57,TESSCut,LsPeriodRatio31,0.00232804232804234,0.004981418961244364,15.0
SPOC_vs_TESSCut,SPOC,16,57,TESSCut,PhaseCurveStd,0.000949268596327435,0.006502549053601731,19.0
SPOC_vs_TESSCut,SPOC,16,57,TESSCut,PhasePeakPhase,0.00497354497354498,0.007322095275166507,11.0
SPOC_vs_TESSCut,SPOC,16,57,TESSCut,PhaseTroughPhase,-0.0032244008714596927,0.006932005340593614,33.0
SPOC_vs_TESSCut,SPOC,16,57,TESSCut,PhasePeakToTroughPhaseDelta,-0.0030874572051042604,0.0025692230588927225,32.0
SPOC_vs_TESSCut,SPOC,21,62,SPOC,QualityScore,0.0,0.0,30.0
SPOC_vs_TESSCut,SPOC,21,62,SPOC,OriginalFluxMedian,0.0,0.0,30.0
SPOC_vs_TESSCut,SPOC,21,62,SPOC,OriginalFluxStd,0.06553619888501208,0.012384886446154103,1.0
SPOC_vs_TESSCut,SPOC,21,62,SPOC,CadenceCount,0.01920774157616263,0.008999570737129162,5.0
SPOC_vs_TESSCut,SPOC,21,62,SPOC,TimeSpanDays,0.001793208511474731,0.0036168756356340158,24.0
SPOC_vs_TESSCut,SPOC,21,62,SPOC,MedianCadenceDays,0.012962962962962944,0.008486251286955244,7.0
SPOC_vs_TESSCut,SPOC,21,62,SPOC,FluxStd,0.0,0.0,30.0
SPOC_vs_TESSCut,SPOC,21,62,SPOC,FluxMedian,0.0,0.0,30.0
SPOC_vs_TESSCut,SPOC,21,62,SPOC,FluxMad,0.004402919062361743,0.005829957602829987,16.0
SPOC_vs_TESSCut,SPOC,21,62,SPOC,FluxP05,-0.0008771929824561764,0.009493685472894265,33.0
SPOC_vs_TESSCut,SPOC,21,62,SPOC,FluxP90,0.0019865841073271272,0.0039255150124404324,22.0
SPOC_vs_TESSCut,SPOC,21,62,SPOC,FluxP95,0.005167084377610665,0.0033046744037307303,14.0
SPOC_vs_TESSCut,SPOC,21,62,SPOC,FluxIqr,0.010715104755352423,0.010630331652704236,8.0
SPOC_vs_TESSCut,SPOC,21,62,SPOC,FluxAmplitude,-0.0011821219715956622,0.004489646535126697,34.0
SPOC_vs_TESSCut,SPOC,21,62,SPOC,FluxPercentAmplitude95To5,0.02118072960178221,0.006821534476926322,2.0
SPOC_vs_TESSCut,SPOC,21,62,SPOC,FluxSkewness,0.005622389306599795,0.003141297390452756,12.0
SPOC_vs_TESSCut,SPOC,21,62,SPOC,FluxKurtosis,0.0007110368513877585,0.0077221827384622915,27.0
SPOC_vs_TESSCut,SPOC,21,62,SPOC,TailAsymmetry,0.005492898913951505,0.0034848835742614377,13.0
SPOC_vs_TESSCut,SPOC,21,62,SPOC,TailRatio,0.0016541353383458302,0.010473175461757751,25.0
SPOC_vs_TESSCut,SPOC,21,62,SPOC,EtaVonNeumann,0.0036627516503677016,0.010729491305340141,17.0
SPOC_vs_TESSCut,SPOC,21,62,SPOC,MaxAbsSlope,0.020036201615148963,0.014108313814508775,4.0
SPOC_vs_TESSCut,SPOC,21,62,SPOC,MedianAbsSuccessiveDiff,0.0059633014999371904,0.01974074488026977,11.0
SPOC_vs_TESSCut,SPOC,21,62,SPOC,FractionBeyond1Std,0.0028738512949038953,0.0021529585494665573,20.0
SPOC_vs_TESSCut,SPOC,21,62,SPOC,FractionBeyond2Std,0.003429406850459449,0.0030667181415867705,18.0
SPOC_vs_TESSCut,SPOC,21,62,SPOC,LsBestPeriod,0.02080074914956235,0.020207963690901925,3.0
SPOC_vs_TESSCut,SPOC,21,62,SPOC,LsMaxPower,0.004599707329325464,0.005568430617057017,15.0
SPOC_vs_TESSCut,SPOC,21,62,SPOC,LsFalseAlarmProbability,0.0,0.0,30.0
SPOC_vs_TESSCut,SPOC,21,62,SPOC,LsPeriod2,0.0062707149136457365,0.0170556763470555,10.0
SPOC_vs_TESSCut,SPOC,21,62,SPOC,LsPeriod3,0.015819423285883528,0.020036256733434073,6.0
SPOC_vs_TESSCut,SPOC,21,62,SPOC,LsPeakPowerGap12,-0.002809501968428707,0.023647917959459898,35.0
SPOC_vs_TESSCut,SPOC,21,62,SPOC,LsPeakPowerGap23,-0.007073238652186065,0.013602754736583378,37.0
SPOC_vs_TESSCut,SPOC,21,62,SPOC,LsPowerRatio21,0.001834215167548514,0.005397632243637007,23.0
SPOC_vs_TESSCut,SPOC,21,62,SPOC,LsPowerRatio31,-0.006869952659426371,0.009026114397590945,36.0
SPOC_vs_TESSCut,SPOC,21,62,SPOC,LsPeriodRatio21,0.006977165135059837,0.0066942454587524325,9.0
SPOC_vs_TESSCut,SPOC,21,62,SPOC,LsPeriodRatio31,0.003074352548036741,0.004495516883496093,19.0
SPOC_vs_TESSCut,SPOC,21,62,SPOC,PhaseCurveStd,0.002527151211361711,0.0035053514974992326,21.0
SPOC_vs_TESSCut,SPOC,21,62,SPOC,PhasePeakPhase,-0.011111111111111094,0.011315001715940352,38.0
SPOC_vs_TESSCut,SPOC,21,62,SPOC,PhaseTroughPhase,-0.01789891395154557,0.016450436873690997,39.0
SPOC_vs_TESSCut,SPOC,21,62,SPOC,PhasePeakToTroughPhaseDelta,0.0009816207184628167,0.00200773016185717,26.0
SPOC_vs_TESSCut,SPOC,21,62,TESSCut,QualityScore,0.02224400871459698,0.011266355338891252,8.0
SPOC_vs_TESSCut,SPOC,21,62,TESSCut,OriginalFluxMedian,-0.0013071895424836555,0.0016009736880935748,37.0
SPOC_vs_TESSCut,SPOC,21,62,TESSCut,OriginalFluxStd,0.015138117625217763,0.012120962901642638,13.0
SPOC_vs_TESSCut,SPOC,21,62,TESSCut,CadenceCount,0.034731327228747284,0.00912369654492366,5.0
SPOC_vs_TESSCut,SPOC,21,62,TESSCut,TimeSpanDays,0.012068624720843534,0.010993865161582928,16.0
SPOC_vs_TESSCut,SPOC,21,62,TESSCut,MedianCadenceDays,0.04951553720903569,0.01225570615198463,2.0
SPOC_vs_TESSCut,SPOC,21,62,TESSCut,FluxStd,0.0,0.0,30.0
SPOC_vs_TESSCut,SPOC,21,62,TESSCut,FluxMedian,0.0,0.0,30.0
SPOC_vs_TESSCut,SPOC,21,62,TESSCut,FluxMad,0.013287630841810427,0.014160718663137442,15.0
SPOC_vs_TESSCut,SPOC,21,62,TESSCut,FluxP05,0.0006798586881146485,0.016130323483781014,26.0
SPOC_vs_TESSCut,SPOC,21,62,TESSCut,FluxP90,0.014012099966692327,0.016153046172162268,14.0
SPOC_vs_TESSCut,SPOC,21,62,TESSCut,FluxP95,0.0024691358024691466,0.005149995831951043,25.0
SPOC_vs_TESSCut,SPOC,21,62,TESSCut,FluxIqr,0.015232280046521541,0.009337236220923561,12.0
SPOC_vs_TESSCut,SPOC,21,62,TESSCut,FluxAmplitude,0.02088281706444764,0.0181294596632365,10.0
SPOC_vs_TESSCut,SPOC,21,62,TESSCut,FluxPercentAmplitude95To5,-0.002868937048503606,0.0030111007448290128,38.0
SPOC_vs_TESSCut,SPOC,21,62,TESSCut,FluxSkewness,-0.007153395471248924,0.007442269250169896,39.0
SPOC_vs_TESSCut,SPOC,21,62,TESSCut,FluxKurtosis,0.010403323122621388,0.015908014016416862,18.0
SPOC_vs_TESSCut,SPOC,21,62,TESSCut,TailAsymmetry,0.0063279385828405536,0.013680396437147349,21.0
SPOC_vs_TESSCut,SPOC,21,62,TESSCut,TailRatio,0.0063000638852032,0.012777787206440617,22.0
SPOC_vs_TESSCut,SPOC,21,62,TESSCut,EtaVonNeumann,0.022075122446639506,0.01466519607057201,9.0
SPOC_vs_TESSCut,SPOC,21,62,TESSCut,MaxAbsSlope,0.017682141082553927,0.009690096675924952,11.0
SPOC_vs_TESSCut,SPOC,21,62,TESSCut,MedianAbsSuccessiveDiff,0.062418628270021516,0.012091152074397416,1.0
SPOC_vs_TESSCut,SPOC,21,62,TESSCut,FractionBeyond1Std,0.004802447294707385,0.01586701404218952,23.0
SPOC_vs_TESSCut,SPOC,21,62,TESSCut,FractionBeyond2Std,0.023374858715415985,0.0076253466167619235,7.0
SPOC_vs_TESSCut,SPOC,21,62,TESSCut,LsBestPeriod,0.048239525829825144,0.017695056670402932,3.0
SPOC_vs_TESSCut,SPOC,21,62,TESSCut,LsMaxPower,0.003951409023648472,0.009257772352360742,24.0
SPOC_vs_TESSCut,SPOC,21,62,TESSCut,LsFalseAlarmProbability,0.0,0.0,30.0
SPOC_vs_TESSCut,SPOC,21,62,TESSCut,LsPeriod2,0.035674944441714346,0.023068622086549875,4.0
SPOC_vs_TESSCut,SPOC,21,62,TESSCut,LsPeriod3,0.007589889757072444,0.013721659893436919,19.0
SPOC_vs_TESSCut,SPOC,21,62,TESSCut,LsPeakPowerGap12,0.010874053325033755,0.008586843152450596,17.0
SPOC_vs_TESSCut,SPOC,21,62,TESSCut,LsPeakPowerGap23,0.0005278719675004762,0.013148909040287716,27.0
SPOC_vs_TESSCut,SPOC,21,62,TESSCut,LsPowerRatio21,-0.0001618425147836444,0.010853761528935356,32.0
SPOC_vs_TESSCut,SPOC,21,62,TESSCut,LsPowerRatio31,-0.0003557095352760664,0.015685563067423823,33.0
SPOC_vs_TESSCut,SPOC,21,62,TESSCut,LsPeriodRatio21,0.000497157927498515,0.010903075356956194,28.0
SPOC_vs_TESSCut,SPOC,21,62,TESSCut,LsPeriodRatio31,-0.0010827722902025994,0.005518561368370475,36.0
SPOC_vs_TESSCut,SPOC,21,62,TESSCut,PhaseCurveStd,0.027165435374929707,0.014117712024262897,6.0
SPOC_vs_TESSCut,SPOC,21,62,TESSCut,PhasePeakPhase,-0.0010111061968647195,0.004335987259199777,35.0
SPOC_vs_TESSCut,SPOC,21,62,TESSCut,PhaseTroughPhase,0.006689845528854826,0.01037973205421995,20.0
SPOC_vs_TESSCut,SPOC,21,62,TESSCut,PhasePeakToTroughPhaseDelta,-0.0005740112809256293,0.005417490203488906,34.0
SPOC_vs_TESSCut,SPOC,27,68,SPOC,QualityScore,0.00032679738562091387,0.0009803921568627414,11.0
SPOC_vs_TESSCut,SPOC,27,68,SPOC,OriginalFluxMedian,0.0,0.0,13.5
SPOC_vs_TESSCut,SPOC,27,68,SPOC,OriginalFluxStd,0.08797639523645723,0.02605579752724327,1.0
SPOC_vs_TESSCut,SPOC,27,68,SPOC,CadenceCount,0.0010364145658263491,0.004280605349267078,8.0
SPOC_vs_TESSCut,SPOC,27,68,SPOC,TimeSpanDays,0.0035807656395891673,0.0022947210379659416,5.0
SPOC_vs_TESSCut,SPOC,27,68,SPOC,MedianCadenceDays,0.0028478057889822495,0.002689578099128669,6.0
SPOC_vs_TESSCut,SPOC,27,68,SPOC,FluxStd,0.0,0.0,13.5
SPOC_vs_TESSCut,SPOC,27,68,SPOC,FluxMedian,0.0,0.0,13.5
SPOC_vs_TESSCut,SPOC,27,68,SPOC,FluxMad,-0.0007276906864109312,0.01566404371496933,19.0
SPOC_vs_TESSCut,SPOC,27,68,SPOC,FluxP05,-0.015379680137162,0.010178875293691212,32.0
SPOC_vs_TESSCut,SPOC,27,68,SPOC,FluxP90,-0.014381159871355876,0.00777882885862121,31.0
SPOC_vs_TESSCut,SPOC,27,68,SPOC,FluxP95,0.0011904761904761862,0.008520202600628496,7.0
SPOC_vs_TESSCut,SPOC,27,68,SPOC,FluxIqr,-0.007778542216106665,0.01293274889802502,24.0
SPOC_vs_TESSCut,SPOC,27,68,SPOC,FluxAmplitude,0.009180931631912071,0.006519700224495758,2.0
SPOC_vs_TESSCut,SPOC,27,68,SPOC,FluxPercentAmplitude95To5,-0.006517273576097082,0.012553378233548693,23.0
SPOC_vs_TESSCut,SPOC,27,68,SPOC,FluxSkewness,-0.008384932920536558,0.0086756770346612,25.0
SPOC_vs_TESSCut,SPOC,27,68,SPOC,FluxKurtosis,-0.009953314659196966,0.013739432609837583,28.0
SPOC_vs_TESSCut,SPOC,27,68,SPOC,TailAsymmetry,-0.0041705571117335635,0.009786916485583356,22.0
SPOC_vs_TESSCut,SPOC,27,68,SPOC,TailRatio,0.0005835667600373462,0.008720448021314508,9.0
SPOC_vs_TESSCut,SPOC,27,68,SPOC,EtaVonNeumann,-0.022466978994326748,0.02036766807324301,36.0
SPOC_vs_TESSCut,SPOC,27,68,SPOC,MaxAbsSlope,-0.010232771471161528,0.014075170469951472,30.0
SPOC_vs_TESSCut,SPOC,27,68,SPOC,MedianAbsSuccessiveDiff,-0.00996671963132223,0.013437396023855915,29.0
SPOC_vs_TESSCut,SPOC,27,68,SPOC,FractionBeyond1Std,-0.017360585559759945,0.012735409239935647,33.0
SPOC_vs_TESSCut,SPOC,27,68,SPOC,FractionBeyond2Std,0.005643738977072344,0.009623716617818927,3.0
SPOC_vs_TESSCut,SPOC,27,68,SPOC,LsBestPeriod,-0.026328976034858342,0.02536940001419553,38.0
SPOC_vs_TESSCut,SPOC,27,68,SPOC,LsMaxPower,0.004953833385206041,0.012391374196136333,4.0
SPOC_vs_TESSCut,SPOC,27,68,SPOC,LsFalseAlarmProbability,0.0,0.0,13.5
SPOC_vs_TESSCut,SPOC,27,68,SPOC,LsPeriod2,-0.0019021682747172198,0.008651182943151403,20.0
SPOC_vs_TESSCut,SPOC,27,68,SPOC,LsPeriod3,-0.0006318082788670298,0.007983914809772527,18.0
SPOC_vs_TESSCut,SPOC,27,68,SPOC,LsPeakPowerGap12,-0.02854445481896455,0.00727148920367294,39.0
SPOC_vs_TESSCut,SPOC,27,68,SPOC,LsPeakPowerGap23,-0.009835563855171658,0.015142633171272577,27.0
SPOC_vs_TESSCut,SPOC,27,68,SPOC,LsPowerRatio21,-0.021031746031745978,0.013891408186730918,35.0
SPOC_vs_TESSCut,SPOC,27,68,SPOC,LsPowerRatio31,-0.00031901649548702336,0.008786021596810453,17.0
SPOC_vs_TESSCut,SPOC,27,68,SPOC,LsPeriodRatio21,-0.022743541861188876,0.01965651775118584,37.0
SPOC_vs_TESSCut,SPOC,27,68,SPOC,LsPeriodRatio31,-0.018051665110488613,0.01877844394538148,34.0
SPOC_vs_TESSCut,SPOC,27,68,SPOC,PhaseCurveStd,-0.0002583255524431616,0.004840385124995615,16.0
SPOC_vs_TESSCut,SPOC,27,68,SPOC,PhasePeakPhase,-0.002020437804751518,0.00721900430873549,21.0
SPOC_vs_TESSCut,SPOC,27,68,SPOC,PhaseTroughPhase,-0.00952380952380948,0.00408984783961382,26.0
SPOC_vs_TESSCut,SPOC,27,68,SPOC,PhasePeakToTroughPhaseDelta,0.0005368814192343585,0.0019945352313290293,10.0
SPOC_vs_TESSCut,SPOC,27,68,TESSCut,QualityScore,0.001754385964912264,0.00539718173977076,12.0
SPOC_vs_TESSCut,SPOC,27,68,TESSCut,OriginalFluxMedian,-0.010539993775287897,0.006982679244080658,30.0
SPOC_vs_TESSCut,SPOC,27,68,TESSCut,OriginalFluxStd,0.009292566929305806,0.009174880947127526,3.0
SPOC_vs_TESSCut,SPOC,27,68,TESSCut,CadenceCount,0.0032476070350167473,0.009171799188373297,9.0
SPOC_vs_TESSCut,SPOC,27,68,TESSCut,TimeSpanDays,-0.003100944081336254,0.011371215689732154,21.0
SPOC_vs_TESSCut,SPOC,27,68,TESSCut,MedianCadenceDays,0.008957606434386594,0.007008507904607397,4.0
SPOC_vs_TESSCut,SPOC,27,68,TESSCut,FluxStd,0.0,0.0,14.0
SPOC_vs_TESSCut,SPOC,27,68,TESSCut,FluxMedian,0.0,0.0,14.0
SPOC_vs_TESSCut,SPOC,27,68,TESSCut,FluxMad,0.008078420452001422,0.011700994335537005,5.0
SPOC_vs_TESSCut,SPOC,27,68,TESSCut,FluxP05,0.0038399921372057277,0.0075624220179575105,8.0
SPOC_vs_TESSCut,SPOC,27,68,TESSCut,FluxP90,-0.003954985502973146,0.015085796283842287,24.0
SPOC_vs_TESSCut,SPOC,27,68,TESSCut,FluxP95,-0.00291938997821356,0.006008270957792517,19.0
SPOC_vs_TESSCut,SPOC,27,68,TESSCut,FluxIqr,-0.014542811276557438,0.012553427898107275,34.0
SPOC_vs_TESSCut,SPOC,27,68,TESSCut,FluxAmplitude,-0.020589791472144448,0.005447277167905931,38.0
SPOC_vs_TESSCut,SPOC,27,68,TESSCut,FluxPercentAmplitude95To5,-0.019163049235288648,0.0049455778936152855,37.0
SPOC_vs_TESSCut,SPOC,27,68,TESSCut,FluxSkewness,-0.0011702458761282618,0.006851213340246493,16.0
SPOC_vs_TESSCut,SPOC,27,68,TESSCut,FluxKurtosis,-0.01876750700280113,0.009629963034692783,35.0
SPOC_vs_TESSCut,SPOC,27,68,TESSCut,TailAsymmetry,-0.0030678821236097054,0.003955185421590751,20.0
SPOC_vs_TESSCut,SPOC,27,68,TESSCut,TailRatio,-0.0012469081199731557,0.0070464648859802255,17.0
SPOC_vs_TESSCut,SPOC,27,68,TESSCut,EtaVonNeumann,-0.013248262267870136,0.015719996963813012,33.0
SPOC_vs_TESSCut,SPOC,27,68,TESSCut,MaxAbsSlope,-0.00740964611965646,0.00913665114699294,26.0
SPOC_vs_TESSCut,SPOC,27,68,TESSCut,MedianAbsSuccessiveDiff,0.031603109079889245,0.009907912317378,1.0
SPOC_vs_TESSCut,SPOC,27,68,TESSCut,FractionBeyond1Std,-0.019014420583048024,0.007484745809828018,36.0
SPOC_vs_TESSCut,SPOC,27,68,TESSCut,FractionBeyond2Std,0.0031328320802004707,0.007168945335580917,10.0
SPOC_vs_TESSCut,SPOC,27,68,TESSCut,LsBestPeriod,0.0020539911871180704,0.008851815843172746,11.0
SPOC_vs_TESSCut,SPOC,27,68,TESSCut,LsMaxPower,0.004323362873414449,0.0114563631656709,7.0
SPOC_vs_TESSCut,SPOC,27,68,TESSCut,LsFalseAlarmProbability,0.0,0.0,14.0
SPOC_vs_TESSCut,SPOC,27,68,TESSCut,LsPeriod2,0.005181909020918285,0.012387121962006647,6.0
SPOC_vs_TESSCut,SPOC,27,68,TESSCut,LsPeriod3,0.009311677887529285,0.007454394980026221,2.0
SPOC_vs_TESSCut,SPOC,27,68,TESSCut,LsPeakPowerGap12,-0.00797956219524847,0.01184161886249689,28.0
SPOC_vs_TESSCut,SPOC,27,68,TESSCut,LsPeakPowerGap23,-0.012603513140148865,0.010542499470259627,32.0
SPOC_vs_TESSCut,SPOC,27,68,TESSCut,LsPowerRatio21,-0.0043697478991596705,0.01106927835712398,25.0
SPOC_vs_TESSCut,SPOC,27,68,TESSCut,LsPowerRatio31,-0.007889822595704976,0.004713015604525183,27.0
SPOC_vs_TESSCut,SPOC,27,68,TESSCut,LsPeriodRatio21,-0.010687830687830668,0.005747365825711216,31.0
SPOC_vs_TESSCut,SPOC,27,68,TESSCut,LsPeriodRatio31,-0.00212418300653599,0.003760199184213153,18.0
SPOC_vs_TESSCut,SPOC,27,68,TESSCut,PhaseCurveStd,-0.009861500155617802,0.005881982616785395,29.0
SPOC_vs_TESSCut,SPOC,27,68,TESSCut,PhasePeakPhase,-0.026669533310400236,0.012492473737610213,39.0
SPOC_vs_TESSCut,SPOC,27,68,TESSCut,PhaseTroughPhase,-0.0035154334638339,0.008748032855168453,22.0
SPOC_vs_TESSCut,SPOC,27,68,TESSCut,PhasePeakToTroughPhaseDelta,-0.0038536155202821996,0.004769908030533438,23.0
SPOC_vs_TESSCut,SPOC,32,73,SPOC,QualityScore,0.0,0.0,16.5
SPOC_vs_TESSCut,SPOC,32,73,SPOC,OriginalFluxMedian,0.0,0.0,16.5
SPOC_vs_TESSCut,SPOC,32,73,SPOC,OriginalFluxStd,0.08879789342637641,0.02328709220923765,1.0
SPOC_vs_TESSCut,SPOC,32,73,SPOC,CadenceCount,0.004649122807017503,0.004147263885981181,8.0
SPOC_vs_TESSCut,SPOC,32,73,SPOC,TimeSpanDays,-0.001984126984126977,0.003199308630277191,27.5
SPOC_vs_TESSCut,SPOC,32,73,SPOC,MedianCadenceDays,0.001984126984126977,0.0026619856874997403,10.0
SPOC_vs_TESSCut,SPOC,32,73,SPOC,FluxStd,0.0,0.0,16.5
SPOC_vs_TESSCut,SPOC,32,73,SPOC,FluxMedian,0.0,0.0,16.5
SPOC_vs_TESSCut,SPOC,32,73,SPOC,FluxMad,-0.0011881555741204864,0.007087777811234961,25.0
SPOC_vs_TESSCut,SPOC,32,73,SPOC,FluxP05,-0.010301216002970426,0.004304082757914187,37.0
SPOC_vs_TESSCut,SPOC,32,73,SPOC,FluxP90,-0.012802840434419437,0.014922003644697968,38.0
SPOC_vs_TESSCut,SPOC,32,73,SPOC,FluxP95,-0.006857421331105551,0.012678171962861277,34.0
SPOC_vs_TESSCut,SPOC,32,73,SPOC,FluxIqr,-0.0004302422723475585,0.004418191269701641,23.0
SPOC_vs_TESSCut,SPOC,32,73,SPOC,FluxAmplitude,0.0017335004177109203,0.0037872011009358188,11.0
SPOC_vs_TESSCut,SPOC,32,73,SPOC,FluxPercentAmplitude95To5,-0.002965747702589805,0.00445190515815137,30.0
SPOC_vs_TESSCut,SPOC,32,73,SPOC,FluxSkewness,0.00043859649122802714,0.0066699491817272544,13.0
SPOC_vs_TESSCut,SPOC,32,73,SPOC,FluxKurtosis,0.0011278195488721554,0.0036441539425964096,12.0
SPOC_vs_TESSCut,SPOC,32,73,SPOC,TailAsymmetry,-0.005263157894736891,0.00217610965373953,33.0
SPOC_vs_TESSCut,SPOC,32,73,SPOC,TailRatio,-0.013673071567808425,0.007966651276068234,39.0
SPOC_vs_TESSCut,SPOC,32,73,SPOC,EtaVonNeumann,-0.00016298917227708376,0.00791519026827007,20.0
SPOC_vs_TESSCut,SPOC,32,73,SPOC,MaxAbsSlope,0.007456140350877149,0.004115088857535303,7.0
SPOC_vs_TESSCut,SPOC,32,73,SPOC,MedianAbsSuccessiveDiff,0.022560486182777194,0.01159133397832794,3.0
SPOC_vs_TESSCut,SPOC,32,73,SPOC,FractionBeyond1Std,-0.007936507936507908,0.0,35.0
SPOC_vs_TESSCut,SPOC,32,73,SPOC,FractionBeyond2Std,-0.004949874686716782,0.0020077301618571975,32.0
SPOC_vs_TESSCut,SPOC,32,73,SPOC,LsBestPeriod,0.021381694978186205,0.00786663135346793,4.0
SPOC_vs_TESSCut,SPOC,32,73,SPOC,LsMaxPower,0.009497873223363451,0.012145744361096342,6.0
SPOC_vs_TESSCut,SPOC,32,73,SPOC,LsFalseAlarmProbability,0.0,0.0,16.5
SPOC_vs_TESSCut,SPOC,32,73,SPOC,LsPeriod2,0.013412698412698399,0.009561982580822647,5.0
SPOC_vs_TESSCut,SPOC,32,73,SPOC,LsPeriod3,0.026596119929453255,0.00565752834818942,2.0
SPOC_vs_TESSCut,SPOC,32,73,SPOC,LsPeakPowerGap12,-0.00042794895736069093,0.006380511777549133,22.0
SPOC_vs_TESSCut,SPOC,32,73,SPOC,LsPeakPowerGap23,-0.0016105077508586473,0.0033685279190030764,26.0
SPOC_vs_TESSCut,SPOC,32,73,SPOC,LsPowerRatio21,-0.0031746031746031633,0.0029695693545824823,31.0
SPOC_vs_TESSCut,SPOC,32,73,SPOC,LsPowerRatio31,0.0,0.003073796306513812,16.5
SPOC_vs_TESSCut,SPOC,32,73,SPOC,LsPeriodRatio21,-0.008312447786131983,0.010356564231160567,36.0
SPOC_vs_TESSCut,SPOC,32,73,SPOC,LsPeriodRatio31,-0.0023809523809523725,0.002632241897107451,29.0
SPOC_vs_TESSCut,SPOC,32,73,SPOC,PhaseCurveStd,-0.000670794633642946,0.005171343118096346,24.0
SPOC_vs_TESSCut,SPOC,32,73,SPOC,PhasePeakPhase,-0.0003968253968253954,0.0011904761904761862,21.0
SPOC_vs_TESSCut,SPOC,32,73,SPOC,PhaseTroughPhase,-0.001984126984126977,0.0026619856874997403,27.5
SPOC_vs_TESSCut,SPOC,32,73,SPOC,PhasePeakToTroughPhaseDelta,0.0031746031746031633,0.0015873015873015817,9.0
SPOC_vs_TESSCut,SPOC,32,73,TESSCut,QualityScore,0.0,0.0,33.5
SPOC_vs_TESSCut,SPOC,32,73,TESSCut,OriginalFluxMedian,-0.0030089111668059,0.004332487717904447,38.0
SPOC_vs_TESSCut,SPOC,32,73,TESSCut,OriginalFluxStd,0.017293314986813448,0.011468741446666732,7.0
SPOC_vs_TESSCut,SPOC,32,73,TESSCut,CadenceCount,0.015454950011193559,0.008393832149157366,10.0
SPOC_vs_TESSCut,SPOC,32,73,TESSCut,TimeSpanDays,0.013403361344537828,0.008964047547698233,13.0
SPOC_vs_TESSCut,SPOC,32,73,TESSCut,MedianCadenceDays,0.031014955689878287,0.008874481655267386,3.0
SPOC_vs_TESSCut,SPOC,32,73,TESSCut,FluxStd,0.0,0.0,33.5
SPOC_vs_TESSCut,SPOC,32,73,TESSCut,FluxMedian,0.0,0.0,33.5
SPOC_vs_TESSCut,SPOC,32,73,TESSCut,FluxMad,0.0136253214736187,0.010822288973245029,12.0
SPOC_vs_TESSCut,SPOC,32,73,TESSCut,FluxP05,0.022172424525365702,0.005993879010648763,5.0
SPOC_vs_TESSCut,SPOC,32,73,TESSCut,FluxP90,0.011065981948334918,0.00698345860697004,16.0
SPOC_vs_TESSCut,SPOC,32,73,TESSCut,FluxP95,0.005685045948203854,0.01276570183191964,27.0
SPOC_vs_TESSCut,SPOC,32,73,TESSCut,FluxIqr,0.007786541517191698,0.007133678026770453,24.0
SPOC_vs_TESSCut,SPOC,32,73,TESSCut,FluxAmplitude,0.010899552803577572,0.015329610012834416,17.0
SPOC_vs_TESSCut,SPOC,32,73,TESSCut,FluxPercentAmplitude95To5,0.012698412698412698,0.01224956286009546,15.0
SPOC_vs_TESSCut,SPOC,32,73,TESSCut,FluxSkewness,0.009259259259259278,0.009545829922046922,22.0
SPOC_vs_TESSCut,SPOC,32,73,TESSCut,FluxKurtosis,0.008352089373761218,0.012635052242956604,23.0
SPOC_vs_TESSCut,SPOC,32,73,TESSCut,TailAsymmetry,0.0058966861598440945,0.011036856706213056,26.0
SPOC_vs_TESSCut,SPOC,32,73,TESSCut,TailRatio,0.021518829754123874,0.012354490983947022,6.0
SPOC_vs_TESSCut,SPOC,32,73,TESSCut,EtaVonNeumann,0.024162148290115253,0.007482461782381533,4.0
SPOC_vs_TESSCut,SPOC,32,73,TESSCut,MaxAbsSlope,0.03833341523744,0.010247044959795656,2.0
SPOC_vs_TESSCut,SPOC,32,73,TESSCut,MedianAbsSuccessiveDiff,0.051787011100736614,0.00762937948211008,1.0
SPOC_vs_TESSCut,SPOC,32,73,TESSCut,FractionBeyond1Std,0.013916326764623992,0.009314815145774138,11.0
SPOC_vs_TESSCut,SPOC,32,73,TESSCut,FractionBeyond2Std,0.010764083411142262,0.010435261660856067,18.0
SPOC_vs_TESSCut,SPOC,32,73,TESSCut,LsBestPeriod,0.016834733893557434,0.006476048647647337,9.0
SPOC_vs_TESSCut,SPOC,32,73,TESSCut,LsMaxPower,-0.00030771372876631784,0.008011692639662452,36.0
SPOC_vs_TESSCut,SPOC,32,73,TESSCut,LsFalseAlarmProbability,0.0,0.0,33.5
SPOC_vs_TESSCut,SPOC,32,73,TESSCut,LsPeriod2,0.010449216723726529,0.011609585285755576,19.0
SPOC_vs_TESSCut,SPOC,32,73,TESSCut,LsPeriod3,0.013253968253968273,0.007435180361059406,14.0
SPOC_vs_TESSCut,SPOC,32,73,TESSCut,LsPeakPowerGap12,-0.006059102003374417,0.005323648093269065,39.0
SPOC_vs_TESSCut,SPOC,32,73,TESSCut,LsPeakPowerGap23,0.006042120551924485,0.009855260904755886,25.0
SPOC_vs_TESSCut,SPOC,32,73,TESSCut,LsPowerRatio21,0.002460317460317474,0.007822863601479562,30.0
SPOC_vs_TESSCut,SPOC,32,73,TESSCut,LsPowerRatio31,0.009761904761904782,0.009314611572476648,21.0
SPOC_vs_TESSCut,SPOC,32,73,TESSCut,LsPeriodRatio21,-0.0006878306878306539,0.01167155472352947,37.0
SPOC_vs_TESSCut,SPOC,32,73,TESSCut,LsPeriodRatio31,0.017163087457205118,0.007807053584711113,8.0
SPOC_vs_TESSCut,SPOC,32,73,TESSCut,PhaseCurveStd,9.46811473127529e-05,0.014006924475739759,31.0
SPOC_vs_TESSCut,SPOC,32,73,TESSCut,PhasePeakPhase,0.009766573295985098,0.008974086726495144,20.0
SPOC_vs_TESSCut,SPOC,32,73,TESSCut,PhaseTroughPhase,0.004831932773109282,0.01053633946647155,28.0
SPOC_vs_TESSCut,SPOC,32,73,TESSCut,PhasePeakToTroughPhaseDelta,0.00316837846249613,0.003020735164043525,29.0
SPOC_vs_TESSCut,SPOC,37,78,SPOC,QualityScore,0.0,0.0,25.0
SPOC_vs_TESSCut,SPOC,37,78,SPOC,OriginalFluxMedian,0.0,0.0,25.0
SPOC_vs_TESSCut,SPOC,37,78,SPOC,OriginalFluxStd,0.09944463555402668,0.028039069038984735,1.0
SPOC_vs_TESSCut,SPOC,37,78,SPOC,CadenceCount,0.025356364768129504,0.008674450119627865,6.0
SPOC_vs_TESSCut,SPOC,37,78,SPOC,TimeSpanDays,0.001377217553688137,0.004941472964773634,17.0
SPOC_vs_TESSCut,SPOC,37,78,SPOC,MedianCadenceDays,0.018168378462496148,0.008181653149315292,7.0
SPOC_vs_TESSCut,SPOC,37,78,SPOC,FluxStd,0.0,0.0,25.0
SPOC_vs_TESSCut,SPOC,37,78,SPOC,FluxMedian,0.0,0.0,25.0
SPOC_vs_TESSCut,SPOC,37,78,SPOC,FluxMad,0.006921879863056368,0.01039445335812256,12.0
SPOC_vs_TESSCut,SPOC,37,78,SPOC,FluxP05,0.0092592592592593,0.0092592592592593,10.0
SPOC_vs_TESSCut,SPOC,37,78,SPOC,FluxP90,-0.0013071895424836555,0.0016009736880935748,32.0
SPOC_vs_TESSCut,SPOC,37,78,SPOC,FluxP95,0.0,0.0,25.0
SPOC_vs_TESSCut,SPOC,37,78,SPOC,FluxIqr,0.013299097416744532,0.011859959757436476,8.0
SPOC_vs_TESSCut,SPOC,37,78,SPOC,FluxAmplitude,-0.003501400560224077,0.0011856606068347572,33.0
SPOC_vs_TESSCut,SPOC,37,78,SPOC,FluxPercentAmplitude95To5,0.0007625272331155397,0.013882372771930626,20.0
SPOC_vs_TESSCut,SPOC,37,78,SPOC,FluxSkewness,-0.006349206349206282,0.012794499777083282,36.0
SPOC_vs_TESSCut,SPOC,37,78,SPOC,FluxKurtosis,-0.006087768440709596,0.0034556740285043115,35.0
SPOC_vs_TESSCut,SPOC,37,78,SPOC,TailAsymmetry,0.0009617180205415465,0.0014692463458155643,19.0
SPOC_vs_TESSCut,SPOC,37,78,SPOC,TailRatio,0.00032679738562091387,0.0009803921568627414,21.0
SPOC_vs_TESSCut,SPOC,37,78,SPOC,EtaVonNeumann,0.0037566137566137914,0.006612336494611725,14.0
SPOC_vs_TESSCut,SPOC,37,78,SPOC,MaxAbsSlope,0.02874744049666659,0.010893806412135306,5.0
SPOC_vs_TESSCut,SPOC,37,78,SPOC,MedianAbsSuccessiveDiff,0.0026517273576097456,0.008826743280963343,16.0
SPOC_vs_TESSCut,SPOC,37,78,SPOC,FractionBeyond1Std,0.010151768309663056,0.011024779346839306,9.0
SPOC_vs_TESSCut,SPOC,37,78,SPOC,FractionBeyond2Std,-0.0046031746031745865,0.0012698412698412653,34.0
SPOC_vs_TESSCut,SPOC,37,78,SPOC,LsBestPeriod,0.0709679427326486,0.03302513822199773,2.0
SPOC_vs_TESSCut,SPOC,37,78,SPOC,LsMaxPower,0.007908742444346206,0.013423523142842826,11.0
SPOC_vs_TESSCut,SPOC,37,78,SPOC,LsFalseAlarmProbability,0.0,0.0,25.0
SPOC_vs_TESSCut,SPOC,37,78,SPOC,LsPeriod2,0.06224556489262373,0.03231017561481754,4.0
SPOC_vs_TESSCut,SPOC,37,78,SPOC,LsPeriod3,0.06549175225645813,0.030125065041676148,3.0
SPOC_vs_TESSCut,SPOC,37,78,SPOC,LsPeakPowerGap12,-0.013722377840024835,0.012803628702400933,39.0
SPOC_vs_TESSCut,SPOC,37,78,SPOC,LsPeakPowerGap23,-0.0003968253968253954,0.0031543713248053692,29.0
SPOC_vs_TESSCut,SPOC,37,78,SPOC,LsPowerRatio21,-0.010634920634920553,0.00882250342734161,38.0
SPOC_vs_TESSCut,SPOC,37,78,SPOC,LsPowerRatio31,0.004411764705882337,0.0038222865474568453,13.0
SPOC_vs_TESSCut,SPOC,37,78,SPOC,LsPeriodRatio21,0.0037037037037037203,0.0074074074074074415,15.0
SPOC_vs_TESSCut,SPOC,37,78,SPOC,LsPeriodRatio31,0.0011982570806100545,0.009564369407080976,18.0
SPOC_vs_TESSCut,SPOC,37,78,SPOC,PhaseCurveStd,-0.00679271708683471,0.0014444190947156795,37.0
SPOC_vs_TESSCut,SPOC,37,78,SPOC,PhasePeakPhase,0.0,0.0,25.0
SPOC_vs_TESSCut,SPOC,37,78,SPOC,PhaseTroughPhase,-0.0010317460317460282,0.0015892844757540248,31.0
SPOC_vs_TESSCut,SPOC,37,78,SPOC,PhasePeakToTroughPhaseDelta,-0.0009803921568627416,0.0014975737565215109,30.0
SPOC_vs_TESSCut,SPOC,37,78,TESSCut,QualityScore,0.00042328042328042547,0.002726793381317471,25.0
SPOC_vs_TESSCut,SPOC,37,78,TESSCut,OriginalFluxMedian,0.0,0.0,28.5
SPOC_vs_TESSCut,SPOC,37,78,TESSCut,OriginalFluxStd,0.002461791734237534,0.009062460735421198,18.0
SPOC_vs_TESSCut,SPOC,37,78,TESSCut,CadenceCount,0.010346290563008842,0.0036426911947270864,5.0
SPOC_vs_TESSCut,SPOC,37,78,TESSCut,TimeSpanDays,0.0029055481841859633,0.005196129300208387,16.0
SPOC_vs_TESSCut,SPOC,37,78,TESSCut,MedianCadenceDays,0.01943559880092389,0.0046498401048539785,1.0
SPOC_vs_TESSCut,SPOC,37,78,TESSCut,FluxStd,0.0,0.0,28.5
SPOC_vs_TESSCut,SPOC,37,78,TESSCut,FluxMedian,0.0,0.0,28.5
SPOC_vs_TESSCut,SPOC,37,78,TESSCut,FluxMad,0.002092731829573924,0.003784948363743951,19.0
SPOC_vs_TESSCut,SPOC,37,78,TESSCut,FluxP05,0.016098252166363625,0.00926701710625625,2.0
SPOC_vs_TESSCut,SPOC,37,78,TESSCut,FluxP90,0.0051820728291316846,0.0021399003989478666,10.0
SPOC_vs_TESSCut,SPOC,37,78,TESSCut,FluxP95,0.0012138188608777356,0.002509309925373789,22.0
SPOC_vs_TESSCut,SPOC,37,78,TESSCut,FluxIqr,0.003015873015872994,0.002153120629563581,14.0
SPOC_vs_TESSCut,SPOC,37,78,TESSCut,FluxAmplitude,0.004758710501744539,0.0060166097315786735,12.0
SPOC_vs_TESSCut,SPOC,37,78,TESSCut,FluxPercentAmplitude95To5,0.00836625878421544,0.004320139899534162,6.0
SPOC_vs_TESSCut,SPOC,37,78,TESSCut,FluxSkewness,0.001750700280112083,0.0035188640129975163,21.0
SPOC_vs_TESSCut,SPOC,37,78,TESSCut,FluxKurtosis,-0.000606909430438829,0.0026639295271124516,31.0
SPOC_vs_TESSCut,SPOC,37,78,TESSCut,TailAsymmetry,0.0029365079365079707,0.003964670394503784,15.0
SPOC_vs_TESSCut,SPOC,37,78,TESSCut,TailRatio,3.702065621571382e-05,0.007946407466578851,26.0
SPOC_vs_TESSCut,SPOC,37,78,TESSCut,EtaVonNeumann,0.015496011270005073,0.007433215267325049,3.0
SPOC_vs_TESSCut,SPOC,37,78,TESSCut,MaxAbsSlope,0.005863924517175318,0.0028540839841155793,8.0
SPOC_vs_TESSCut,SPOC,37,78,TESSCut,MedianAbsSuccessiveDiff,0.01107900470129572,0.012289743595453295,4.0
SPOC_vs_TESSCut,SPOC,37,78,TESSCut,FractionBeyond1Std,0.0051820728291316785,0.0023197494395527326,11.0
SPOC_vs_TESSCut,SPOC,37,78,TESSCut,FractionBeyond2Std,-0.0010550887021474997,0.0042456563731394815,32.0
SPOC_vs_TESSCut,SPOC,37,78,TESSCut,LsBestPeriod,-0.0020735662686126866,0.005400967388599799,36.0
SPOC_vs_TESSCut,SPOC,37,78,TESSCut,LsMaxPower,0.0061904761904762184,0.003401321051067056,7.0
SPOC_vs_TESSCut,SPOC,37,78,TESSCut,LsFalseAlarmProbability,0.0,0.0,28.5
SPOC_vs_TESSCut,SPOC,37,78,TESSCut,LsPeriod2,-0.0019113142332956635,0.01003710133557363,34.0
SPOC_vs_TESSCut,SPOC,37,78,TESSCut,LsPeriod3,-0.00246818025455795,0.008118882857379365,37.0
SPOC_vs_TESSCut,SPOC,37,78,TESSCut,LsPeakPowerGap12,-0.01311858076563958,0.008435059120961206,38.0
SPOC_vs_TESSCut,SPOC,37,78,TESSCut,LsPeakPowerGap23,0.0018207282913165423,0.0019607843137255275,20.0
SPOC_vs_TESSCut,SPOC,37,78,TESSCut,LsPowerRatio21,-0.013409586056644874,0.006467309562759743,39.0
SPOC_vs_TESSCut,SPOC,37,78,TESSCut,LsPowerRatio31,-0.0019903516962340496,0.005006645544553784,35.0
SPOC_vs_TESSCut,SPOC,37,78,TESSCut,LsPeriodRatio21,0.0011297852474323022,0.003109734345531336,23.0
SPOC_vs_TESSCut,SPOC,37,78,TESSCut,LsPeriodRatio31,-0.0013663243075007659,0.003954197840429644,33.0
SPOC_vs_TESSCut,SPOC,37,78,TESSCut,PhaseCurveStd,0.005695611577964543,0.0025171149517663085,9.0
SPOC_vs_TESSCut,SPOC,37,78,TESSCut,PhasePeakPhase,0.002578832702671718,0.003298252000294044,17.0
SPOC_vs_TESSCut,SPOC,37,78,TESSCut,PhaseTroughPhase,0.000703883892738405,0.005522094412619061,24.0
SPOC_vs_TESSCut,SPOC,37,78,TESSCut,PhasePeakToTroughPhaseDelta,0.004248366013071931,0.002092524260598974,13.0
SPOC_vs_TESSCut,SPOC,42,83,SPOC,QualityScore,0.0,0.0,25.0
SPOC_vs_TESSCut,SPOC,42,83,SPOC,OriginalFluxMedian,0.0,0.0,25.0
SPOC_vs_TESSCut,SPOC,42,83,SPOC,OriginalFluxStd,0.023467410355955225,0.0336869977289522,1.0
SPOC_vs_TESSCut,SPOC,42,83,SPOC,CadenceCount,0.003968253968253954,0.001774657124999827,8.0
SPOC_vs_TESSCut,SPOC,42,83,SPOC,TimeSpanDays,0.0,0.0,25.0
SPOC_vs_TESSCut,SPOC,42,83,SPOC,MedianCadenceDays,0.002777777777777768,0.0018184824186332634,11.0
SPOC_vs_TESSCut,SPOC,42,83,SPOC,FluxStd,0.0,0.0,25.0
SPOC_vs_TESSCut,SPOC,42,83,SPOC,FluxMedian,0.0,0.0,25.0
SPOC_vs_TESSCut,SPOC,42,83,SPOC,FluxMad,0.012639933166248962,0.003952313761357807,3.0
SPOC_vs_TESSCut,SPOC,42,83,SPOC,FluxP05,0.0,0.0,25.0
SPOC_vs_TESSCut,SPOC,42,83,SPOC,FluxP90,0.0,0.0,25.0
SPOC_vs_TESSCut,SPOC,42,83,SPOC,FluxP95,0.0,0.0,25.0
SPOC_vs_TESSCut,SPOC,42,83,SPOC,FluxIqr,0.0159093812963782,0.004275599377810254,2.0
SPOC_vs_TESSCut,SPOC,42,83,SPOC,FluxAmplitude,-0.00041771094402672795,0.008154997194748858,35.0
SPOC_vs_TESSCut,SPOC,42,83,SPOC,FluxPercentAmplitude95To5,0.0,0.0,25.0
SPOC_vs_TESSCut,SPOC,42,83,SPOC,FluxSkewness,0.0007936507936507908,0.0015873015873015817,13.0
SPOC_vs_TESSCut,SPOC,42,83,SPOC,FluxKurtosis,0.00977443609022558,0.0050323334836577934,4.0
SPOC_vs_TESSCut,SPOC,42,83,SPOC,TailAsymmetry,0.0,0.0,25.0
SPOC_vs_TESSCut,SPOC,42,83,SPOC,TailRatio,0.0,0.0,25.0
SPOC_vs_TESSCut,SPOC,42,83,SPOC,EtaVonNeumann,0.002614379084967311,0.003582624657880411,12.0
SPOC_vs_TESSCut,SPOC,42,83,SPOC,MaxAbsSlope,0.0035714285714285587,0.0054554472558997905,10.0
SPOC_vs_TESSCut,SPOC,42,83,SPOC,MedianAbsSuccessiveDiff,0.005608383704358955,0.006584125707857089,7.0
SPOC_vs_TESSCut,SPOC,42,83,SPOC,FractionBeyond1Std,0.005847953216374324,0.0,6.0
SPOC_vs_TESSCut,SPOC,42,83,SPOC,FractionBeyond2Std,0.0,0.0,25.0
SPOC_vs_TESSCut,SPOC,42,83,SPOC,LsBestPeriod,-0.01559446000622472,0.014096091208081526,38.0
SPOC_vs_TESSCut,SPOC,42,83,SPOC,LsMaxPower,0.009670008354218851,0.010402756800204293,5.0
SPOC_vs_TESSCut,SPOC,42,83,SPOC,LsFalseAlarmProbability,0.0,0.0,25.0
SPOC_vs_TESSCut,SPOC,42,83,SPOC,LsPeriod2,-0.016262060379707434,0.012199292361803298,39.0
SPOC_vs_TESSCut,SPOC,42,83,SPOC,LsPeriod3,-0.0031948334889511433,0.016962391959763953,36.0
SPOC_vs_TESSCut,SPOC,42,83,SPOC,LsPeakPowerGap12,0.0006302521008403339,0.0017469614605105128,14.0
SPOC_vs_TESSCut,SPOC,42,83,SPOC,LsPeakPowerGap23,0.0038048552754434972,0.003587564167544389,9.0
SPOC_vs_TESSCut,SPOC,42,83,SPOC,LsPowerRatio21,0.0,0.0,25.0
SPOC_vs_TESSCut,SPOC,42,83,SPOC,LsPowerRatio31,0.00032679738562091387,0.0009803921568627414,15.0
SPOC_vs_TESSCut,SPOC,42,83,SPOC,LsPeriodRatio21,0.0,0.0,25.0
SPOC_vs_TESSCut,SPOC,42,83,SPOC,LsPeriodRatio31,0.0,0.0,25.0
SPOC_vs_TESSCut,SPOC,42,83,SPOC,PhaseCurveStd,-0.003571428571428581,0.0027777777777778026,37.0
SPOC_vs_TESSCut,SPOC,42,83,SPOC,PhasePeakPhase,0.0,0.0,25.0
SPOC_vs_TESSCut,SPOC,42,83,SPOC,PhaseTroughPhase,0.0,0.0,25.0
SPOC_vs_TESSCut,SPOC,42,83,SPOC,PhasePeakToTroughPhaseDelta,0.0,0.0,25.0
SPOC_vs_TESSCut,SPOC,42,83,TESSCut,QualityScore,0.001904761904761898,0.0015552315827194725,11.0
SPOC_vs_TESSCut,SPOC,42,83,TESSCut,OriginalFluxMedian,-0.0014814814814814725,0.002962962962962945,24.0
SPOC_vs_TESSCut,SPOC,42,83,TESSCut,OriginalFluxStd,0.01917055711173355,0.010710827434822535,2.0
SPOC_vs_TESSCut,SPOC,42,83,TESSCut,CadenceCount,-0.00163562501023804,0.00634400050437361,25.0
SPOC_vs_TESSCut,SPOC,42,83,TESSCut,TimeSpanDays,-0.0010764383726200367,0.008238552448843573,23.0
SPOC_vs_TESSCut,SPOC,42,83,TESSCut,MedianCadenceDays,0.001164021164021145,0.00775109702255427,18.0
SPOC_vs_TESSCut,SPOC,42,83,TESSCut,FluxStd,0.0,0.0,21.0
SPOC_vs_TESSCut,SPOC,42,83,TESSCut,FluxMedian,0.0,0.0,21.0
SPOC_vs_TESSCut,SPOC,42,83,TESSCut,FluxMad,0.0028876111848247844,0.007619493273038513,9.0
SPOC_vs_TESSCut,SPOC,42,83,TESSCut,FluxP05,-0.007015769270671268,0.010958614614386386,34.0
SPOC_vs_TESSCut,SPOC,42,83,TESSCut,FluxP90,0.005788982259570486,0.007257174118920255,4.0
SPOC_vs_TESSCut,SPOC,42,83,TESSCut,FluxP95,-0.005851229380641171,0.008735549597074536,32.0
SPOC_vs_TESSCut,SPOC,42,83,TESSCut,FluxIqr,0.0021770930594459947,0.004578382866358885,10.0
SPOC_vs_TESSCut,SPOC,42,83,TESSCut,FluxAmplitude,0.004485232689567037,0.010067894915382992,7.0
SPOC_vs_TESSCut,SPOC,42,83,TESSCut,FluxPercentAmplitude95To5,-0.011933810561261554,0.008188194206148977,39.0
SPOC_vs_TESSCut,SPOC,42,83,TESSCut,FluxSkewness,-0.010098039215686288,0.004856594274904827,37.0
SPOC_vs_TESSCut,SPOC,42,83,TESSCut,FluxKurtosis,-0.0025614690320573006,0.007001276591669607,27.0
SPOC_vs_TESSCut,SPOC,42,83,TESSCut,TailAsymmetry,-0.005078327627347251,0.007393015125267166,30.0
SPOC_vs_TESSCut,SPOC,42,83,TESSCut,TailRatio,-0.0032166199813258634,0.006736206969097599,28.0
SPOC_vs_TESSCut,SPOC,42,83,TESSCut,EtaVonNeumann,0.015244319950202267,0.00755577301734363,3.0
SPOC_vs_TESSCut,SPOC,42,83,TESSCut,MaxAbsSlope,0.004715219421101752,0.011415965452113784,5.0
SPOC_vs_TESSCut,SPOC,42,83,TESSCut,MedianAbsSuccessiveDiff,0.019173150741778156,0.011721488948152385,1.0
SPOC_vs_TESSCut,SPOC,42,83,TESSCut,FractionBeyond1Std,-0.005185185185185154,0.003394500514782083,31.0
SPOC_vs_TESSCut,SPOC,42,83,TESSCut,FractionBeyond2Std,0.0016588857765328369,0.005400889314505831,14.0
SPOC_vs_TESSCut,SPOC,42,83,TESSCut,LsBestPeriod,-0.002340491752256468,0.0072283127567008,26.0
SPOC_vs_TESSCut,SPOC,42,83,TESSCut,LsMaxPower,0.003888888888888864,0.006511430644561986,8.0
SPOC_vs_TESSCut,SPOC,42,83,TESSCut,LsFalseAlarmProbability,0.0,0.0,21.0
SPOC_vs_TESSCut,SPOC,42,83,TESSCut,LsPeriod2,0.0012662101877788101,0.00601153021968678,17.0
SPOC_vs_TESSCut,SPOC,42,83,TESSCut,LsPeriod3,0.0016070131756406036,0.007389086144927957,15.0
SPOC_vs_TESSCut,SPOC,42,83,TESSCut,LsPeakPowerGap12,0.0017833800186741189,0.00663499710751215,12.0
SPOC_vs_TESSCut,SPOC,42,83,TESSCut,LsPeakPowerGap23,0.0015343915343915381,0.005758208618164122,16.0
SPOC_vs_TESSCut,SPOC,42,83,TESSCut,LsPowerRatio21,-0.006968565203859328,0.005811564707080013,33.0
SPOC_vs_TESSCut,SPOC,42,83,TESSCut,LsPowerRatio31,-0.008020022823944406,0.010783741701992556,36.0
SPOC_vs_TESSCut,SPOC,42,83,TESSCut,LsPeriodRatio21,0.0017460317460317343,0.007444352311941374,13.0
SPOC_vs_TESSCut,SPOC,42,83,TESSCut,LsPeriodRatio31,0.00470899470899469,0.005185185185185154,6.0
SPOC_vs_TESSCut,SPOC,42,83,TESSCut,PhaseCurveStd,-0.007407407407407363,0.0,35.0
SPOC_vs_TESSCut,SPOC,42,83,TESSCut,PhasePeakPhase,-0.00425925925925924,0.005499146730577772,29.0
SPOC_vs_TESSCut,SPOC,42,83,TESSCut,PhaseTroughPhase,-0.011552028218694898,0.008268200997086805,38.0
SPOC_vs_TESSCut,SPOC,42,83,TESSCut,PhasePeakToTroughPhaseDelta,0.0005291005291005235,0.005579439714905416,19.0
SPOC_vs_TESSCut,SPOC,47,88,SPOC,QualityScore,0.002857142857142847,0.0009523809523809489,11.0
SPOC_vs_TESSCut,SPOC,47,88,SPOC,OriginalFluxMedian,0.0,0.0,24.5
SPOC_vs_TESSCut,SPOC,47,88,SPOC,OriginalFluxStd,0.08760116522242425,0.025502527645323566,1.0
SPOC_vs_TESSCut,SPOC,47,88,SPOC,CadenceCount,0.002826538022616454,0.005069673822649001,13.0
SPOC_vs_TESSCut,SPOC,47,88,SPOC,TimeSpanDays,0.002170868347338928,0.002141554846558071,14.0
SPOC_vs_TESSCut,SPOC,47,88,SPOC,MedianCadenceDays,-0.0009803921568627416,0.0025523691751328844,29.0
SPOC_vs_TESSCut,SPOC,47,88,SPOC,FluxStd,0.0,0.0,24.5
SPOC_vs_TESSCut,SPOC,47,88,SPOC,FluxMedian,0.0,0.0,24.5
SPOC_vs_TESSCut,SPOC,47,88,SPOC,FluxMad,0.005571444952249894,0.0038751182617303417,9.0
SPOC_vs_TESSCut,SPOC,47,88,SPOC,FluxP05,0.000952380952380949,0.0014547859349066106,17.0
SPOC_vs_TESSCut,SPOC,47,88,SPOC,FluxP90,0.0013492063492063443,0.0030748207345730866,15.0
SPOC_vs_TESSCut,SPOC,47,88,SPOC,FluxP95,0.026437908496732034,0.006838280612772029,2.0
SPOC_vs_TESSCut,SPOC,47,88,SPOC,FluxIqr,0.0033970820296929773,0.005148111198377511,10.0
SPOC_vs_TESSCut,SPOC,47,88,SPOC,FluxAmplitude,0.002855914295542772,0.003147162787922694,12.0
SPOC_vs_TESSCut,SPOC,47,88,SPOC,FluxPercentAmplitude95To5,-0.0014814814814814836,0.002962962962962967,32.0
SPOC_vs_TESSCut,SPOC,47,88,SPOC,FluxSkewness,0.00021164021164020718,0.0019397145798754894,22.0
SPOC_vs_TESSCut,SPOC,47,88,SPOC,FluxKurtosis,-0.006111356823431091,0.004963800938398874,36.0
SPOC_vs_TESSCut,SPOC,47,88,SPOC,TailAsymmetry,0.0003174603174603163,0.000952380952380949,21.0
SPOC_vs_TESSCut,SPOC,47,88,SPOC,TailRatio,0.0011904761904761862,0.002540922316441598,16.0
SPOC_vs_TESSCut,SPOC,47,88,SPOC,EtaVonNeumann,0.01995953937130406,0.011336818528730397,3.0
SPOC_vs_TESSCut,SPOC,47,88,SPOC,MaxAbsSlope,-0.0014052287581699297,0.0028338770972970062,31.0
SPOC_vs_TESSCut,SPOC,47,88,SPOC,MedianAbsSuccessiveDiff,0.018040771864301308,0.011645874512661181,4.0
SPOC_vs_TESSCut,SPOC,47,88,SPOC,FractionBeyond1Std,0.007357036381804216,0.00816949465035142,8.0
SPOC_vs_TESSCut,SPOC,47,88,SPOC,FractionBeyond2Std,-0.007731611162983709,0.010710162738135845,38.0
SPOC_vs_TESSCut,SPOC,47,88,SPOC,LsBestPeriod,0.01247847287062973,0.008138464990802409,5.0
SPOC_vs_TESSCut,SPOC,47,88,SPOC,LsMaxPower,-0.0036227824463118453,0.003016913500331606,35.0
SPOC_vs_TESSCut,SPOC,47,88,SPOC,LsFalseAlarmProbability,0.0,0.0,24.5
SPOC_vs_TESSCut,SPOC,47,88,SPOC,LsPeriod2,0.011050938894076134,0.008835650674931857,6.0
SPOC_vs_TESSCut,SPOC,47,88,SPOC,LsPeriod3,0.010547774665421717,0.00882892458649347,7.0
SPOC_vs_TESSCut,SPOC,47,88,SPOC,LsPeakPowerGap12,0.0008309990662932143,0.008340425721762926,18.0
SPOC_vs_TESSCut,SPOC,47,88,SPOC,LsPeakPowerGap23,-0.012016806722689066,0.005634072860249777,39.0
SPOC_vs_TESSCut,SPOC,47,88,SPOC,LsPowerRatio21,-0.00010582010582010914,0.0027370406680164152,28.0
SPOC_vs_TESSCut,SPOC,47,88,SPOC,LsPowerRatio31,-0.0010146280734516066,0.005557167295527572,30.0
SPOC_vs_TESSCut,SPOC,47,88,SPOC,LsPeriodRatio21,-7.936507936507908e-05,0.0016050593981076675,27.0
SPOC_vs_TESSCut,SPOC,47,88,SPOC,LsPeriodRatio31,0.0006349206349206326,0.0012698412698412653,20.0
SPOC_vs_TESSCut,SPOC,47,88,SPOC,PhaseCurveStd,-0.006557078971939623,0.003633171227691637,37.0
SPOC_vs_TESSCut,SPOC,47,88,SPOC,PhasePeakPhase,-0.00267195767195767,0.0080646185800883,33.0
SPOC_vs_TESSCut,SPOC,47,88,SPOC,PhaseTroughPhase,-0.0033862433862433816,0.007624189916632811,34.0
SPOC_vs_TESSCut,SPOC,47,88,SPOC,PhasePeakToTroughPhaseDelta,0.0007936507936507908,0.0015873015873015817,19.0
SPOC_vs_TESSCut,SPOC,47,88,TESSCut,QualityScore,-0.0019607843137255166,0.001600973688093602,25.0
SPOC_vs_TESSCut,SPOC,47,88,TESSCut,OriginalFluxMedian,-0.0025443510737628737,0.0014556920474014048,29.0
SPOC_vs_TESSCut,SPOC,47,88,TESSCut,OriginalFluxStd,0.015214752567693718,0.007958106522884192,3.0
SPOC_vs_TESSCut,SPOC,47,88,TESSCut,CadenceCount,-0.003169415914513979,0.00753254538530938,33.0
SPOC_vs_TESSCut,SPOC,47,88,TESSCut,TimeSpanDays,-0.0022051042639278317,0.004497650915269104,27.0
SPOC_vs_TESSCut,SPOC,47,88,TESSCut,MedianCadenceDays,0.021805412223368865,0.008239483744038585,2.0
SPOC_vs_TESSCut,SPOC,47,88,TESSCut,FluxStd,0.0,0.0,17.0
SPOC_vs_TESSCut,SPOC,47,88,TESSCut,FluxMedian,0.0,0.0,17.0
SPOC_vs_TESSCut,SPOC,47,88,TESSCut,FluxMad,-0.0106252559503334,0.006611442230664678,39.0
SPOC_vs_TESSCut,SPOC,47,88,TESSCut,FluxP05,-0.0035137680803315864,0.010806429575234843,34.0
SPOC_vs_TESSCut,SPOC,47,88,TESSCut,FluxP90,-0.0025739184562714066,0.005784425717309529,30.0
SPOC_vs_TESSCut,SPOC,47,88,TESSCut,FluxP95,-0.0035480859010270983,0.0037679437486426094,35.0
SPOC_vs_TESSCut,SPOC,47,88,TESSCut,FluxIqr,-0.003705259881730477,0.004109833171219287,36.0
SPOC_vs_TESSCut,SPOC,47,88,TESSCut,FluxAmplitude,0.00182539682539683,0.003374123054662022,12.0
SPOC_vs_TESSCut,SPOC,47,88,TESSCut,FluxPercentAmplitude95To5,0.00038126361655773657,0.005461259290790069,15.0
SPOC_vs_TESSCut,SPOC,47,88,TESSCut,FluxSkewness,0.0049953314659196835,0.003814509470740509,7.0
SPOC_vs_TESSCut,SPOC,47,88,TESSCut,FluxKurtosis,-0.0006629318394024364,0.0025424272530521186,19.0
SPOC_vs_TESSCut,SPOC,47,88,TESSCut,TailAsymmetry,-0.0007936507936508019,0.002606029082530881,20.0
SPOC_vs_TESSCut,SPOC,47,88,TESSCut,TailRatio,0.009606286959228116,0.006423001280891814,5.0
SPOC_vs_TESSCut,SPOC,47,88,TESSCut,EtaVonNeumann,0.007580143168378439,0.0035085754892557885,6.0
SPOC_vs_TESSCut,SPOC,47,88,TESSCut,MaxAbsSlope,0.003537192654839699,0.005709867418667197,9.0
SPOC_vs_TESSCut,SPOC,47,88,TESSCut,MedianAbsSuccessiveDiff,0.021894387384583453,0.012645062301629845,1.0
SPOC_vs_TESSCut,SPOC,47,88,TESSCut,FractionBeyond1Std,-0.002457205104263921,0.0030751231532606532,28.0
SPOC_vs_TESSCut,SPOC,47,88,TESSCut,FractionBeyond2Std,-0.0015048241518829885,0.004391450846809505,23.0
SPOC_vs_TESSCut,SPOC,47,88,TESSCut,LsBestPeriod,-0.000858109325601597,0.005776972484743035,22.0
SPOC_vs_TESSCut,SPOC,47,88,TESSCut,LsMaxPower,-0.005413943355119855,0.0057190270812684015,38.0
SPOC_vs_TESSCut,SPOC,47,88,TESSCut,LsFalseAlarmProbability,0.0,0.0,17.0
SPOC_vs_TESSCut,SPOC,47,88,TESSCut,LsPeriod2,0.00436909266630629,0.006568501192807991,8.0
SPOC_vs_TESSCut,SPOC,47,88,TESSCut,LsPeriod3,-0.0008565531475748511,0.008094729661920213,21.0
SPOC_vs_TESSCut,SPOC,47,88,TESSCut,LsPeakPowerGap12,-0.001725801431683821,0.0070039184247740905,24.0
SPOC_vs_TESSCut,SPOC,47,88,TESSCut,LsPeakPowerGap23,-0.0038608776844071325,0.006468170992152131,37.0
SPOC_vs_TESSCut,SPOC,47,88,TESSCut,LsPowerRatio21,0.0013071895424836555,0.0021677286211473122,14.0
SPOC_vs_TESSCut,SPOC,47,88,TESSCut,LsPowerRatio31,-0.0029629629629629893,0.005208019876081621,32.0
SPOC_vs_TESSCut,SPOC,47,88,TESSCut,LsPeriodRatio21,-0.002871148459383793,0.001190476190476203,31.0
SPOC_vs_TESSCut,SPOC,47,88,TESSCut,LsPeriodRatio31,0.00156862745098037,0.0035862445914688155,13.0
SPOC_vs_TESSCut,SPOC,47,88,TESSCut,PhaseCurveStd,0.0032913165266106326,0.003365637496189624,10.0
SPOC_vs_TESSCut,SPOC,47,88,TESSCut,PhasePeakPhase,-0.002082166199813279,0.00398944562125545,26.0
SPOC_vs_TESSCut,SPOC,47,88,TESSCut,PhaseTroughPhase,0.01333177715530658,0.0026986482687137523,4.0
SPOC_vs_TESSCut,SPOC,47,88,TESSCut,PhasePeakToTroughPhaseDelta,0.0028011204481792618,0.003311040751913554,11.0
SPOC_vs_TESSCut,SPOC,53,94,SPOC,QualityScore,0.002645502645502651,0.003994621394323152,18.5
SPOC_vs_TESSCut,SPOC,53,94,SPOC,OriginalFluxMedian,0.0,0.0,33.5
SPOC_vs_TESSCut,SPOC,53,94,SPOC,OriginalFluxStd,0.0780988145745627,0.022402327303253755,1.0
SPOC_vs_TESSCut,SPOC,53,94,SPOC,CadenceCount,0.0042992011619462644,0.004603181033174713,15.0
SPOC_vs_TESSCut,SPOC,53,94,SPOC,TimeSpanDays,0.0044444444444444505,0.0036288736930121207,14.0
SPOC_vs_TESSCut,SPOC,53,94,SPOC,MedianCadenceDays,0.0007407407407407418,0.0022222222222222253,28.5
SPOC_vs_TESSCut,SPOC,53,94,SPOC,FluxStd,0.0,0.0,33.5
SPOC_vs_TESSCut,SPOC,53,94,SPOC,FluxMedian,0.0,0.0,33.5
SPOC_vs_TESSCut,SPOC,53,94,SPOC,FluxMad,0.0086067019400353,0.005751181861640601,7.0
SPOC_vs_TESSCut,SPOC,53,94,SPOC,FluxP05,0.000623781676413282,0.004232129978982262,31.0
SPOC_vs_TESSCut,SPOC,53,94,SPOC,FluxP90,0.006666666666666677,0.0022222222222222253,10.0
SPOC_vs_TESSCut,SPOC,53,94,SPOC,FluxP95,0.0011375661375661373,0.002401586077626745,26.0
SPOC_vs_TESSCut,SPOC,53,94,SPOC,FluxIqr,0.010476190476190505,0.008239257908550228,3.0
SPOC_vs_TESSCut,SPOC,53,94,SPOC,FluxAmplitude,0.0022222222222222253,0.003394500514782109,21.0
SPOC_vs_TESSCut,SPOC,53,94,SPOC,FluxPercentAmplitude95To5,0.006666666666666677,0.0022222222222222253,10.0
SPOC_vs_TESSCut,SPOC,53,94,SPOC,FluxSkewness,-0.0014954051796156943,0.005518238245773389,37.0
SPOC_vs_TESSCut,SPOC,53,94,SPOC,FluxKurtosis,0.009523809523809513,0.005286594281242302,6.0
SPOC_vs_TESSCut,SPOC,53,94,SPOC,TailAsymmetry,0.0007407407407407418,0.0022222222222222253,28.5
SPOC_vs_TESSCut,SPOC,53,94,SPOC,TailRatio,0.0018518518518518602,0.011111111111111117,22.0
SPOC_vs_TESSCut,SPOC,53,94,SPOC,EtaVonNeumann,0.01628903413217142,0.011143011719295867,2.0
SPOC_vs_TESSCut,SPOC,53,94,SPOC,MaxAbsSlope,0.005541413446470212,0.005788486030128594,12.0
SPOC_vs_TESSCut,SPOC,53,94,SPOC,MedianAbsSuccessiveDiff,0.007982155825293036,0.00577528200009716,8.0
SPOC_vs_TESSCut,SPOC,53,94,SPOC,FractionBeyond1Std,0.005026455026454979,0.0019440394783993952,13.0
SPOC_vs_TESSCut,SPOC,53,94,SPOC,FractionBeyond2Std,-0.00032859927596774475,0.005637358560976412,36.0
SPOC_vs_TESSCut,SPOC,53,94,SPOC,LsBestPeriod,-0.009824670608984353,0.01673717308384047,39.0
SPOC_vs_TESSCut,SPOC,53,94,SPOC,LsMaxPower,0.004203045740713396,0.0064243580336886125,16.0
SPOC_vs_TESSCut,SPOC,53,94,SPOC,LsFalseAlarmProbability,0.0,0.0,33.5
SPOC_vs_TESSCut,SPOC,53,94,SPOC,LsPeriod2,0.0017947919908704035,0.023966197230063137,23.0
SPOC_vs_TESSCut,SPOC,53,94,SPOC,LsPeriod3,-0.008771656810872497,0.013551659550815448,38.0
SPOC_vs_TESSCut,SPOC,53,94,SPOC,LsPeakPowerGap12,0.002301587301587227,0.002986138576751484,20.0
SPOC_vs_TESSCut,SPOC,53,94,SPOC,LsPeakPowerGap23,0.010370370370370396,0.006514027633715047,4.0
SPOC_vs_TESSCut,SPOC,53,94,SPOC,LsPowerRatio21,0.0014814814814814836,0.002962962962962967,24.5
SPOC_vs_TESSCut,SPOC,53,94,SPOC,LsPowerRatio31,0.002962962962962967,0.003628873693012121,17.0
SPOC_vs_TESSCut,SPOC,53,94,SPOC,LsPeriodRatio21,0.0007407407407407418,0.0022222222222222253,28.5
SPOC_vs_TESSCut,SPOC,53,94,SPOC,LsPeriodRatio31,0.0007407407407407418,0.0022222222222222253,28.5
SPOC_vs_TESSCut,SPOC,53,94,SPOC,PhaseCurveStd,0.009964726631393273,0.00665419734741221,5.0
SPOC_vs_TESSCut,SPOC,53,94,SPOC,PhasePeakPhase,0.006666666666666677,0.0022222222222222253,10.0
SPOC_vs_TESSCut,SPOC,53,94,SPOC,PhaseTroughPhase,0.0014814814814814836,0.002962962962962967,24.5
SPOC_vs_TESSCut,SPOC,53,94,SPOC,PhasePeakToTroughPhaseDelta,0.002645502645502651,0.003994621394323152,18.5
SPOC_vs_TESSCut,SPOC,53,94,TESSCut,QualityScore,0.005154061624649886,0.0021368630681407232,10.0
SPOC_vs_TESSCut,SPOC,53,94,TESSCut,OriginalFluxMedian,-0.0037908496732026176,0.005626822991671627,32.0
SPOC_vs_TESSCut,SPOC,53,94,TESSCut,OriginalFluxStd,0.01890704429920114,0.008130549737751732,1.0
SPOC_vs_TESSCut,SPOC,53,94,TESSCut,CadenceCount,0.002240896358543415,0.007166173060238655,13.0
SPOC_vs_TESSCut,SPOC,53,94,TESSCut,TimeSpanDays,0.01409586056644882,0.009998479870338292,4.0
SPOC_vs_TESSCut,SPOC,53,94,TESSCut,MedianCadenceDays,0.014720925407199914,0.012167028643015335,3.0
SPOC_vs_TESSCut,SPOC,53,94,TESSCut,FluxStd,0.0,0.0,20.0
SPOC_vs_TESSCut,SPOC,53,94,TESSCut,FluxMedian,0.0,0.0,20.0
SPOC_vs_TESSCut,SPOC,53,94,TESSCut,FluxMad,0.0022191098661686836,0.005256935216705574,14.0
SPOC_vs_TESSCut,SPOC,53,94,TESSCut,FluxP05,0.0016651104886399037,0.00808085055658959,15.0
SPOC_vs_TESSCut,SPOC,53,94,TESSCut,FluxP90,-0.0030189853719265413,0.007637232818260624,30.0
SPOC_vs_TESSCut,SPOC,53,94,TESSCut,FluxP95,-0.011322751322751356,0.004770421543084075,39.0
SPOC_vs_TESSCut,SPOC,53,94,TESSCut,FluxIqr,0.0012215997510115263,0.00662183373796946,16.0
SPOC_vs_TESSCut,SPOC,53,94,TESSCut,FluxAmplitude,-0.003954248366013063,0.00610308917130356,34.0
SPOC_vs_TESSCut,SPOC,53,94,TESSCut,FluxPercentAmplitude95To5,-0.0002023031434796263,0.003911025552085926,23.0
SPOC_vs_TESSCut,SPOC,53,94,TESSCut,FluxSkewness,-0.0038313103018985327,0.005879696134678197,33.0
SPOC_vs_TESSCut,SPOC,53,94,TESSCut,FluxKurtosis,-0.0012822906940553936,0.0046485629480682925,25.0
SPOC_vs_TESSCut,SPOC,53,94,TESSCut,TailAsymmetry,-0.005435729847494552,0.004553723921858623,36.0
SPOC_vs_TESSCut,SPOC,53,94,TESSCut,TailRatio,0.0005462184873949339,0.0042737728843252,18.0
SPOC_vs_TESSCut,SPOC,53,94,TESSCut,EtaVonNeumann,-0.0028711484593837598,0.005123765485033654,29.0
SPOC_vs_TESSCut,SPOC,53,94,TESSCut,MaxAbsSlope,0.00836860670194004,0.011749981602898639,7.0
SPOC_vs_TESSCut,SPOC,53,94,TESSCut,MedianAbsSuccessiveDiff,0.010953937130407715,0.015529649377505467,5.0
SPOC_vs_TESSCut,SPOC,53,94,TESSCut,FractionBeyond1Std,-0.00874260815437286,0.005809514171983412,38.0
SPOC_vs_TESSCut,SPOC,53,94,TESSCut,FractionBeyond2Std,0.009220354808590115,0.004851090164257221,6.0
SPOC_vs_TESSCut,SPOC,53,94,TESSCut,LsBestPeriod,0.015458717600100457,0.006312091218959926,2.0
SPOC_vs_TESSCut,SPOC,53,94,TESSCut,LsMaxPower,-0.002075832282230633,0.012597791425852647,27.0
SPOC_vs_TESSCut,SPOC,53,94,TESSCut,LsFalseAlarmProbability,0.0,0.0,20.0
SPOC_vs_TESSCut,SPOC,53,94,TESSCut,LsPeriod2,0.007941340278801595,0.0074841486821172086,8.0
SPOC_vs_TESSCut,SPOC,53,94,TESSCut,LsPeriod3,0.004942066495214087,0.011054877329225733,11.0
SPOC_vs_TESSCut,SPOC,53,94,TESSCut,LsPeakPowerGap12,0.0011157796451914171,0.008987611988481815,17.0
SPOC_vs_TESSCut,SPOC,53,94,TESSCut,LsPeakPowerGap23,-0.007354497354497375,0.005824673532268548,37.0
SPOC_vs_TESSCut,SPOC,53,94,TESSCut,LsPowerRatio21,-4.668534080282116e-06,0.004775636541980452,22.0
SPOC_vs_TESSCut,SPOC,53,94,TESSCut,LsPowerRatio31,-0.0019887955182072924,0.006732443413917555,26.0
SPOC_vs_TESSCut,SPOC,53,94,TESSCut,LsPeriodRatio21,-0.003135698723934022,0.006664561098456775,31.0
SPOC_vs_TESSCut,SPOC,53,94,TESSCut,LsPeriodRatio31,0.004049175225645829,0.005739777803828133,12.0
SPOC_vs_TESSCut,SPOC,53,94,TESSCut,PhaseCurveStd,0.005947712418300677,0.005788734604436599,9.0
SPOC_vs_TESSCut,SPOC,53,94,TESSCut,PhasePeakPhase,-0.0022082166199813235,0.00533980647845777,28.0
SPOC_vs_TESSCut,SPOC,53,94,TESSCut,PhaseTroughPhase,-0.0008423564357516955,0.004898875161728556,24.0
SPOC_vs_TESSCut,SPOC,53,94,TESSCut,PhasePeakToTroughPhaseDelta,-0.00511982570806101,0.004963315096011354,35.0
SPOC_vs_TESSCut,SPOC,58,99,SPOC,QualityScore,0.0,0.0,28.5
SPOC_vs_TESSCut,SPOC,58,99,SPOC,OriginalFluxMedian,0.0,0.0,28.5
SPOC_vs_TESSCut,SPOC,58,99,SPOC,OriginalFluxStd,0.09404199496562757,0.014883619437861456,1.0
SPOC_vs_TESSCut,SPOC,58,99,SPOC,CadenceCount,0.006983662860855821,0.011458540548294899,13.0
SPOC_vs_TESSCut,SPOC,58,99,SPOC,TimeSpanDays,0.013435440452984292,0.0076787482745998194,5.0
SPOC_vs_TESSCut,SPOC,58,99,SPOC,MedianCadenceDays,0.0,0.0,28.5
SPOC_vs_TESSCut,SPOC,58,99,SPOC,FluxStd,0.0,0.0,28.5
SPOC_vs_TESSCut,SPOC,58,99,SPOC,FluxMedian,0.0,0.0,28.5
SPOC_vs_TESSCut,SPOC,58,99,SPOC,FluxMad,-0.007355425601039622,0.013655837384859669,39.0
SPOC_vs_TESSCut,SPOC,58,99,SPOC,FluxP05,0.002296918767506995,0.00347246659522746,21.0
SPOC_vs_TESSCut,SPOC,58,99,SPOC,FluxP90,-0.004995822890559687,0.0026685943497706016,37.0
SPOC_vs_TESSCut,SPOC,58,99,SPOC,FluxP95,0.028868003341687543,0.003456388323146127,2.0
SPOC_vs_TESSCut,SPOC,58,99,SPOC,FluxIqr,0.004302477326213139,0.011259194403937377,19.0
SPOC_vs_TESSCut,SPOC,58,99,SPOC,FluxAmplitude,0.003897243107769399,0.005524597950647759,20.0
SPOC_vs_TESSCut,SPOC,58,99,SPOC,FluxPercentAmplitude95To5,0.0,0.0026152841842102554,28.5
SPOC_vs_TESSCut,SPOC,58,99,SPOC,FluxSkewness,0.006557652300686345,0.00748522538654247,14.0
SPOC_vs_TESSCut,SPOC,58,99,SPOC,FluxKurtosis,0.006510721247563333,0.008307657928929664,15.0
SPOC_vs_TESSCut,SPOC,58,99,SPOC,TailAsymmetry,0.0009115927072583351,0.0027347781217750057,23.0
SPOC_vs_TESSCut,SPOC,58,99,SPOC,TailRatio,-0.0023404098481497717,0.0058171665260246305,35.0
SPOC_vs_TESSCut,SPOC,58,99,SPOC,EtaVonNeumann,0.008961292119186826,0.012236792866165948,9.0
SPOC_vs_TESSCut,SPOC,58,99,SPOC,MaxAbsSlope,0.008129119094031334,0.006997177064501743,11.0
SPOC_vs_TESSCut,SPOC,58,99,SPOC,MedianAbsSuccessiveDiff,0.01284054362485736,0.007226005567305231,7.0
SPOC_vs_TESSCut,SPOC,58,99,SPOC,FractionBeyond1Std,0.008640582938828533,0.007464576122030267,10.0
SPOC_vs_TESSCut,SPOC,58,99,SPOC,FractionBeyond2Std,0.005560196788266925,0.0063702774584736685,17.0
SPOC_vs_TESSCut,SPOC,58,99,SPOC,LsBestPeriod,0.013612953953511208,0.020198818951580884,4.0
SPOC_vs_TESSCut,SPOC,58,99,SPOC,LsMaxPower,0.013097558711593793,0.00651039726637228,6.0
SPOC_vs_TESSCut,SPOC,58,99,SPOC,LsFalseAlarmProbability,0.012345679012345623,0.0,8.0
SPOC_vs_TESSCut,SPOC,58,99,SPOC,LsPeriod2,0.019483894922491397,0.020285813477172343,3.0
SPOC_vs_TESSCut,SPOC,58,99,SPOC,LsPeriod3,3.6583834313430597e-05,0.01194364634892001,25.0
SPOC_vs_TESSCut,SPOC,58,99,SPOC,LsPeakPowerGap12,0.007288864863684264,0.007604193493029376,12.0
SPOC_vs_TESSCut,SPOC,58,99,SPOC,LsPeakPowerGap23,0.0059686252668708865,0.00662397799222325,16.0
SPOC_vs_TESSCut,SPOC,58,99,SPOC,LsPowerRatio21,-0.0005847953216374213,0.0031492191854587443,32.0
SPOC_vs_TESSCut,SPOC,58,99,SPOC,LsPowerRatio31,-0.0006516290726816809,0.003255745319143528,34.0
SPOC_vs_TESSCut,SPOC,58,99,SPOC,LsPeriodRatio21,0.000952380952380949,0.0014547859349066106,22.0
SPOC_vs_TESSCut,SPOC,58,99,SPOC,LsPeriodRatio31,-0.0006349206349206326,0.0012698412698412653,33.0
SPOC_vs_TESSCut,SPOC,58,99,SPOC,PhaseCurveStd,0.0046562484642979855,0.00541046533049191,18.0
SPOC_vs_TESSCut,SPOC,58,99,SPOC,PhasePeakPhase,-0.00467836257309937,0.002339181286549685,36.0
SPOC_vs_TESSCut,SPOC,58,99,SPOC,PhaseTroughPhase,0.000267335004177105,0.002087150739465606,24.0
SPOC_vs_TESSCut,SPOC,58,99,SPOC,PhasePeakToTroughPhaseDelta,-0.005334168755221358,0.010051136553450666,38.0
SPOC_vs_TESSCut,SPOC,58,99,TESSCut,QualityScore,0.014550264550264563,0.008002372202250899,10.0
SPOC_vs_TESSCut,SPOC,58,99,TESSCut,OriginalFluxMedian,-0.0032887228965659985,0.011605523898770797,37.0
SPOC_vs_TESSCut,SPOC,58,99,TESSCut,OriginalFluxStd,0.0168015354289864,0.010091126778239836,6.0
SPOC_vs_TESSCut,SPOC,58,99,TESSCut,CadenceCount,0.013499544067139536,0.01458559614857933,12.0
SPOC_vs_TESSCut,SPOC,58,99,TESSCut,TimeSpanDays,0.015459017915158257,0.013197137031067983,8.0
SPOC_vs_TESSCut,SPOC,58,99,TESSCut,MedianCadenceDays,0.03526307599063017,0.016398888016334524,3.0
SPOC_vs_TESSCut,SPOC,58,99,TESSCut,FluxStd,0.0,0.0,31.0
SPOC_vs_TESSCut,SPOC,58,99,TESSCut,FluxMedian,0.0,0.0,31.0
SPOC_vs_TESSCut,SPOC,58,99,TESSCut,FluxMad,0.008654042513691635,0.007978980773874805,18.0
SPOC_vs_TESSCut,SPOC,58,99,TESSCut,FluxP05,0.006167133520074708,0.010718785216759282,21.0
SPOC_vs_TESSCut,SPOC,58,99,TESSCut,FluxP90,0.000842929764498418,0.01145866957180777,27.0
SPOC_vs_TESSCut,SPOC,58,99,TESSCut,FluxP95,0.00781630000928248,0.00922429943826192,19.0
SPOC_vs_TESSCut,SPOC,58,99,TESSCut,FluxIqr,0.0006674092639005147,0.012323116101608689,28.0
SPOC_vs_TESSCut,SPOC,58,99,TESSCut,FluxAmplitude,0.00022253345782757283,0.002349726275322811,29.0
SPOC_vs_TESSCut,SPOC,58,99,TESSCut,FluxPercentAmplitude95To5,0.014772798008092131,0.014078427710939673,9.0
SPOC_vs_TESSCut,SPOC,58,99,TESSCut,FluxSkewness,0.014417989417989413,0.01031830820013566,11.0
SPOC_vs_TESSCut,SPOC,58,99,TESSCut,FluxKurtosis,-0.0030335097001763177,0.01166891602690524,35.0
SPOC_vs_TESSCut,SPOC,58,99,TESSCut,TailAsymmetry,0.009585537918871257,0.010721643597224632,14.0
SPOC_vs_TESSCut,SPOC,58,99,TESSCut,TailRatio,-0.0031797904346923755,0.01555620503926842,36.0
SPOC_vs_TESSCut,SPOC,58,99,TESSCut,EtaVonNeumann,0.04042303471096041,0.011705743091282875,2.0
SPOC_vs_TESSCut,SPOC,58,99,TESSCut,MaxAbsSlope,0.02893298059964729,0.009165091827431804,4.0
SPOC_vs_TESSCut,SPOC,58,99,TESSCut,MedianAbsSuccessiveDiff,0.04885880278037141,0.013221338947005274,1.0
SPOC_vs_TESSCut,SPOC,58,99,TESSCut,FractionBeyond1Std,0.005741723590020809,0.013177429956231343,23.0
SPOC_vs_TESSCut,SPOC,58,99,TESSCut,FractionBeyond2Std,0.005841264380996064,0.012212661437619097,22.0
SPOC_vs_TESSCut,SPOC,58,99,TESSCut,LsBestPeriod,0.00886379893087839,0.011651726708111342,17.0
SPOC_vs_TESSCut,SPOC,58,99,TESSCut,LsMaxPower,0.006992126285211958,0.014360222405622892,20.0
SPOC_vs_TESSCut,SPOC,58,99,TESSCut,LsFalseAlarmProbability,0.0,0.0,31.0
SPOC_vs_TESSCut,SPOC,58,99,TESSCut,LsPeriod2,0.005090585941979131,0.016996740673704172,24.0
SPOC_vs_TESSCut,SPOC,58,99,TESSCut,LsPeriod3,0.01836251849667745,0.0071738089783554585,5.0
SPOC_vs_TESSCut,SPOC,58,99,TESSCut,LsPeakPowerGap12,0.009118165784832493,0.01061863151871705,16.0
SPOC_vs_TESSCut,SPOC,58,99,TESSCut,LsPeakPowerGap23,0.003183421516754875,0.01281001625766183,25.0
SPOC_vs_TESSCut,SPOC,58,99,TESSCut,LsPowerRatio21,0.010423280423280418,0.010013987585866807,13.0
SPOC_vs_TESSCut,SPOC,58,99,TESSCut,LsPowerRatio31,-0.002619047619047604,0.0033430822416763008,34.0
SPOC_vs_TESSCut,SPOC,58,99,TESSCut,LsPeriodRatio21,-0.005864197530864162,0.008270105308116697,39.0
SPOC_vs_TESSCut,SPOC,58,99,TESSCut,LsPeriodRatio31,0.016790123456790124,0.010522111482796297,7.0
SPOC_vs_TESSCut,SPOC,58,99,TESSCut,PhaseCurveStd,0.009174843426649431,0.010765555138802257,15.0
SPOC_vs_TESSCut,SPOC,58,99,TESSCut,PhasePeakPhase,0.0012786596119929773,0.0091333719945963,26.0
SPOC_vs_TESSCut,SPOC,58,99,TESSCut,PhaseTroughPhase,-0.004768293282225183,0.007620952216730244,38.0
SPOC_vs_TESSCut,SPOC,58,99,TESSCut,PhasePeakToTroughPhaseDelta,-0.0002645502645502396,0.010208349937341115,33.0
SPOC_vs_TESSCut,SPOC,63,104,SPOC,QualityScore,0.0,0.0,28.0
SPOC_vs_TESSCut,SPOC,63,104,SPOC,OriginalFluxMedian,0.0,0.0,28.0
SPOC_vs_TESSCut,SPOC,63,104,SPOC,OriginalFluxStd,0.08380428194669672,0.0228426467751568,1.0
SPOC_vs_TESSCut,SPOC,63,104,SPOC,CadenceCount,0.0037581699346404982,0.008176539140631071,16.0
SPOC_vs_TESSCut,SPOC,63,104,SPOC,TimeSpanDays,0.0003968253968253954,0.0011904761904761862,24.0
SPOC_vs_TESSCut,SPOC,63,104,SPOC,MedianCadenceDays,0.0,0.0,28.0
SPOC_vs_TESSCut,SPOC,63,104,SPOC,FluxStd,0.0,0.0,28.0
SPOC_vs_TESSCut,SPOC,63,104,SPOC,FluxMedian,0.0,0.0,28.0
SPOC_vs_TESSCut,SPOC,63,104,SPOC,FluxMad,0.002134038800705429,0.007065225794401847,21.0
SPOC_vs_TESSCut,SPOC,63,104,SPOC,FluxP05,0.0,0.0,28.0
SPOC_vs_TESSCut,SPOC,63,104,SPOC,FluxP90,0.006922398589065226,0.005819604756369331,11.0
SPOC_vs_TESSCut,SPOC,63,104,SPOC,FluxP95,0.01463326071169202,0.001497573756521511,5.0
SPOC_vs_TESSCut,SPOC,63,104,SPOC,FluxIqr,-0.00031746031746032743,0.0035172253660571908,32.0
SPOC_vs_TESSCut,SPOC,63,104,SPOC,FluxAmplitude,0.015707023550160737,0.0011633926978876815,4.0
SPOC_vs_TESSCut,SPOC,63,104,SPOC,FluxPercentAmplitude95To5,0.0008377425044091668,0.004014283308331601,23.0
SPOC_vs_TESSCut,SPOC,63,104,SPOC,FluxSkewness,0.003703703703703687,0.005657500857970147,17.5
SPOC_vs_TESSCut,SPOC,63,104,SPOC,FluxKurtosis,0.006684303350969989,0.0060818182171333435,12.0
SPOC_vs_TESSCut,SPOC,63,104,SPOC,TailAsymmetry,0.012345679012345623,0.0,7.0
SPOC_vs_TESSCut,SPOC,63,104,SPOC,TailRatio,0.011437908496731975,0.003935161627056289,8.0
SPOC_vs_TESSCut,SPOC,63,104,SPOC,EtaVonNeumann,0.0163191202406888,0.005725814137829932,3.0
SPOC_vs_TESSCut,SPOC,63,104,SPOC,MaxAbsSlope,0.019199960686028684,0.004760633204857953,2.0
SPOC_vs_TESSCut,SPOC,63,104,SPOC,MedianAbsSuccessiveDiff,0.01264135283743122,0.009026445167757963,6.0
SPOC_vs_TESSCut,SPOC,63,104,SPOC,FractionBeyond1Std,-0.0006349206349206326,0.0012698412698412653,34.0
SPOC_vs_TESSCut,SPOC,63,104,SPOC,FractionBeyond2Std,0.010556074281564432,0.00653332267867915,9.0
SPOC_vs_TESSCut,SPOC,63,104,SPOC,LsBestPeriod,-0.007337898122211894,0.006485615835208449,39.0
SPOC_vs_TESSCut,SPOC,63,104,SPOC,LsMaxPower,-0.0018155410312273301,0.007733437624966829,37.0
SPOC_vs_TESSCut,SPOC,63,104,SPOC,LsFalseAlarmProbability,0.0,0.0,28.0
SPOC_vs_TESSCut,SPOC,63,104,SPOC,LsPeriod2,-0.0006800497976969244,0.006897158388084293,35.0
SPOC_vs_TESSCut,SPOC,63,104,SPOC,LsPeriod3,-0.001198775806618968,0.0047112034049729065,36.0
SPOC_vs_TESSCut,SPOC,63,104,SPOC,LsPeakPowerGap12,0.008043884220354769,0.005916266521211012,10.0
SPOC_vs_TESSCut,SPOC,63,104,SPOC,LsPeakPowerGap23,0.0035947712418300526,0.003411864872192978,20.0
SPOC_vs_TESSCut,SPOC,63,104,SPOC,LsPowerRatio21,0.003703703703703665,0.009642283550502036,19.0
SPOC_vs_TESSCut,SPOC,63,104,SPOC,LsPowerRatio31,0.004497354497354477,0.005352377744442133,15.0
SPOC_vs_TESSCut,SPOC,63,104,SPOC,LsPeriodRatio21,0.003703703703703687,0.005657500857970147,17.5
SPOC_vs_TESSCut,SPOC,63,104,SPOC,LsPeriodRatio31,0.0012345679012345512,0.006648351613746294,22.0
SPOC_vs_TESSCut,SPOC,63,104,SPOC,PhaseCurveStd,-0.0005368814192343585,0.002563552385582,33.0
SPOC_vs_TESSCut,SPOC,63,104,SPOC,PhasePeakPhase,0.004938271604938249,0.006048122821686833,13.5
SPOC_vs_TESSCut,SPOC,63,104,SPOC,PhaseTroughPhase,0.004938271604938249,0.006048122821686833,13.5
SPOC_vs_TESSCut,SPOC,63,104,SPOC,PhasePeakToTroughPhaseDelta,-0.0024691358024691466,0.004938271604938293,38.0
SPOC_vs_TESSCut,SPOC,63,104,TESSCut,QualityScore,0.0007236227824463093,0.001455692047401383,32.0
SPOC_vs_TESSCut,SPOC,63,104,TESSCut,OriginalFluxMedian,-0.0002334267040150051,0.003130007524157221,37.0
SPOC_vs_TESSCut,SPOC,63,104,TESSCut,OriginalFluxStd,0.03311546840958597,0.011029201390484822,1.0
SPOC_vs_TESSCut,SPOC,63,104,TESSCut,CadenceCount,0.010043572984749399,0.007150112909458763,19.0
SPOC_vs_TESSCut,SPOC,63,104,TESSCut,TimeSpanDays,0.030639916785427566,0.008078175893227837,2.0
SPOC_vs_TESSCut,SPOC,63,104,TESSCut,MedianCadenceDays,0.004438137828230632,0.010506143417557652,30.0
SPOC_vs_TESSCut,SPOC,63,104,TESSCut,FluxStd,0.0,0.0,35.0
SPOC_vs_TESSCut,SPOC,63,104,TESSCut,FluxMedian,0.0,0.0,35.0
SPOC_vs_TESSCut,SPOC,63,104,TESSCut,FluxMad,0.01752256458138805,0.007902495115943441,11.0
SPOC_vs_TESSCut,SPOC,63,104,TESSCut,FluxP05,0.018244631185807596,0.009327244027672073,9.0
SPOC_vs_TESSCut,SPOC,63,104,TESSCut,FluxP90,0.022598817304699603,0.010679182107601904,7.0
SPOC_vs_TESSCut,SPOC,63,104,TESSCut,FluxP95,0.00592592592592589,0.002962962962962945,24.0
SPOC_vs_TESSCut,SPOC,63,104,TESSCut,FluxIqr,0.01556399167854271,0.012840898950369089,13.0
SPOC_vs_TESSCut,SPOC,63,104,TESSCut,FluxAmplitude,0.004779022720199149,0.0049237898205625975,26.0
SPOC_vs_TESSCut,SPOC,63,104,TESSCut,FluxPercentAmplitude95To5,0.004601618425147802,0.005145572947182599,28.0
SPOC_vs_TESSCut,SPOC,63,104,TESSCut,FluxSkewness,0.007276688453159014,0.00395801392024008,22.0
SPOC_vs_TESSCut,SPOC,63,104,TESSCut,FluxKurtosis,0.018314085868265363,0.009577878100285469,8.0
SPOC_vs_TESSCut,SPOC,63,104,TESSCut,TailAsymmetry,9.803921568622976e-05,0.0027140302471020217,33.0
SPOC_vs_TESSCut,SPOC,63,104,TESSCut,TailRatio,0.010515094926859564,0.009748245095080836,18.0
SPOC_vs_TESSCut,SPOC,63,104,TESSCut,EtaVonNeumann,0.011722443363310176,0.011744127463395707,16.0
SPOC_vs_TESSCut,SPOC,63,104,TESSCut,MaxAbsSlope,0.01232492997198873,0.011981388456669328,15.0
SPOC_vs_TESSCut,SPOC,63,104,TESSCut,MedianAbsSuccessiveDiff,0.030513866365259497,0.013154386214982642,3.0
SPOC_vs_TESSCut,SPOC,63,104,TESSCut,FractionBeyond1Std,0.015068471833177666,0.01260879751396407,14.0
SPOC_vs_TESSCut,SPOC,63,104,TESSCut,FractionBeyond2Std,0.007282913165266058,0.008133483220115636,21.0
SPOC_vs_TESSCut,SPOC,63,104,TESSCut,LsBestPeriod,0.018168378462496037,0.012593673428387806,10.0
SPOC_vs_TESSCut,SPOC,63,104,TESSCut,LsMaxPower,0.023694366635543057,0.012634157334832252,6.0
SPOC_vs_TESSCut,SPOC,63,104,TESSCut,LsFalseAlarmProbability,0.0,0.0,35.0
SPOC_vs_TESSCut,SPOC,63,104,TESSCut,LsPeriod2,0.03024276377217548,0.00618451540428994,4.0
SPOC_vs_TESSCut,SPOC,63,104,TESSCut,LsPeriod3,0.02507780890133825,0.011420464412810421,5.0
SPOC_vs_TESSCut,SPOC,63,104,TESSCut,LsPeakPowerGap12,0.0023669467787114096,0.007956723032984643,31.0
SPOC_vs_TESSCut,SPOC,63,104,TESSCut,LsPeakPowerGap23,0.004609399315281604,0.005309668481162628,27.0
SPOC_vs_TESSCut,SPOC,63,104,TESSCut,LsPowerRatio21,0.004576719576719545,0.002734868988689501,29.0
SPOC_vs_TESSCut,SPOC,63,104,TESSCut,LsPowerRatio31,-0.0006442577030813023,0.0047835819054520366,38.0
SPOC_vs_TESSCut,SPOC,63,104,TESSCut,LsPeriodRatio21,0.011473700591347618,0.009795042516417374,17.0
SPOC_vs_TESSCut,SPOC,63,104,TESSCut,LsPeriodRatio31,0.016041083099906595,0.009897477717512069,12.0
SPOC_vs_TESSCut,SPOC,63,104,TESSCut,PhaseCurveStd,0.009903516962340441,0.005036842261013908,20.0
SPOC_vs_TESSCut,SPOC,63,104,TESSCut,PhasePeakPhase,0.007195767195767156,0.0074709778109956215,23.0
SPOC_vs_TESSCut,SPOC,63,104,TESSCut,PhaseTroughPhase,-0.0030571526856357444,0.0028079381688368805,39.0
SPOC_vs_TESSCut,SPOC,63,104,TESSCut,PhasePeakToTroughPhaseDelta,0.005687830687830664,0.005068399207830828,25.0
SPOC_vs_TESSCut,SPOC,68,109,SPOC,QualityScore,0.0,0.0,32.5
SPOC_vs_TESSCut,SPOC,68,109,SPOC,OriginalFluxMedian,0.0,0.0,32.5
SPOC_vs_TESSCut,SPOC,68,109,SPOC,OriginalFluxStd,0.12301609142682415,0.024024407570279828,1.0
SPOC_vs_TESSCut,SPOC,68,109,SPOC,CadenceCount,0.024393964213365694,0.011779859949713308,4.0
SPOC_vs_TESSCut,SPOC,68,109,SPOC,TimeSpanDays,0.013628979857050017,0.00614059863263329,8.0
SPOC_vs_TESSCut,SPOC,68,109,SPOC,MedianCadenceDays,0.012071846282372655,0.0034480767056789957,12.0
SPOC_vs_TESSCut,SPOC,68,109,SPOC,FluxStd,0.0,0.0,32.5
SPOC_vs_TESSCut,SPOC,68,109,SPOC,FluxMedian,0.0,0.0,32.5
SPOC_vs_TESSCut,SPOC,68,109,SPOC,FluxMad,0.010569943376960923,0.009863081920568027,15.0
SPOC_vs_TESSCut,SPOC,68,109,SPOC,FluxP05,0.0006769374416433327,0.0034329601185267003,30.0
SPOC_vs_TESSCut,SPOC,68,109,SPOC,FluxP90,0.024979114452798656,0.012018466505165871,3.0
SPOC_vs_TESSCut,SPOC,68,109,SPOC,FluxP95,0.02885263267100212,0.0037327888943056715,2.0
SPOC_vs_TESSCut,SPOC,68,109,SPOC,FluxIqr,0.012799618872890283,0.009180575310231306,10.0
SPOC_vs_TESSCut,SPOC,68,109,SPOC,FluxAmplitude,0.011803337319333173,0.005916171615704015,13.0
SPOC_vs_TESSCut,SPOC,68,109,SPOC,FluxPercentAmplitude95To5,0.0045205606609115545,0.006965087894152954,24.0
SPOC_vs_TESSCut,SPOC,68,109,SPOC,FluxSkewness,0.007231668495858346,0.006650248307189059,19.0
SPOC_vs_TESSCut,SPOC,68,109,SPOC,FluxKurtosis,0.022491359116746146,0.007252124728742244,5.0
SPOC_vs_TESSCut,SPOC,68,109,SPOC,TailAsymmetry,-0.0022384392353432593,0.0019571013282112604,36.0
SPOC_vs_TESSCut,SPOC,68,109,SPOC,TailRatio,0.002383409504152534,0.009158316547385427,27.0
SPOC_vs_TESSCut,SPOC,68,109,SPOC,EtaVonNeumann,0.009057911663690832,0.005138213594363213,17.0
SPOC_vs_TESSCut,SPOC,68,109,SPOC,MaxAbsSlope,0.015365974849978935,0.0053057370835176,7.0
SPOC_vs_TESSCut,SPOC,68,109,SPOC,MedianAbsSuccessiveDiff,0.010738775042180604,0.008443859463386518,14.0
SPOC_vs_TESSCut,SPOC,68,109,SPOC,FractionBeyond1Std,0.005543024227234716,0.007165101644000706,20.0
SPOC_vs_TESSCut,SPOC,68,109,SPOC,FractionBeyond2Std,0.005125777406479149,0.004347044662110494,21.0
SPOC_vs_TESSCut,SPOC,68,109,SPOC,LsBestPeriod,0.0018306386882238402,0.023771017329099142,28.0
SPOC_vs_TESSCut,SPOC,68,109,SPOC,LsMaxPower,0.008217712036081504,0.007368000524168586,18.0
SPOC_vs_TESSCut,SPOC,68,109,SPOC,LsFalseAlarmProbability,0.012345679012345734,0.0,11.0
SPOC_vs_TESSCut,SPOC,68,109,SPOC,LsPeriod2,0.009993174657777359,0.02281040184736699,16.0
SPOC_vs_TESSCut,SPOC,68,109,SPOC,LsPeriod3,0.003849001588939638,0.02219457281987447,25.0
SPOC_vs_TESSCut,SPOC,68,109,SPOC,LsPeakPowerGap12,-0.003027694508602674,0.014018114455337412,38.0
SPOC_vs_TESSCut,SPOC,68,109,SPOC,LsPeakPowerGap23,0.013106977683861043,0.008580777115306713,9.0
SPOC_vs_TESSCut,SPOC,68,109,SPOC,LsPowerRatio21,-0.0025771127164316175,0.010605693488827823,37.0
SPOC_vs_TESSCut,SPOC,68,109,SPOC,LsPowerRatio31,0.005061127764946116,0.011965522913937961,22.0
SPOC_vs_TESSCut,SPOC,68,109,SPOC,LsPeriodRatio21,-0.0071428571428571504,0.013608276348795436,39.0
SPOC_vs_TESSCut,SPOC,68,109,SPOC,LsPeriodRatio31,-0.0009803921568627416,0.0014975737565215109,35.0
SPOC_vs_TESSCut,SPOC,68,109,SPOC,PhaseCurveStd,0.015780600739321093,0.0050568153456074585,6.0
SPOC_vs_TESSCut,SPOC,68,109,SPOC,PhasePeakPhase,0.004928989139515427,0.004396097616348457,23.0
SPOC_vs_TESSCut,SPOC,68,109,SPOC,PhaseTroughPhase,0.0025701508673644734,0.0019689346918204207,26.0
SPOC_vs_TESSCut,SPOC,68,109,SPOC,PhasePeakToTroughPhaseDelta,0.0017639414440240198,0.0057691235010254634,29.0
SPOC_vs_TESSCut,SPOC,68,109,TESSCut,QualityScore,-0.002777777777777768,0.0018184824186332634,38.0
SPOC_vs_TESSCut,SPOC,68,109,TESSCut,OriginalFluxMedian,0.0,0.0,33.0
SPOC_vs_TESSCut,SPOC,68,109,TESSCut,OriginalFluxStd,0.012634609399315317,0.012593721886426866,16.0
SPOC_vs_TESSCut,SPOC,68,109,TESSCut,CadenceCount,0.006390704429920157,0.012598546662135935,24.0
SPOC_vs_TESSCut,SPOC,68,109,TESSCut,TimeSpanDays,0.014153439153439206,0.009297916280841284,12.0
SPOC_vs_TESSCut,SPOC,68,109,TESSCut,MedianCadenceDays,0.008560016599232334,0.0106687720901251,21.0
SPOC_vs_TESSCut,SPOC,68,109,TESSCut,FluxStd,0.0,0.0,33.0
SPOC_vs_TESSCut,SPOC,68,109,TESSCut,FluxMedian,0.0,0.0,33.0
SPOC_vs_TESSCut,SPOC,68,109,TESSCut,FluxMad,0.002701525054466236,0.006829821238328963,28.0
SPOC_vs_TESSCut,SPOC,68,109,TESSCut,FluxP05,0.022024587612822978,0.003761949256977594,4.0
SPOC_vs_TESSCut,SPOC,68,109,TESSCut,FluxP90,0.008243075007780926,0.011862513598222678,22.0
SPOC_vs_TESSCut,SPOC,68,109,TESSCut,FluxP95,0.0049797696856520805,0.008511810154162164,26.0
SPOC_vs_TESSCut,SPOC,68,109,TESSCut,FluxIqr,0.013336445689386921,0.008452367737105723,14.0
SPOC_vs_TESSCut,SPOC,68,109,TESSCut,FluxAmplitude,0.014836601307189584,0.009432041620727619,10.0
SPOC_vs_TESSCut,SPOC,68,109,TESSCut,FluxPercentAmplitude95To5,-0.006699346405228734,0.002472670906931618,39.0
SPOC_vs_TESSCut,SPOC,68,109,TESSCut,FluxSkewness,0.01332866479925307,0.010625884519305946,15.0
SPOC_vs_TESSCut,SPOC,68,109,TESSCut,FluxKurtosis,0.015289449112978554,0.00961801428570491,9.0
SPOC_vs_TESSCut,SPOC,68,109,TESSCut,TailAsymmetry,0.009601618425147906,0.009094339538165835,19.0
SPOC_vs_TESSCut,SPOC,68,109,TESSCut,TailRatio,0.017449424214130156,0.007669586896139477,6.0
SPOC_vs_TESSCut,SPOC,68,109,TESSCut,EtaVonNeumann,0.015589791472144444,0.0117893746705389,8.0
SPOC_vs_TESSCut,SPOC,68,109,TESSCut,MaxAbsSlope,0.011935366739288345,0.008907723804051559,17.0
SPOC_vs_TESSCut,SPOC,68,109,TESSCut,MedianAbsSuccessiveDiff,0.030395269218798655,0.011695971094370752,3.0
SPOC_vs_TESSCut,SPOC,68,109,TESSCut,FractionBeyond1Std,0.0014550264550264647,0.004365079365079394,29.0
SPOC_vs_TESSCut,SPOC,68,109,TESSCut,FractionBeyond2Std,0.007591036414565838,0.008271652887595638,23.0
SPOC_vs_TESSCut,SPOC,68,109,TESSCut,LsBestPeriod,0.034452662156480546,0.006736387266159887,2.0
SPOC_vs_TESSCut,SPOC,68,109,TESSCut,LsMaxPower,0.010563855171698356,0.008963849971529025,18.0
SPOC_vs_TESSCut,SPOC,68,109,TESSCut,LsFalseAlarmProbability,0.0,0.0,33.0
SPOC_vs_TESSCut,SPOC,68,109,TESSCut,LsPeriod2,0.03721203881162603,0.011787333006435804,1.0
SPOC_vs_TESSCut,SPOC,68,109,TESSCut,LsPeriod3,0.02158541779284817,0.010794963957904885,5.0
SPOC_vs_TESSCut,SPOC,68,109,TESSCut,LsPeakPowerGap12,0.009433032472248203,0.0077160127666756236,20.0
SPOC_vs_TESSCut,SPOC,68,109,TESSCut,LsPeakPowerGap23,0.004178338001867443,0.0089828042971693,27.0
SPOC_vs_TESSCut,SPOC,68,109,TESSCut,LsPowerRatio21,0.00046685340802987696,0.001999855274566183,30.0
SPOC_vs_TESSCut,SPOC,68,109,TESSCut,LsPowerRatio31,-0.0009803921568627416,0.0014975737565215109,37.0
SPOC_vs_TESSCut,SPOC,68,109,TESSCut,LsPeriodRatio21,0.01666666666666674,0.005555555555555581,7.0
SPOC_vs_TESSCut,SPOC,68,109,TESSCut,LsPeriodRatio31,0.014814814814814881,0.007407407407407441,11.0
SPOC_vs_TESSCut,SPOC,68,109,TESSCut,PhaseCurveStd,-0.00016806722689071684,0.008111493338345382,36.0
SPOC_vs_TESSCut,SPOC,68,109,TESSCut,PhasePeakPhase,0.006069094304388445,0.008418693002913424,25.0
SPOC_vs_TESSCut,SPOC,68,109,TESSCut,PhaseTroughPhase,0.013960473078120188,0.010216100621086126,13.0
SPOC_vs_TESSCut,SPOC,68,109,TESSCut,PhasePeakToTroughPhaseDelta,0.0,0.0,33.0
SPOC_vs_TESSCut,SPOC,73,114,SPOC,QualityScore,0.0,0.0,22.5
SPOC_vs_TESSCut,SPOC,73,114,SPOC,OriginalFluxMedian,0.0,0.0,22.5
SPOC_vs_TESSCut,SPOC,73,114,SPOC,OriginalFluxStd,0.025976542663849123,0.015809433357369215,1.0
SPOC_vs_TESSCut,SPOC,73,114,SPOC,CadenceCount,0.009236053095702157,0.008236645198668645,9.0
SPOC_vs_TESSCut,SPOC,73,114,SPOC,TimeSpanDays,-0.016975308641975273,0.013681580406976231,36.0
SPOC_vs_TESSCut,SPOC,73,114,SPOC,MedianCadenceDays,0.015432098765432079,0.009259259259259233,4.0
SPOC_vs_TESSCut,SPOC,73,114,SPOC,FluxStd,0.0,0.0,22.5
SPOC_vs_TESSCut,SPOC,73,114,SPOC,FluxMedian,0.0,0.0,22.5
SPOC_vs_TESSCut,SPOC,73,114,SPOC,FluxMad,-0.02368797811522272,0.018402776288095637,38.0
SPOC_vs_TESSCut,SPOC,73,114,SPOC,FluxP05,2.2204460492503132e-17,0.0128744775398853,20.0
SPOC_vs_TESSCut,SPOC,73,114,SPOC,FluxP90,0.01419753086419755,0.014942862267790371,5.0
SPOC_vs_TESSCut,SPOC,73,114,SPOC,FluxP95,0.02213403880070549,0.008795826635209792,3.0
SPOC_vs_TESSCut,SPOC,73,114,SPOC,FluxIqr,-0.02149169219344661,0.017511158233153197,37.0
SPOC_vs_TESSCut,SPOC,73,114,SPOC,FluxAmplitude,-0.024833325142922656,0.013544009600463373,39.0
SPOC_vs_TESSCut,SPOC,73,114,SPOC,FluxPercentAmplitude95To5,0.0013645224171539461,0.009033708512034054,16.0
SPOC_vs_TESSCut,SPOC,73,114,SPOC,FluxSkewness,0.012962962962962976,0.018431389892434185,6.0
SPOC_vs_TESSCut,SPOC,73,114,SPOC,FluxKurtosis,0.0036317645966768564,0.009326725736175014,13.0
SPOC_vs_TESSCut,SPOC,73,114,SPOC,TailAsymmetry,0.011029889538661497,0.014365237745841428,7.0
SPOC_vs_TESSCut,SPOC,73,114,SPOC,TailRatio,0.025747238466536704,0.01264581019199392,2.0
SPOC_vs_TESSCut,SPOC,73,114,SPOC,EtaVonNeumann,0.006278905324312944,0.012080515496417093,11.0
SPOC_vs_TESSCut,SPOC,73,114,SPOC,MaxAbsSlope,0.008154645873944044,0.007383501087557438,10.0
SPOC_vs_TESSCut,SPOC,73,114,SPOC,MedianAbsSuccessiveDiff,-0.002032723420752358,0.016238686524498,27.0
SPOC_vs_TESSCut,SPOC,73,114,SPOC,FractionBeyond1Std,-0.0023206163557041417,0.015474871437179002,28.0
SPOC_vs_TESSCut,SPOC,73,114,SPOC,FractionBeyond2Std,0.001455026455026398,0.0036681017523444706,15.0
SPOC_vs_TESSCut,SPOC,73,114,SPOC,LsBestPeriod,-0.016634341845900145,0.011332702981222699,34.0
SPOC_vs_TESSCut,SPOC,73,114,SPOC,LsMaxPower,0.009563260001856467,0.011926538817111372,8.0
SPOC_vs_TESSCut,SPOC,73,114,SPOC,LsFalseAlarmProbability,-0.0012345679012345622,0.0037037037037036874,26.0
SPOC_vs_TESSCut,SPOC,73,114,SPOC,LsPeriod2,-0.006615476599996739,0.02069262565203168,33.0
SPOC_vs_TESSCut,SPOC,73,114,SPOC,LsPeriod3,0.0006840357975548605,0.019948916626771514,19.0
SPOC_vs_TESSCut,SPOC,73,114,SPOC,LsPeakPowerGap12,0.002578668894458358,0.011690335341028419,14.0
SPOC_vs_TESSCut,SPOC,73,114,SPOC,LsPeakPowerGap23,0.0010326742782883036,0.010199277846023081,18.0
SPOC_vs_TESSCut,SPOC,73,114,SPOC,LsPowerRatio21,-0.0006961849067112058,0.006096052012349539,25.0
SPOC_vs_TESSCut,SPOC,73,114,SPOC,LsPowerRatio31,-0.004191033138401546,0.008301400997853092,31.0
SPOC_vs_TESSCut,SPOC,73,114,SPOC,LsPeriodRatio21,-0.016931216931216898,0.011857637476727478,35.0
SPOC_vs_TESSCut,SPOC,73,114,SPOC,LsPeriodRatio31,-0.004188712522045834,0.008142653919267464,30.0
SPOC_vs_TESSCut,SPOC,73,114,SPOC,PhaseCurveStd,0.0013370845414188426,0.0035229208284892066,17.0
SPOC_vs_TESSCut,SPOC,73,114,SPOC,PhasePeakPhase,-0.005335097001763656,0.007213948268181915,32.0
SPOC_vs_TESSCut,SPOC,73,114,SPOC,PhaseTroughPhase,-0.004129878072086535,0.01137879821228807,29.0
SPOC_vs_TESSCut,SPOC,73,114,SPOC,PhasePeakToTroughPhaseDelta,0.004938271604938216,0.00719870604301886,12.0
SPOC_vs_TESSCut,SPOC,73,114,TESSCut,QualityScore,0.0044444444444444505,0.0036288736930121207,16.0
SPOC_vs_TESSCut,SPOC,73,114,TESSCut,OriginalFluxMedian,0.00032679738562091387,0.0009803921568627414,26.0
SPOC_vs_TESSCut,SPOC,73,114,TESSCut,OriginalFluxStd,0.0011655773420479077,0.009819183576586931,25.0
SPOC_vs_TESSCut,SPOC,73,114,TESSCut,CadenceCount,0.0075101151571739634,0.004437051899526376,9.0
SPOC_vs_TESSCut,SPOC,73,114,TESSCut,TimeSpanDays,0.007976968565203852,0.005446579520522873,7.0
SPOC_vs_TESSCut,SPOC,73,114,TESSCut,MedianCadenceDays,0.033953511229053004,0.01029246050435269,1.0
SPOC_vs_TESSCut,SPOC,73,114,TESSCut,FluxStd,0.0,0.0,29.0
SPOC_vs_TESSCut,SPOC,73,114,TESSCut,FluxMedian,0.0,0.0,29.0
SPOC_vs_TESSCut,SPOC,73,114,TESSCut,FluxMad,-2.244172522811172e-05,0.00407226617434673,31.0
SPOC_vs_TESSCut,SPOC,73,114,TESSCut,FluxP05,0.01176470588235291,0.006434290880454813,4.0
SPOC_vs_TESSCut,SPOC,73,114,TESSCut,FluxP90,-0.004945533769063193,0.0040263880369866495,37.0
SPOC_vs_TESSCut,SPOC,73,114,TESSCut,FluxP95,-0.000962127541074953,0.0056421754169718626,34.0
SPOC_vs_TESSCut,SPOC,73,114,TESSCut,FluxIqr,0.0031450357920946082,0.004998430498513454,19.0
SPOC_vs_TESSCut,SPOC,73,114,TESSCut,FluxAmplitude,-0.0003081232492997299,0.0030553906009874957,33.0
SPOC_vs_TESSCut,SPOC,73,114,TESSCut,FluxPercentAmplitude95To5,-0.00017027863777089314,0.001783124013290749,32.0
SPOC_vs_TESSCut,SPOC,73,114,TESSCut,FluxSkewness,0.002164643635231861,0.003490035502810029,22.0
SPOC_vs_TESSCut,SPOC,73,114,TESSCut,FluxKurtosis,0.0015048241518829664,0.004827213319331054,24.0
SPOC_vs_TESSCut,SPOC,73,114,TESSCut,TailAsymmetry,-0.0055820105820105995,0.0067181704981944,38.0
SPOC_vs_TESSCut,SPOC,73,114,TESSCut,TailRatio,0.00562247121070647,0.01318118624373266,12.0
SPOC_vs_TESSCut,SPOC,73,114,TESSCut,EtaVonNeumann,0.005553999377528767,0.01056744674831666,13.0
SPOC_vs_TESSCut,SPOC,73,114,TESSCut,MaxAbsSlope,0.005116713352007462,0.007957001058900971,14.0
SPOC_vs_TESSCut,SPOC,73,114,TESSCut,MedianAbsSuccessiveDiff,0.029305289367208838,0.012891895486308836,2.0
SPOC_vs_TESSCut,SPOC,73,114,TESSCut,FractionBeyond1Std,-0.003118580765639595,0.0061716231264024365,36.0
SPOC_vs_TESSCut,SPOC,73,114,TESSCut,FractionBeyond2Std,-0.010444165970481761,0.010067991970479981,39.0
SPOC_vs_TESSCut,SPOC,73,114,TESSCut,LsBestPeriod,0.01121209887463756,0.011067393382478606,5.0
SPOC_vs_TESSCut,SPOC,73,114,TESSCut,LsMaxPower,-0.0020230314347961355,0.0022070203747950536,35.0
SPOC_vs_TESSCut,SPOC,73,114,TESSCut,LsFalseAlarmProbability,0.0,0.0,29.0
SPOC_vs_TESSCut,SPOC,73,114,TESSCut,LsPeriod2,0.013445460055367153,0.009658801300515652,3.0
SPOC_vs_TESSCut,SPOC,73,114,TESSCut,LsPeriod3,0.007247694399397158,0.0071982193815699706,10.0
SPOC_vs_TESSCut,SPOC,73,114,TESSCut,LsPeakPowerGap12,0.006019214703425213,0.006669209415651918,11.0
SPOC_vs_TESSCut,SPOC,73,114,TESSCut,LsPeakPowerGap23,0.00787737317149081,0.004944875605926521,8.0
SPOC_vs_TESSCut,SPOC,73,114,TESSCut,LsPowerRatio21,0.0029116090880796698,0.011350034232180157,20.0
SPOC_vs_TESSCut,SPOC,73,114,TESSCut,LsPowerRatio31,0.003280423280423267,0.00739057043401307,17.0
SPOC_vs_TESSCut,SPOC,73,114,TESSCut,LsPeriodRatio21,0.003201058201058193,0.0028405603441544885,18.0
SPOC_vs_TESSCut,SPOC,73,114,TESSCut,LsPeriodRatio31,0.0015343915343915438,0.00663678530458793,23.0
SPOC_vs_TESSCut,SPOC,73,114,TESSCut,PhaseCurveStd,0.002645502645502634,0.0065624675024246945,21.0
SPOC_vs_TESSCut,SPOC,73,114,TESSCut,PhasePeakPhase,0.004805477746654208,0.0046677497006798775,15.0
SPOC_vs_TESSCut,SPOC,73,114,TESSCut,PhaseTroughPhase,0.0002349828820416955,0.007764755914675124,27.0
SPOC_vs_TESSCut,SPOC,73,114,TESSCut,PhasePeakToTroughPhaseDelta,0.008093681917211316,0.005824853347458937,6.0
SPOC_vs_TESSCut,SPOC,79,120,SPOC,QualityScore,-0.0003174603174603163,0.000952380952380949,34.0
SPOC_vs_TESSCut,SPOC,79,120,SPOC,OriginalFluxMedian,0.0,0.0,31.5
SPOC_vs_TESSCut,SPOC,79,120,SPOC,OriginalFluxStd,0.1252528652786651,0.02754176681127648,1.0
SPOC_vs_TESSCut,SPOC,79,120,SPOC,CadenceCount,0.022883597883597884,0.01486021482734598,10.0
SPOC_vs_TESSCut,SPOC,79,120,SPOC,TimeSpanDays,0.02569094304388423,0.007535888943379518,7.0
SPOC_vs_TESSCut,SPOC,79,120,SPOC,MedianCadenceDays,0.002777777777777768,0.0018184824186332634,27.0
SPOC_vs_TESSCut,SPOC,79,120,SPOC,FluxStd,0.0,0.0,31.5
SPOC_vs_TESSCut,SPOC,79,120,SPOC,FluxMedian,0.0,0.0,31.5
SPOC_vs_TESSCut,SPOC,79,120,SPOC,FluxMad,0.013291316526610652,0.014311506013351682,19.0
SPOC_vs_TESSCut,SPOC,79,120,SPOC,FluxP05,0.00890911920323686,0.016316148136634522,21.0
SPOC_vs_TESSCut,SPOC,79,120,SPOC,FluxP90,0.01183350533195735,0.01394479308241929,20.0
SPOC_vs_TESSCut,SPOC,79,120,SPOC,FluxP95,0.05145633692073324,0.013995778107159282,2.0
SPOC_vs_TESSCut,SPOC,79,120,SPOC,FluxIqr,0.00031402034498010376,0.005904350562988202,29.0
SPOC_vs_TESSCut,SPOC,79,120,SPOC,FluxAmplitude,0.03311268366995923,0.01742623927892484,3.0
SPOC_vs_TESSCut,SPOC,79,120,SPOC,FluxPercentAmplitude95To5,-0.006825396825396834,0.00915649702723111,37.0
SPOC_vs_TESSCut,SPOC,79,120,SPOC,FluxSkewness,-0.005215080184120391,0.017490117354420843,36.0
SPOC_vs_TESSCut,SPOC,79,120,SPOC,FluxKurtosis,0.032851737186102514,0.004438930944834797,4.0
SPOC_vs_TESSCut,SPOC,79,120,SPOC,TailAsymmetry,0.0035045948203843214,0.016090343943825785,26.0
SPOC_vs_TESSCut,SPOC,79,120,SPOC,TailRatio,0.016612282339836547,0.01831508098909259,17.0
SPOC_vs_TESSCut,SPOC,79,120,SPOC,EtaVonNeumann,0.018377506948198452,0.00521754210333297,15.0
SPOC_vs_TESSCut,SPOC,79,120,SPOC,MaxAbsSlope,0.023384441495896635,0.008943306045709875,9.0
SPOC_vs_TESSCut,SPOC,79,120,SPOC,MedianAbsSuccessiveDiff,0.0026486969056628952,0.010895819030053364,28.0
SPOC_vs_TESSCut,SPOC,79,120,SPOC,FractionBeyond1Std,0.029153766769865853,0.0028167892804862927,5.0
SPOC_vs_TESSCut,SPOC,79,120,SPOC,FractionBeyond2Std,0.026558061821219735,0.002767807056095925,6.0
SPOC_vs_TESSCut,SPOC,79,120,SPOC,LsBestPeriod,0.007102341911423416,0.01733800942440628,23.0
SPOC_vs_TESSCut,SPOC,79,120,SPOC,LsMaxPower,0.01704260651629076,0.00842948550725738,16.0
SPOC_vs_TESSCut,SPOC,79,120,SPOC,LsFalseAlarmProbability,0.0,0.0,31.5
SPOC_vs_TESSCut,SPOC,79,120,SPOC,LsPeriod2,0.00669041885760151,0.020983375573380928,24.0
SPOC_vs_TESSCut,SPOC,79,120,SPOC,LsPeriod3,0.021909785356637825,0.025241172084449266,11.0
SPOC_vs_TESSCut,SPOC,79,120,SPOC,LsPeakPowerGap12,0.008425475453339238,0.010511234170876608,22.0
SPOC_vs_TESSCut,SPOC,79,120,SPOC,LsPeakPowerGap23,0.01923449691767547,0.011136780295081552,12.0
SPOC_vs_TESSCut,SPOC,79,120,SPOC,LsPowerRatio21,0.01880952380952382,0.012372046043626687,13.0
SPOC_vs_TESSCut,SPOC,79,120,SPOC,LsPowerRatio31,0.004094304388422032,0.009100841102488636,25.0
SPOC_vs_TESSCut,SPOC,79,120,SPOC,LsPeriodRatio21,0.024363605091159302,0.018835225660598927,8.0
SPOC_vs_TESSCut,SPOC,79,120,SPOC,LsPeriodRatio31,-0.001904761904761898,0.0015552315827194725,35.0
SPOC_vs_TESSCut,SPOC,79,120,SPOC,PhaseCurveStd,0.018537765983586453,0.011629259947062601,14.0
SPOC_vs_TESSCut,SPOC,79,120,SPOC,PhasePeakPhase,-0.013015873015873026,0.008812978968743728,38.0
SPOC_vs_TESSCut,SPOC,79,120,SPOC,PhaseTroughPhase,0.01432748538011699,0.014366220463787419,18.0
SPOC_vs_TESSCut,SPOC,79,120,SPOC,PhasePeakToTroughPhaseDelta,-0.014702032859927583,0.00873964578454174,39.0
SPOC_vs_TESSCut,SPOC,79,120,TESSCut,QualityScore,-0.0007936507936508019,0.0015873015873016038,11.0
SPOC_vs_TESSCut,SPOC,79,120,TESSCut,OriginalFluxMedian,-0.0001400560224089742,0.002294716288971907,10.0
SPOC_vs_TESSCut,SPOC,79,120,TESSCut,OriginalFluxStd,0.0013149704326174349,0.006441517878149014,6.0
SPOC_vs_TESSCut,SPOC,79,120,TESSCut,CadenceCount,0.007480029048656467,0.006981127098745217,2.0
SPOC_vs_TESSCut,SPOC,79,120,TESSCut,TimeSpanDays,0.0042675588754019665,0.008026896747040217,4.0
SPOC_vs_TESSCut,SPOC,79,120,TESSCut,MedianCadenceDays,0.005150430542587315,0.0073871371713375164,3.0
SPOC_vs_TESSCut,SPOC,79,120,TESSCut,FluxStd,0.0,0.0,8.0
SPOC_vs_TESSCut,SPOC,79,120,TESSCut,FluxMedian,0.0,0.0,8.0
SPOC_vs_TESSCut,SPOC,79,120,TESSCut,FluxMad,-0.010247432306255865,0.005904772904302236,37.0
SPOC_vs_TESSCut,SPOC,79,120,TESSCut,FluxP05,-0.0074976657329598965,0.005881458688368573,31.0
SPOC_vs_TESSCut,SPOC,79,120,TESSCut,FluxP90,-0.009197012138188632,0.0022051103041306258,33.0
SPOC_vs_TESSCut,SPOC,79,120,TESSCut,FluxP95,-0.004365079365079405,0.0011904761904761862,22.0
SPOC_vs_TESSCut,SPOC,79,120,TESSCut,FluxIqr,-0.0014731818653387573,0.003547642226042643,12.0
SPOC_vs_TESSCut,SPOC,79,120,TESSCut,FluxAmplitude,-0.0076351281253242255,0.004932716395659543,32.0
SPOC_vs_TESSCut,SPOC,79,120,TESSCut,FluxPercentAmplitude95To5,-0.003081232492997199,0.0010635654294952918,16.0
SPOC_vs_TESSCut,SPOC,79,120,TESSCut,FluxSkewness,-0.0025676937441643454,0.0033681459356541136,14.0
SPOC_vs_TESSCut,SPOC,79,120,TESSCut,FluxKurtosis,-0.010037348272642433,0.0017561384569378337,36.0
SPOC_vs_TESSCut,SPOC,79,120,TESSCut,TailAsymmetry,-0.005952380952380987,0.001984126984126977,28.0
SPOC_vs_TESSCut,SPOC,79,120,TESSCut,TailRatio,-0.009424214130096526,0.006110198616220356,34.0
SPOC_vs_TESSCut,SPOC,79,120,TESSCut,EtaVonNeumann,-0.004857869073555371,0.0075180835207748235,24.0
SPOC_vs_TESSCut,SPOC,79,120,TESSCut,MaxAbsSlope,-0.0035097001763669256,0.005667817525900068,18.0
SPOC_vs_TESSCut,SPOC,79,120,TESSCut,MedianAbsSuccessiveDiff,0.025089220873534546,0.011206112310900154,1.0
SPOC_vs_TESSCut,SPOC,79,120,TESSCut,FractionBeyond1Std,-0.004318394024276412,0.002908481744719212,21.0
SPOC_vs_TESSCut,SPOC,79,120,TESSCut,FractionBeyond2Std,-0.005999066293183963,0.0025486305336429277,29.0
SPOC_vs_TESSCut,SPOC,79,120,TESSCut,LsBestPeriod,-0.0014800072075614567,0.00964717096380064,13.0
SPOC_vs_TESSCut,SPOC,79,120,TESSCut,LsMaxPower,-0.00532212885154063,0.0036279646630220314,27.0
SPOC_vs_TESSCut,SPOC,79,120,TESSCut,LsFalseAlarmProbability,0.0,0.0,8.0
SPOC_vs_TESSCut,SPOC,79,120,TESSCut,LsPeriod2,-0.0050346454371222645,0.012837476065052707,25.0
SPOC_vs_TESSCut,SPOC,79,120,TESSCut,LsPeriod3,-0.0032595104318531134,0.007341228692448771,17.0
SPOC_vs_TESSCut,SPOC,79,120,TESSCut,LsPeakPowerGap12,-0.016872082166199863,0.0077437159493515826,39.0
SPOC_vs_TESSCut,SPOC,79,120,TESSCut,LsPeakPowerGap23,-0.00392623716153131,0.0019185857549755604,20.0
SPOC_vs_TESSCut,SPOC,79,120,TESSCut,LsPowerRatio21,-0.009550264550264625,0.0049928344122925255,35.0
SPOC_vs_TESSCut,SPOC,79,120,TESSCut,LsPowerRatio31,-0.011405228758170006,0.003098845950027812,38.0
SPOC_vs_TESSCut,SPOC,79,120,TESSCut,LsPeriodRatio21,-0.002777777777777807,0.0030993054269470963,15.0
SPOC_vs_TESSCut,SPOC,79,120,TESSCut,LsPeriodRatio31,0.00403050108932459,0.008363386802232671,5.0
SPOC_vs_TESSCut,SPOC,79,120,TESSCut,PhaseCurveStd,-0.005158730158730185,0.0030993054269470924,26.0
SPOC_vs_TESSCut,SPOC,79,120,TESSCut,PhasePeakPhase,-0.00609243697478995,0.002460299742856768,30.0
SPOC_vs_TESSCut,SPOC,79,120,TESSCut,PhaseTroughPhase,-0.0037529826745513637,0.005337254687556694,19.0
SPOC_vs_TESSCut,SPOC,79,120,TESSCut,PhasePeakToTroughPhaseDelta,-0.004761904761904789,0.0029695693545825005,23.0
SPOC_vs_TESSCut,SPOC,84,125,SPOC,QualityScore,-0.0003174603174603163,0.000952380952380949,23.0
SPOC_vs_TESSCut,SPOC,84,125,SPOC,OriginalFluxMedian,0.0,0.0,20.5
SPOC_vs_TESSCut,SPOC,84,125,SPOC,OriginalFluxStd,0.025954100938621077,0.05166348147952124,11.0
SPOC_vs_TESSCut,SPOC,84,125,SPOC,CadenceCount,0.009679754942912833,0.02704135496514033,14.0
SPOC_vs_TESSCut,SPOC,84,125,SPOC,TimeSpanDays,-0.010740740740740707,0.02350625991121073,35.0
SPOC_vs_TESSCut,SPOC,84,125,SPOC,MedianCadenceDays,-0.000952380952380949,0.0014547859349066106,24.0
SPOC_vs_TESSCut,SPOC,84,125,SPOC,FluxStd,0.0,0.0,20.5
SPOC_vs_TESSCut,SPOC,84,125,SPOC,FluxMedian,0.0,0.0,20.5
SPOC_vs_TESSCut,SPOC,84,125,SPOC,FluxMad,0.05682539682539685,0.0023862375203766435,3.0
SPOC_vs_TESSCut,SPOC,84,125,SPOC,FluxP05,-0.023567251461988303,0.019981401282952505,38.0
SPOC_vs_TESSCut,SPOC,84,125,SPOC,FluxP90,-0.013373247934651455,0.008512827579904078,36.0
SPOC_vs_TESSCut,SPOC,84,125,SPOC,FluxP95,0.014004919706674123,0.03148653157308002,13.0
SPOC_vs_TESSCut,SPOC,84,125,SPOC,FluxIqr,0.04190476190476193,0.024945897618889035,8.0
SPOC_vs_TESSCut,SPOC,84,125,SPOC,FluxAmplitude,0.04925647451963246,0.003071002224446363,6.0
SPOC_vs_TESSCut,SPOC,84,125,SPOC,FluxPercentAmplitude95To5,-0.009779541446208118,0.0052610040079808535,32.0
SPOC_vs_TESSCut,SPOC,84,125,SPOC,FluxSkewness,-0.009978186206256411,0.006234963842855869,33.0
SPOC_vs_TESSCut,SPOC,84,125,SPOC,FluxKurtosis,0.05459064327485387,0.0027709352221492976,4.0
SPOC_vs_TESSCut,SPOC,84,125,SPOC,TailAsymmetry,-0.02487236610043625,0.013637314576199808,39.0
SPOC_vs_TESSCut,SPOC,84,125,SPOC,TailRatio,-0.02147678564603227,0.012201708439622197,37.0
SPOC_vs_TESSCut,SPOC,84,125,SPOC,EtaVonNeumann,0.015557111733582329,0.027292646728523162,12.0
SPOC_vs_TESSCut,SPOC,84,125,SPOC,MaxAbsSlope,0.040893901420217246,0.02261487205268431,9.0
SPOC_vs_TESSCut,SPOC,84,125,SPOC,MedianAbsSuccessiveDiff,-0.004033531541271507,0.005744703818556282,25.0
SPOC_vs_TESSCut,SPOC,84,125,SPOC,FractionBeyond1Std,0.0032539682539682647,0.016212442304055656,17.0
SPOC_vs_TESSCut,SPOC,84,125,SPOC,FractionBeyond2Std,-0.0052673350041770985,0.002732062690127032,26.0
SPOC_vs_TESSCut,SPOC,84,125,SPOC,LsBestPeriod,0.05307418873982346,0.010040030367025107,5.0
SPOC_vs_TESSCut,SPOC,84,125,SPOC,LsMaxPower,0.00045751633986930164,0.0164921251029598,18.0
SPOC_vs_TESSCut,SPOC,84,125,SPOC,LsFalseAlarmProbability,0.0,0.0,20.5
SPOC_vs_TESSCut,SPOC,84,125,SPOC,LsPeriod2,0.06026995593559065,0.012457558594938906,1.0
SPOC_vs_TESSCut,SPOC,84,125,SPOC,LsPeriod3,0.05936270414598595,0.011261693699137536,2.0
SPOC_vs_TESSCut,SPOC,84,125,SPOC,LsPeakPowerGap12,-0.0076330532212884996,0.00990172795406083,29.0
SPOC_vs_TESSCut,SPOC,84,125,SPOC,LsPeakPowerGap23,0.04661531279178342,0.008723463348943233,7.0
SPOC_vs_TESSCut,SPOC,84,125,SPOC,LsPowerRatio21,-0.007477954144620791,0.010632507381919822,28.0
SPOC_vs_TESSCut,SPOC,84,125,SPOC,LsPowerRatio31,0.007439896036387261,0.025170678540650585,16.0
SPOC_vs_TESSCut,SPOC,84,125,SPOC,LsPeriodRatio21,-0.006569664902998262,0.005884054907621624,27.0
SPOC_vs_TESSCut,SPOC,84,125,SPOC,LsPeriodRatio31,-0.008597883597883627,0.0064688715833868,30.0
SPOC_vs_TESSCut,SPOC,84,125,SPOC,PhaseCurveStd,0.007936507936507953,0.022094303027103274,15.0
SPOC_vs_TESSCut,SPOC,84,125,SPOC,PhasePeakPhase,-0.00878585352269562,0.01097434407129959,31.0
SPOC_vs_TESSCut,SPOC,84,125,SPOC,PhaseTroughPhase,-0.010652557319223988,0.009694386599845756,34.0
SPOC_vs_TESSCut,SPOC,84,125,SPOC,PhasePeakToTroughPhaseDelta,0.02878306878306881,0.02571036615238288,10.0
SPOC_vs_TESSCut,SPOC,84,125,TESSCut,QualityScore,0.007830687830687832,0.0034840375943183772,11.0
SPOC_vs_TESSCut,SPOC,84,125,TESSCut,OriginalFluxMedian,0.005018674136321177,0.003033559416924898,14.0
SPOC_vs_TESSCut,SPOC,84,125,TESSCut,OriginalFluxStd,0.015536881419234361,0.009359336967754248,3.0
SPOC_vs_TESSCut,SPOC,84,125,TESSCut,CadenceCount,-0.000961718020541552,0.00870129759724454,27.0
SPOC_vs_TESSCut,SPOC,84,125,TESSCut,TimeSpanDays,0.003253968253968259,0.010389822216945212,17.0
SPOC_vs_TESSCut,SPOC,84,125,TESSCut,MedianCadenceDays,0.01908341114223467,0.005940525104798276,2.0
SPOC_vs_TESSCut,SPOC,84,125,TESSCut,FluxStd,0.0,0.0,23.0
SPOC_vs_TESSCut,SPOC,84,125,TESSCut,FluxMedian,0.0,0.0,23.0
SPOC_vs_TESSCut,SPOC,84,125,TESSCut,FluxMad,0.0140740740740741,0.0075223759318725275,5.0
SPOC_vs_TESSCut,SPOC,84,125,TESSCut,FluxP05,0.01516339869281046,0.010604864466523799,4.0
SPOC_vs_TESSCut,SPOC,84,125,TESSCut,FluxP90,-0.0007485216308745823,0.009169466428301368,26.0
SPOC_vs_TESSCut,SPOC,84,125,TESSCut,FluxP95,-0.004699657640834109,0.01307448324095024,32.0
SPOC_vs_TESSCut,SPOC,84,125,TESSCut,FluxIqr,0.007857142857142858,0.009908493452105212,10.0
SPOC_vs_TESSCut,SPOC,84,125,TESSCut,FluxAmplitude,-0.01851540616246498,0.009953818287561679,38.0
SPOC_vs_TESSCut,SPOC,84,125,TESSCut,FluxPercentAmplitude95To5,-0.00988484282601929,0.007080975286679954,35.0
SPOC_vs_TESSCut,SPOC,84,125,TESSCut,FluxSkewness,-0.0015188297541238848,0.009733256511183154,28.0
SPOC_vs_TESSCut,SPOC,84,125,TESSCut,FluxKurtosis,-0.0001991907874260901,0.009850326154196246,25.0
SPOC_vs_TESSCut,SPOC,84,125,TESSCut,TailAsymmetry,-0.01677248677248676,0.010408236580527102,37.0
SPOC_vs_TESSCut,SPOC,84,125,TESSCut,TailRatio,0.002734204793028333,0.011506664980267818,19.0
SPOC_vs_TESSCut,SPOC,84,125,TESSCut,EtaVonNeumann,0.00776999688764396,0.014955478155348935,12.0
SPOC_vs_TESSCut,SPOC,84,125,TESSCut,MaxAbsSlope,3.890445066915826e-05,0.007399927601323688,21.0
SPOC_vs_TESSCut,SPOC,84,125,TESSCut,MedianAbsSuccessiveDiff,0.023420479302832253,0.014790959276219557,1.0
SPOC_vs_TESSCut,SPOC,84,125,TESSCut,FractionBeyond1Std,-0.0021988795518206984,0.00997421753834387,29.0
SPOC_vs_TESSCut,SPOC,84,125,TESSCut,FractionBeyond2Std,-0.01945222533457827,0.012846665747521777,39.0
SPOC_vs_TESSCut,SPOC,84,125,TESSCut,LsBestPeriod,0.011313414254590731,0.008677732039026704,7.0
SPOC_vs_TESSCut,SPOC,84,125,TESSCut,LsMaxPower,0.006973233737939616,0.004436878608426021,13.0
SPOC_vs_TESSCut,SPOC,84,125,TESSCut,LsFalseAlarmProbability,0.0,0.0,23.0
SPOC_vs_TESSCut,SPOC,84,125,TESSCut,LsPeriod2,0.012275132275132277,0.006251486147686451,6.0
SPOC_vs_TESSCut,SPOC,84,125,TESSCut,LsPeriod3,0.004148770619358866,0.005135850548306745,15.0
SPOC_vs_TESSCut,SPOC,84,125,TESSCut,LsPeakPowerGap12,-0.007831206556696729,0.009989218434033388,33.0
SPOC_vs_TESSCut,SPOC,84,125,TESSCut,LsPeakPowerGap23,0.0008258118062039576,0.00467303721679562,20.0
SPOC_vs_TESSCut,SPOC,84,125,TESSCut,LsPowerRatio21,0.008812636165577347,0.011844075051003947,9.0
SPOC_vs_TESSCut,SPOC,84,125,TESSCut,LsPowerRatio31,-0.010071584189231236,0.013452890015215595,36.0
SPOC_vs_TESSCut,SPOC,84,125,TESSCut,LsPeriodRatio21,0.0029847494553377043,0.007266220985335694,18.0
SPOC_vs_TESSCut,SPOC,84,125,TESSCut,LsPeriodRatio31,0.0035169623404917695,0.010167691393663,16.0
SPOC_vs_TESSCut,SPOC,84,125,TESSCut,PhaseCurveStd,-0.003526299408652339,0.016298728757450694,30.0
SPOC_vs_TESSCut,SPOC,84,125,TESSCut,PhasePeakPhase,0.009483348895113607,0.01123372614346217,8.0
SPOC_vs_TESSCut,SPOC,84,125,TESSCut,PhaseTroughPhase,-0.00905695611577963,0.00834563056235497,34.0
SPOC_vs_TESSCut,SPOC,84,125,TESSCut,PhasePeakToTroughPhaseDelta,-0.004091192032368485,0.014281576507514214,31.0
SPOC_vs_TESSCut,SPOC,89,130,SPOC,QualityScore,0.0,0.0,11.5
SPOC_vs_TESSCut,SPOC,89,130,SPOC,OriginalFluxMedian,0.0,0.0,11.5
SPOC_vs_TESSCut,SPOC,89,130,SPOC,OriginalFluxStd,0.10580309706728688,0.010820054760933156,1.0
SPOC_vs_TESSCut,SPOC,89,130,SPOC,CadenceCount,-0.0007573399730262942,0.006858411210774412,15.0
SPOC_vs_TESSCut,SPOC,89,130,SPOC,TimeSpanDays,-0.011269841269841319,0.004306891306871696,32.0
SPOC_vs_TESSCut,SPOC,89,130,SPOC,MedianCadenceDays,0.0,0.0,11.5
SPOC_vs_TESSCut,SPOC,89,130,SPOC,FluxStd,0.0,0.0,11.5
SPOC_vs_TESSCut,SPOC,89,130,SPOC,FluxMedian,0.0,0.0,11.5
SPOC_vs_TESSCut,SPOC,89,130,SPOC,FluxMad,0.0016361983389846847,0.006954335543576883,7.0
SPOC_vs_TESSCut,SPOC,89,130,SPOC,FluxP05,-0.006569664902998262,0.005884054907621624,26.0
SPOC_vs_TESSCut,SPOC,89,130,SPOC,FluxP90,-0.0016313932980599687,0.0037622917072296152,17.5
SPOC_vs_TESSCut,SPOC,89,130,SPOC,FluxP95,0.021031746031745957,0.010655334588966274,2.0
SPOC_vs_TESSCut,SPOC,89,130,SPOC,FluxIqr,0.0011333617267569429,0.0050290101995203495,8.0
SPOC_vs_TESSCut,SPOC,89,130,SPOC,FluxAmplitude,-0.01168662396732576,0.006422937875906945,34.0
SPOC_vs_TESSCut,SPOC,89,130,SPOC,FluxPercentAmplitude95To5,-0.0032186948853615504,0.003571428571428584,20.0
SPOC_vs_TESSCut,SPOC,89,130,SPOC,FluxSkewness,-0.003244631185807645,0.0022953098370765285,21.0
SPOC_vs_TESSCut,SPOC,89,130,SPOC,FluxKurtosis,-0.012371205792258455,0.006455155949726557,35.0
SPOC_vs_TESSCut,SPOC,89,130,SPOC,TailAsymmetry,-0.004056437389770728,0.006563003381424924,22.0
SPOC_vs_TESSCut,SPOC,89,130,SPOC,TailRatio,-0.006084656084656093,0.006394970285472997,24.0
SPOC_vs_TESSCut,SPOC,89,130,SPOC,EtaVonNeumann,-0.01289189749974069,0.0041273669923930145,36.0
SPOC_vs_TESSCut,SPOC,89,130,SPOC,MaxAbsSlope,-0.005563336445689448,0.007935877694319917,23.0
SPOC_vs_TESSCut,SPOC,89,130,SPOC,MedianAbsSuccessiveDiff,0.005098039215686257,0.005565268600337125,4.0
SPOC_vs_TESSCut,SPOC,89,130,SPOC,FractionBeyond1Std,-0.010623563265462155,0.009785196244390901,31.0
SPOC_vs_TESSCut,SPOC,89,130,SPOC,FractionBeyond2Std,-0.0009816207184628277,0.002679624659190869,16.0
SPOC_vs_TESSCut,SPOC,89,130,SPOC,LsBestPeriod,0.006736694677871124,0.004134120708043026,3.0
SPOC_vs_TESSCut,SPOC,89,130,SPOC,LsMaxPower,-0.013316461087359,0.00661527966408576,37.0
SPOC_vs_TESSCut,SPOC,89,130,SPOC,LsFalseAlarmProbability,0.0,0.0,11.5
SPOC_vs_TESSCut,SPOC,89,130,SPOC,LsPeriod2,0.0034526403153853913,0.007917067908234961,5.0
SPOC_vs_TESSCut,SPOC,89,130,SPOC,LsPeriod3,0.0023980703392467717,0.008555079655693255,6.0
SPOC_vs_TESSCut,SPOC,89,130,SPOC,LsPeakPowerGap12,-0.01567019400352736,0.005545054603569431,38.0
SPOC_vs_TESSCut,SPOC,89,130,SPOC,LsPeakPowerGap23,-0.011313468857328568,0.005922732764105251,33.0
SPOC_vs_TESSCut,SPOC,89,130,SPOC,LsPowerRatio21,-0.0016313932980599687,0.0044602421428802655,17.5
SPOC_vs_TESSCut,SPOC,89,130,SPOC,LsPowerRatio31,-0.002671957671957692,0.0065660892462767705,19.0
SPOC_vs_TESSCut,SPOC,89,130,SPOC,LsPeriodRatio21,-0.009082892416225796,0.004794454045526718,30.0
SPOC_vs_TESSCut,SPOC,89,130,SPOC,LsPeriodRatio31,-0.007407407407407441,0.006407725617137573,27.0
SPOC_vs_TESSCut,SPOC,89,130,SPOC,PhaseCurveStd,-0.01684489000278482,0.0083478466678389,39.0
SPOC_vs_TESSCut,SPOC,89,130,SPOC,PhasePeakPhase,-0.006525573192239875,0.005871983003381503,25.0
SPOC_vs_TESSCut,SPOC,89,130,SPOC,PhaseTroughPhase,-0.00903880070546741,0.006030256785736081,29.0
SPOC_vs_TESSCut,SPOC,89,130,SPOC,PhasePeakToTroughPhaseDelta,-0.007495590828924215,0.0061501219661949675,28.0
SPOC_vs_TESSCut,SPOC,89,130,TESSCut,QualityScore,-0.0005835667600373462,0.0013580941370484414,16.0
SPOC_vs_TESSCut,SPOC,89,130,TESSCut,OriginalFluxMedian,-0.0006535947712418277,0.0013071895424836555,17.0
SPOC_vs_TESSCut,SPOC,89,130,TESSCut,OriginalFluxStd,0.0159866168689698,0.008695696819497119,1.0
SPOC_vs_TESSCut,SPOC,89,130,TESSCut,CadenceCount,0.002248267728143871,0.003817550324116573,4.0
SPOC_vs_TESSCut,SPOC,89,130,TESSCut,TimeSpanDays,0.0008627505583129857,0.007315835750821291,8.0
SPOC_vs_TESSCut,SPOC,89,130,TESSCut,MedianCadenceDays,0.01092903828197946,0.004081075317532734,2.0
SPOC_vs_TESSCut,SPOC,89,130,TESSCut,FluxStd,0.0,0.0,13.0
SPOC_vs_TESSCut,SPOC,89,130,TESSCut,FluxMedian,0.0,0.0,13.0
SPOC_vs_TESSCut,SPOC,89,130,TESSCut,FluxMad,0.0021910986616868744,0.005839329901760041,5.0
SPOC_vs_TESSCut,SPOC,89,130,TESSCut,FluxP05,-0.0019887955182072868,0.003401961777346082,24.0
SPOC_vs_TESSCut,SPOC,89,130,TESSCut,FluxP90,-0.007676107480029043,0.006390612978544072,37.0
SPOC_vs_TESSCut,SPOC,89,130,TESSCut,FluxP95,-0.0017507002801120497,0.002486295751999083,22.0
SPOC_vs_TESSCut,SPOC,89,130,TESSCut,FluxIqr,0.00011048863990040236,0.0027092022570035885,11.0
SPOC_vs_TESSCut,SPOC,89,130,TESSCut,FluxAmplitude,-0.004264965245357422,0.005782554948557124,33.0
SPOC_vs_TESSCut,SPOC,89,130,TESSCut,FluxPercentAmplitude95To5,-0.001248054777466545,0.004225674136065792,20.0
SPOC_vs_TESSCut,SPOC,89,130,TESSCut,FluxSkewness,-0.0042203548085900985,0.0020746578855964704,32.0
SPOC_vs_TESSCut,SPOC,89,130,TESSCut,FluxKurtosis,-0.0011780267662620636,0.003251198551896473,19.0
SPOC_vs_TESSCut,SPOC,89,130,TESSCut,TailAsymmetry,-0.0028711484593837546,0.003690283508755014,27.0
SPOC_vs_TESSCut,SPOC,89,130,TESSCut,TailRatio,0.001974789915966374,0.005019707621640691,6.0
SPOC_vs_TESSCut,SPOC,89,130,TESSCut,EtaVonNeumann,0.0013606183214026346,0.008893154656156971,7.0
SPOC_vs_TESSCut,SPOC,89,130,TESSCut,MaxAbsSlope,0.0005602240896358468,0.004539838346853168,9.0
SPOC_vs_TESSCut,SPOC,89,130,TESSCut,MedianAbsSuccessiveDiff,0.002524639485423791,0.011569265630113467,3.0
SPOC_vs_TESSCut,SPOC,89,130,TESSCut,FractionBeyond1Std,-0.0062356053532524325,0.003285865757882618,36.0
SPOC_vs_TESSCut,SPOC,89,130,TESSCut,FractionBeyond2Std,-0.0038671023965141603,0.003979505052352134,30.0
SPOC_vs_TESSCut,SPOC,89,130,TESSCut,LsBestPeriod,-0.0031133662041815113,0.006298855113470118,28.0
SPOC_vs_TESSCut,SPOC,89,130,TESSCut,LsMaxPower,-0.0014814814814815003,0.004711375172835667,21.0
SPOC_vs_TESSCut,SPOC,89,130,TESSCut,LsFalseAlarmProbability,0.0,0.0,13.0
SPOC_vs_TESSCut,SPOC,89,130,TESSCut,LsPeriod2,-0.0002932440032543393,0.004734644729722651,15.0
SPOC_vs_TESSCut,SPOC,89,130,TESSCut,LsPeriod3,-0.002214605140301751,0.00776977040272894,25.0
SPOC_vs_TESSCut,SPOC,89,130,TESSCut,LsPeakPowerGap12,-0.013167859736487176,0.006696668094938153,38.0
SPOC_vs_TESSCut,SPOC,89,130,TESSCut,LsPeakPowerGap23,-0.0036222637203029316,0.005626872365971398,29.0
SPOC_vs_TESSCut,SPOC,89,130,TESSCut,LsPowerRatio21,-0.0023104056437389777,0.005524887968023959,26.0
SPOC_vs_TESSCut,SPOC,89,130,TESSCut,LsPowerRatio31,-0.0039412802157900275,0.0075968856909526756,31.0
SPOC_vs_TESSCut,SPOC,89,130,TESSCut,LsPeriodRatio21,-0.0007329598506069068,0.0022893007889222892,18.0
SPOC_vs_TESSCut,SPOC,89,130,TESSCut,LsPeriodRatio31,-0.004365079365079394,0.002522844889061469,34.0
SPOC_vs_TESSCut,SPOC,89,130,TESSCut,PhaseCurveStd,0.000546737213403875,0.0079147415023294,10.0
SPOC_vs_TESSCut,SPOC,89,130,TESSCut,PhasePeakPhase,-0.017371424203209536,0.010395049865659386,39.0
SPOC_vs_TESSCut,SPOC,89,130,TESSCut,PhaseTroughPhase,-0.0017929354977858636,0.005914901972850671,23.0
SPOC_vs_TESSCut,SPOC,89,130,TESSCut,PhasePeakToTroughPhaseDelta,-0.004533146591970144,0.0039147887608118855,35.0
SPOC_vs_TESSCut,SPOC,94,135,SPOC,QualityScore,0.0,0.0,25.5
SPOC_vs_TESSCut,SPOC,94,135,SPOC,OriginalFluxMedian,0.0,0.0,25.5
SPOC_vs_TESSCut,SPOC,94,135,SPOC,OriginalFluxStd,0.01984503743017682,0.02813370420097733,2.0
SPOC_vs_TESSCut,SPOC,94,135,SPOC,CadenceCount,0.009398496240601583,0.005253036906490143,3.0
SPOC_vs_TESSCut,SPOC,94,135,SPOC,TimeSpanDays,-0.000587552759895349,0.005836709710037152,32.0
SPOC_vs_TESSCut,SPOC,94,135,SPOC,MedianCadenceDays,0.0027151211361738036,0.0034140044681207475,14.0
SPOC_vs_TESSCut,SPOC,94,135,SPOC,FluxStd,0.0,0.0,25.5
SPOC_vs_TESSCut,SPOC,94,135,SPOC,FluxMedian,0.0,0.0,25.5
SPOC_vs_TESSCut,SPOC,94,135,SPOC,FluxMad,-0.004133372647304445,0.0033561402807873526,37.0
SPOC_vs_TESSCut,SPOC,94,135,SPOC,FluxP05,0.0029030910609858297,0.003626455178708387,13.0
SPOC_vs_TESSCut,SPOC,94,135,SPOC,FluxP90,0.0011487050960735435,0.003527432279460031,19.0
SPOC_vs_TESSCut,SPOC,94,135,SPOC,FluxP95,0.03252493980048164,0.0033442123765068613,1.0
SPOC_vs_TESSCut,SPOC,94,135,SPOC,FluxIqr,-0.003975871050174362,0.0028235639612132694,36.0
SPOC_vs_TESSCut,SPOC,94,135,SPOC,FluxAmplitude,0.005847953216374313,0.0026152841842102805,6.0
SPOC_vs_TESSCut,SPOC,94,135,SPOC,FluxPercentAmplitude95To5,0.002626937714657085,0.0055501342615329255,15.0
SPOC_vs_TESSCut,SPOC,94,135,SPOC,FluxSkewness,0.002407980736154136,0.0032278968524790054,16.0
SPOC_vs_TESSCut,SPOC,94,135,SPOC,FluxKurtosis,-0.00109486679662113,0.0036622040437069873,33.0
SPOC_vs_TESSCut,SPOC,94,135,SPOC,TailAsymmetry,-0.0021929824561403356,0.0022343631323795787,35.0
SPOC_vs_TESSCut,SPOC,94,135,SPOC,TailRatio,0.004016167870657128,0.003205869996114855,8.0
SPOC_vs_TESSCut,SPOC,94,135,SPOC,EtaVonNeumann,-0.0017624398687349219,0.00729968745559609,34.0
SPOC_vs_TESSCut,SPOC,94,135,SPOC,MaxAbsSlope,0.0058479532163743355,0.002915011916853446,5.0
SPOC_vs_TESSCut,SPOC,94,135,SPOC,MedianAbsSuccessiveDiff,0.0029460907169886253,0.004795347724460264,12.0
SPOC_vs_TESSCut,SPOC,94,135,SPOC,FractionBeyond1Std,0.0031996658312448355,0.003133622846454851,10.0
SPOC_vs_TESSCut,SPOC,94,135,SPOC,FractionBeyond2Std,0.003050272740675286,0.0025136565369504814,11.0
SPOC_vs_TESSCut,SPOC,94,135,SPOC,LsBestPeriod,0.00013186561174181045,0.008149733313129494,22.0
SPOC_vs_TESSCut,SPOC,94,135,SPOC,LsMaxPower,0.006996658312447823,0.004391183194807131,4.0
SPOC_vs_TESSCut,SPOC,94,135,SPOC,LsFalseAlarmProbability,0.0,0.0,25.5
SPOC_vs_TESSCut,SPOC,94,135,SPOC,LsPeriod2,-0.00013768080331544308,0.006046601641549699,29.0
SPOC_vs_TESSCut,SPOC,94,135,SPOC,LsPeriod3,-0.000355873343489399,0.007742359577969808,30.0
SPOC_vs_TESSCut,SPOC,94,135,SPOC,LsPeakPowerGap12,-0.007595513839063839,0.005842847849612162,38.0
SPOC_vs_TESSCut,SPOC,94,135,SPOC,LsPeakPowerGap23,-0.009822076978939632,0.008294127584645969,39.0
SPOC_vs_TESSCut,SPOC,94,135,SPOC,LsPowerRatio21,-0.0003968253968253732,0.0027777777777778026,31.0
SPOC_vs_TESSCut,SPOC,94,135,SPOC,LsPowerRatio31,0.0018231854145167147,0.0023773171714029885,17.0
SPOC_vs_TESSCut,SPOC,94,135,SPOC,LsPeriodRatio21,0.0,0.0,25.5
SPOC_vs_TESSCut,SPOC,94,135,SPOC,LsPeriodRatio31,0.0007309941520468266,0.0041332809241067525,20.0
SPOC_vs_TESSCut,SPOC,94,135,SPOC,PhaseCurveStd,0.0034255027547081653,0.005573712776218906,9.0
SPOC_vs_TESSCut,SPOC,94,135,SPOC,PhasePeakPhase,0.005263157894736881,0.003149219185458781,7.0
SPOC_vs_TESSCut,SPOC,94,135,SPOC,PhaseTroughPhase,0.0017543859649122972,0.0026798688274595806,18.0
SPOC_vs_TESSCut,SPOC,94,135,SPOC,PhasePeakToTroughPhaseDelta,0.000201893622946292,0.005808795705277185,21.0
SPOC_vs_TESSCut,SPOC,94,135,TESSCut,QualityScore,0.0006349206349207049,0.003319447014044078,14.0
SPOC_vs_TESSCut,SPOC,94,135,TESSCut,OriginalFluxMedian,-0.001772486772486742,0.00420135472678401,21.0
SPOC_vs_TESSCut,SPOC,94,135,TESSCut,OriginalFluxStd,0.0011251167133520868,0.009174788158267284,12.0
SPOC_vs_TESSCut,SPOC,94,135,TESSCut,CadenceCount,0.005088702147525731,0.003147298404880923,3.0
SPOC_vs_TESSCut,SPOC,94,135,TESSCut,TimeSpanDays,0.010860566448801835,0.007093504127515651,1.0
SPOC_vs_TESSCut,SPOC,94,135,TESSCut,MedianCadenceDays,0.0023389355742297556,0.004243255768510891,7.0
SPOC_vs_TESSCut,SPOC,94,135,TESSCut,FluxStd,0.0,0.0,17.0
SPOC_vs_TESSCut,SPOC,94,135,TESSCut,FluxMedian,0.0,0.0,17.0
SPOC_vs_TESSCut,SPOC,94,135,TESSCut,FluxMad,0.001626533654397505,0.005885196174571261,11.0
SPOC_vs_TESSCut,SPOC,94,135,TESSCut,FluxP05,-0.00990974167444747,0.0066803581622314175,37.0
SPOC_vs_TESSCut,SPOC,94,135,TESSCut,FluxP90,-0.0014565826330531606,0.0036800843324734317,20.0
SPOC_vs_TESSCut,SPOC,94,135,TESSCut,FluxP95,-0.00634609399315274,0.006665591349560989,32.0
SPOC_vs_TESSCut,SPOC,94,135,TESSCut,FluxIqr,0.0007815289858634112,0.004060730126800015,13.0
SPOC_vs_TESSCut,SPOC,94,135,TESSCut,FluxAmplitude,-0.008297541238717598,0.0068078184006839385,33.0
SPOC_vs_TESSCut,SPOC,94,135,TESSCut,FluxPercentAmplitude95To5,-0.009390223925827534,0.0060194507497066795,34.0
SPOC_vs_TESSCut,SPOC,94,135,TESSCut,FluxSkewness,-0.0026719576719576033,0.0079808117877063,24.0
SPOC_vs_TESSCut,SPOC,94,135,TESSCut,FluxKurtosis,-0.019816370992841437,0.0039302920478267184,39.0
SPOC_vs_TESSCut,SPOC,94,135,TESSCut,TailAsymmetry,-0.00437286025521314,0.0062686011100713274,29.0
SPOC_vs_TESSCut,SPOC,94,135,TESSCut,TailRatio,-0.009908185496420724,0.005642994427409223,36.0
SPOC_vs_TESSCut,SPOC,94,135,TESSCut,EtaVonNeumann,-0.0042110177404294236,0.006728116217225671,27.0
SPOC_vs_TESSCut,SPOC,94,135,TESSCut,MaxAbsSlope,-0.0028623301172319817,0.006942807959245371,25.0
SPOC_vs_TESSCut,SPOC,94,135,TESSCut,MedianAbsSuccessiveDiff,0.003991596638655554,0.012966314477392136,5.0
SPOC_vs_TESSCut,SPOC,94,135,TESSCut,FractionBeyond1Std,-0.009689992956246767,0.006563421669401587,35.0
SPOC_vs_TESSCut,SPOC,94,135,TESSCut,FractionBeyond2Std,-0.012795059544285465,0.0063747861049197095,38.0
SPOC_vs_TESSCut,SPOC,94,135,TESSCut,LsBestPeriod,0.001869352029310828,0.013476411261922209,9.0
SPOC_vs_TESSCut,SPOC,94,135,TESSCut,LsMaxPower,0.001956115779645257,0.006374797575668427,8.0
SPOC_vs_TESSCut,SPOC,94,135,TESSCut,LsFalseAlarmProbability,0.0,0.0,17.0
SPOC_vs_TESSCut,SPOC,94,135,TESSCut,LsPeriod2,0.010009719287325141,0.012016858273719013,2.0
SPOC_vs_TESSCut,SPOC,94,135,TESSCut,LsPeriod3,0.0018353618250420034,0.015922834528788777,10.0
SPOC_vs_TESSCut,SPOC,94,135,TESSCut,LsPeakPowerGap12,0.005057578586990413,0.00416617079612221,4.0
SPOC_vs_TESSCut,SPOC,94,135,TESSCut,LsPeakPowerGap23,-0.005653594771241765,0.003710478324714494,31.0
SPOC_vs_TESSCut,SPOC,94,135,TESSCut,LsPowerRatio21,0.0004979769685652669,0.004021875801213222,15.0
SPOC_vs_TESSCut,SPOC,94,135,TESSCut,LsPowerRatio31,0.0035138499844383163,0.004206535448467971,6.0
SPOC_vs_TESSCut,SPOC,94,135,TESSCut,LsPeriodRatio21,-0.004999999999999965,0.004682539682539668,30.0
SPOC_vs_TESSCut,SPOC,94,135,TESSCut,LsPeriodRatio31,-0.003067226890756225,0.00522161362738531,26.0
SPOC_vs_TESSCut,SPOC,94,135,TESSCut,PhaseCurveStd,-0.0018362900715841346,0.0038359456920845584,23.0
SPOC_vs_TESSCut,SPOC,94,135,TESSCut,PhasePeakPhase,-0.0018098350451290878,0.004331691071575576,22.0
SPOC_vs_TESSCut,SPOC,94,135,TESSCut,PhaseTroughPhase,-0.0007780890133830765,0.006460729421642909,19.0
SPOC_vs_TESSCut,SPOC,94,135,TESSCut,PhasePeakToTroughPhaseDelta,-0.0042592592592592075,0.003760803238071995,28.0
SPOC_vs_TESSCut,SPOC,100,141,SPOC,QualityScore,0.0003968253968253954,0.0011904761904761862,21.0
SPOC_vs_TESSCut,SPOC,100,141,SPOC,OriginalFluxMedian,0.0,0.0,25.5
SPOC_vs_TESSCut,SPOC,100,141,SPOC,OriginalFluxStd,0.09596827034907518,0.016133108306643825,1.0
SPOC_vs_TESSCut,SPOC,100,141,SPOC,CadenceCount,0.009377610693400096,0.004338014128517362,4.0
SPOC_vs_TESSCut,SPOC,100,141,SPOC,TimeSpanDays,-0.0005933952528380359,0.0037306625836170115,30.0
SPOC_vs_TESSCut,SPOC,100,141,SPOC,MedianCadenceDays,0.011367880485527504,0.0019945352313290293,3.0
SPOC_vs_TESSCut,SPOC,100,141,SPOC,FluxStd,0.0,0.0,25.5
SPOC_vs_TESSCut,SPOC,100,141,SPOC,FluxMedian,0.0,0.0,25.5
SPOC_vs_TESSCut,SPOC,100,141,SPOC,FluxMad,0.0011821219715956288,0.0038167467507487555,20.0
SPOC_vs_TESSCut,SPOC,100,141,SPOC,FluxP05,-0.00367585630743531,0.002854833521276821,34.0
SPOC_vs_TESSCut,SPOC,100,141,SPOC,FluxP90,-0.01962026526010028,0.01123334260340092,39.0
SPOC_vs_TESSCut,SPOC,100,141,SPOC,FluxP95,-0.01078049153384556,0.0020430222163981666,36.0
SPOC_vs_TESSCut,SPOC,100,141,SPOC,FluxIqr,0.001483365275934867,0.005593951677647141,18.0
SPOC_vs_TESSCut,SPOC,100,141,SPOC,FluxAmplitude,0.0002297410192146798,0.003065056343016311,22.0
SPOC_vs_TESSCut,SPOC,100,141,SPOC,FluxPercentAmplitude95To5,0.0015172735760971001,0.0024664930811465,17.0
SPOC_vs_TESSCut,SPOC,100,141,SPOC,FluxSkewness,0.005722639933166218,0.0023853452857592497,9.0
SPOC_vs_TESSCut,SPOC,100,141,SPOC,FluxKurtosis,0.005145707405769284,0.004000578975334717,10.0
SPOC_vs_TESSCut,SPOC,100,141,SPOC,TailAsymmetry,-0.011271233639654788,0.00636526115374307,37.0
SPOC_vs_TESSCut,SPOC,100,141,SPOC,TailRatio,-0.013970110461338614,0.0061109720699423255,38.0
SPOC_vs_TESSCut,SPOC,100,141,SPOC,EtaVonNeumann,0.0024006639692913724,0.00701417457745865,15.0
SPOC_vs_TESSCut,SPOC,100,141,SPOC,MaxAbsSlope,0.012882205513784384,0.0033235829530981155,2.0
SPOC_vs_TESSCut,SPOC,100,141,SPOC,MedianAbsSuccessiveDiff,0.007375737819494199,0.007000115369438746,7.0
SPOC_vs_TESSCut,SPOC,100,141,SPOC,FractionBeyond1Std,0.0022455648926237083,0.0016972481171425168,16.0
SPOC_vs_TESSCut,SPOC,100,141,SPOC,FractionBeyond2Std,0.002937490785787966,0.005015284748229886,14.0
SPOC_vs_TESSCut,SPOC,100,141,SPOC,LsBestPeriod,0.007023877777231702,0.012695791556818846,8.0
SPOC_vs_TESSCut,SPOC,100,141,SPOC,LsMaxPower,0.0036308909528723564,0.004361685486774238,12.0
SPOC_vs_TESSCut,SPOC,100,141,SPOC,LsFalseAlarmProbability,0.0,0.0,25.5
SPOC_vs_TESSCut,SPOC,100,141,SPOC,LsPeriod2,0.008699881512058949,0.012239340157496779,6.0
SPOC_vs_TESSCut,SPOC,100,141,SPOC,LsPeriod3,-0.0003299097416745056,0.011045227487578581,28.0
SPOC_vs_TESSCut,SPOC,100,141,SPOC,LsPeakPowerGap12,-0.0005637732675916829,0.0045274016516334455,29.0
SPOC_vs_TESSCut,SPOC,100,141,SPOC,LsPeakPowerGap23,0.0091083099906629,0.0036543888010552635,5.0
SPOC_vs_TESSCut,SPOC,100,141,SPOC,LsPowerRatio21,-0.002151211361737693,0.0023905513755119972,32.0
SPOC_vs_TESSCut,SPOC,100,141,SPOC,LsPowerRatio31,-0.0027762762024888255,0.0063284627502761615,33.0
SPOC_vs_TESSCut,SPOC,100,141,SPOC,LsPeriodRatio21,-0.0008465608465608732,0.00707242035917995,31.0
SPOC_vs_TESSCut,SPOC,100,141,SPOC,LsPeriodRatio31,-0.004347442680776048,0.0055940618451945055,35.0
SPOC_vs_TESSCut,SPOC,100,141,SPOC,PhaseCurveStd,0.00016339869281043474,0.00505387909773549,23.0
SPOC_vs_TESSCut,SPOC,100,141,SPOC,PhasePeakPhase,0.004295051353874868,0.002160174659432163,11.0
SPOC_vs_TESSCut,SPOC,100,141,SPOC,PhaseTroughPhase,0.0029645191409897187,0.002209676904675784,13.0
SPOC_vs_TESSCut,SPOC,100,141,SPOC,PhasePeakToTroughPhaseDelta,0.0013293036512850632,0.0034884088824555922,19.0
SPOC_vs_TESSCut,SPOC,100,141,TESSCut,QualityScore,-0.0006535947712418277,0.0013071895424836555,24.0
SPOC_vs_TESSCut,SPOC,100,141,TESSCut,OriginalFluxMedian,-0.0013476501711795264,0.0023589852171920114,28.0
SPOC_vs_TESSCut,SPOC,100,141,TESSCut,OriginalFluxStd,0.009615624027388714,0.012842000193359137,5.0
SPOC_vs_TESSCut,SPOC,100,141,TESSCut,CadenceCount,-0.0015421724245253566,0.007480499214760764,29.0
SPOC_vs_TESSCut,SPOC,100,141,TESSCut,TimeSpanDays,0.012828066899274303,0.004744481761766428,2.0
SPOC_vs_TESSCut,SPOC,100,141,TESSCut,MedianCadenceDays,-0.002144413320883909,0.00680327431556223,30.0
SPOC_vs_TESSCut,SPOC,100,141,TESSCut,FluxStd,0.0,0.0,18.0
SPOC_vs_TESSCut,SPOC,100,141,TESSCut,FluxMedian,0.0,0.0,18.0
SPOC_vs_TESSCut,SPOC,100,141,TESSCut,FluxMad,-0.006766262060379708,0.008214057782708685,37.0
SPOC_vs_TESSCut,SPOC,100,141,TESSCut,FluxP05,0.004657640834111437,0.010335309355970936,8.0
SPOC_vs_TESSCut,SPOC,100,141,TESSCut,FluxP90,0.008207282913165286,0.011409213843897006,7.0
SPOC_vs_TESSCut,SPOC,100,141,TESSCut,FluxP95,-0.0026268285091814447,0.006049994285429218,31.0
SPOC_vs_TESSCut,SPOC,100,141,TESSCut,FluxIqr,-0.004363523187052592,0.0037959976635876386,35.0
SPOC_vs_TESSCut,SPOC,100,141,TESSCut,FluxAmplitude,0.001050420168067251,0.006062144384327622,14.0
SPOC_vs_TESSCut,SPOC,100,141,TESSCut,FluxPercentAmplitude95To5,-0.008482726423902898,0.006154680948091346,38.0
SPOC_vs_TESSCut,SPOC,100,141,TESSCut,FluxSkewness,-0.0005026455026454823,0.0077117031352402655,22.0
SPOC_vs_TESSCut,SPOC,100,141,TESSCut,FluxKurtosis,-0.0012075941487706022,0.0061935306783327876,27.0
SPOC_vs_TESSCut,SPOC,100,141,TESSCut,TailAsymmetry,0.0017429193899782202,0.004170382909062538,12.0
SPOC_vs_TESSCut,SPOC,100,141,TESSCut,TailRatio,0.0015981948334889695,0.007252474324131069,13.0
SPOC_vs_TESSCut,SPOC,100,141,TESSCut,EtaVonNeumann,0.012159975101151571,0.007388759491393954,3.0
SPOC_vs_TESSCut,SPOC,100,141,TESSCut,MaxAbsSlope,0.008456271397447862,0.010580061060602376,6.0
SPOC_vs_TESSCut,SPOC,100,141,TESSCut,MedianAbsSuccessiveDiff,0.02918923124805477,0.01961070956821937,1.0
SPOC_vs_TESSCut,SPOC,100,141,TESSCut,FractionBeyond1Std,-0.005591347650171169,0.006204847114952417,36.0
SPOC_vs_TESSCut,SPOC,100,141,TESSCut,FractionBeyond2Std,-0.00023031434796139672,0.005647626271666932,21.0
SPOC_vs_TESSCut,SPOC,100,141,TESSCut,LsBestPeriod,0.0038997821350762406,0.010555694929270717,11.0
SPOC_vs_TESSCut,SPOC,100,141,TESSCut,LsMaxPower,0.004372860255213201,0.004626881309646798,9.0
SPOC_vs_TESSCut,SPOC,100,141,TESSCut,LsFalseAlarmProbability,0.0,0.0,18.0
SPOC_vs_TESSCut,SPOC,100,141,TESSCut,LsPeriod2,-0.008878323259128235,0.007874856965570377,39.0
SPOC_vs_TESSCut,SPOC,100,141,TESSCut,LsPeriod3,0.011954231985191738,0.010740666167510356,4.0
SPOC_vs_TESSCut,SPOC,100,141,TESSCut,LsPeakPowerGap12,-0.0006515198672061573,0.006182882938000785,23.0
SPOC_vs_TESSCut,SPOC,100,141,TESSCut,LsPeakPowerGap23,-0.001162464985994377,0.00421609985635584,26.0
SPOC_vs_TESSCut,SPOC,100,141,TESSCut,LsPowerRatio21,-4.201680672266117e-05,0.005171032533035136,20.0
SPOC_vs_TESSCut,SPOC,100,141,TESSCut,LsPowerRatio31,-0.002695300342359136,0.005633776270170213,32.0
SPOC_vs_TESSCut,SPOC,100,141,TESSCut,LsPeriodRatio21,0.004302832244008714,0.003117885300157138,10.0
SPOC_vs_TESSCut,SPOC,100,141,TESSCut,LsPeriodRatio31,-0.0032461873638344406,0.005843046274061442,34.0
SPOC_vs_TESSCut,SPOC,100,141,TESSCut,PhaseCurveStd,-0.0029707438530967743,0.0044069656641206306,33.0
SPOC_vs_TESSCut,SPOC,100,141,TESSCut,PhasePeakPhase,0.00014472455648927295,0.009005910405663297,15.0
SPOC_vs_TESSCut,SPOC,100,141,TESSCut,PhaseTroughPhase,6.462234016411661e-05,0.007031610189214014,16.0
SPOC_vs_TESSCut,SPOC,100,141,TESSCut,PhasePeakToTroughPhaseDelta,-0.0010395269218798353,0.004880179254238863,25.0
QLP_vs_TESSCut,QLP,1,42,QLP,QualityScore,-7.330246913580529e-05,0.0009516817157718431,28.0
QLP_vs_TESSCut,QLP,1,42,QLP,OriginalFluxMedian,0.0,0.0,26.0
QLP_vs_TESSCut,QLP,1,42,QLP,OriginalFluxStd,0.004134947952014139,0.00574089344179126,16.0
QLP_vs_TESSCut,QLP,1,42,QLP,CadenceCount,0.004926380432944344,0.0036628287071919286,13.0
QLP_vs_TESSCut,QLP,1,42,QLP,TimeSpanDays,0.008304266024014873,0.0033238485111777133,7.0
QLP_vs_TESSCut,QLP,1,42,QLP,MedianCadenceDays,0.0005208333333333315,0.001271163505235915,23.0
QLP_vs_TESSCut,QLP,1,42,QLP,FluxStd,0.0,0.0,26.0
QLP_vs_TESSCut,QLP,1,42,QLP,FluxMedian,0.0,0.0,26.0
QLP_vs_TESSCut,QLP,1,42,QLP,FluxMad,0.0076198101640453045,0.0032521683270919045,8.0
QLP_vs_TESSCut,QLP,1,42,QLP,FluxP05,0.009960845956850506,0.0041376814442772945,4.0
QLP_vs_TESSCut,QLP,1,42,QLP,FluxP90,0.009107444855161722,0.005045159226286693,5.0
QLP_vs_TESSCut,QLP,1,42,QLP,FluxP95,0.00240402502959578,0.0026637970799661286,21.0
QLP_vs_TESSCut,QLP,1,42,QLP,FluxIqr,0.008378051689980893,0.002677552243759162,6.0
QLP_vs_TESSCut,QLP,1,42,QLP,FluxAmplitude,0.0024214654151868686,0.002705967658194411,20.0
QLP_vs_TESSCut,QLP,1,42,QLP,FluxPercentAmplitude95To5,0.006500295958058494,0.0028791255918431116,11.0
QLP_vs_TESSCut,QLP,1,42,QLP,FluxSkewness,-0.0003742736947645764,0.0025539497858703673,31.0
QLP_vs_TESSCut,QLP,1,42,QLP,FluxKurtosis,-0.0005846228648740237,0.002098932119077795,33.0
QLP_vs_TESSCut,QLP,1,42,QLP,TailAsymmetry,0.01087905240159805,0.004027506631093201,3.0
QLP_vs_TESSCut,QLP,1,42,QLP,TailRatio,0.007319142995512862,0.004197317831197073,9.0
QLP_vs_TESSCut,QLP,1,42,QLP,EtaVonNeumann,0.0026569483704186768,0.006664659898226393,19.0
QLP_vs_TESSCut,QLP,1,42,QLP,MaxAbsSlope,-0.0003033041603247133,0.0032601055237055734,30.0
QLP_vs_TESSCut,QLP,1,42,QLP,MedianAbsSuccessiveDiff,0.013428757157353033,0.0037000718834648305,2.0
QLP_vs_TESSCut,QLP,1,42,QLP,FractionBeyond1Std,0.005566442584136638,0.002703067364299816,12.0
QLP_vs_TESSCut,QLP,1,42,QLP,FractionBeyond2Std,0.004772187794448069,0.005489038946533943,15.0
QLP_vs_TESSCut,QLP,1,42,QLP,LsBestPeriod,-0.005850751069073007,0.005765042936703381,39.0
QLP_vs_TESSCut,QLP,1,42,QLP,LsMaxPower,0.02167509996134423,0.006237715045497812,1.0
QLP_vs_TESSCut,QLP,1,42,QLP,LsFalseAlarmProbability,-0.0001736111111111105,0.0005208333333333315,29.0
QLP_vs_TESSCut,QLP,1,42,QLP,LsPeriod2,-0.003643254682067487,0.004623121414957246,38.0
QLP_vs_TESSCut,QLP,1,42,QLP,LsPeriod3,0.0036752630402744233,0.003630530614307278,18.0
QLP_vs_TESSCut,QLP,1,42,QLP,LsPeakPowerGap12,0.004778718501606616,0.002807317215903511,14.0
QLP_vs_TESSCut,QLP,1,42,QLP,LsPeakPowerGap23,0.0037216725858278234,0.0030522424034891515,17.0
QLP_vs_TESSCut,QLP,1,42,QLP,LsPowerRatio21,-0.0009603310502283302,0.0020940259597671484,36.0
QLP_vs_TESSCut,QLP,1,42,QLP,LsPowerRatio31,-0.00044361998985289477,0.002599614152351595,32.0
QLP_vs_TESSCut,QLP,1,42,QLP,LsPeriodRatio21,-0.0009126078132927595,0.0014555839347941732,35.0
QLP_vs_TESSCut,QLP,1,42,QLP,LsPeriodRatio31,0.0004629101133096225,0.0013436847916226313,24.0
QLP_vs_TESSCut,QLP,1,42,QLP,PhaseCurveStd,0.007252044526587914,0.003957336360035687,10.0
QLP_vs_TESSCut,QLP,1,42,QLP,PhasePeakPhase,0.0021475456621004364,0.0020105791818576533,22.0
QLP_vs_TESSCut,QLP,1,42,QLP,PhaseTroughPhase,-0.0006930175038051989,0.002423126508420033,34.0
QLP_vs_TESSCut,QLP,1,42,QLP,PhasePeakToTroughPhaseDelta,-0.0015871052885893411,0.0036547025153633186,37.0
QLP_vs_TESSCut,QLP,1,42,TESSCut,QualityScore,0.004788585600514828,0.004274859403996105,11.0
QLP_vs_TESSCut,QLP,1,42,TESSCut,OriginalFluxMedian,0.0008371385083713545,0.00022831050228309667,23.0
QLP_vs_TESSCut,QLP,1,42,TESSCut,OriginalFluxStd,0.01540537674527403,0.007166959139434746,3.0
QLP_vs_TESSCut,QLP,1,42,TESSCut,CadenceCount,0.006573696576550453,0.0024432093172021036,7.0
QLP_vs_TESSCut,QLP,1,42,TESSCut,TimeSpanDays,-0.010012285142136734,0.0052681785273790424,39.0
QLP_vs_TESSCut,QLP,1,42,TESSCut,MedianCadenceDays,0.0006000625135898829,0.0012851115604982785,26.0
QLP_vs_TESSCut,QLP,1,42,TESSCut,FluxStd,0.0,0.0,31.0
QLP_vs_TESSCut,QLP,1,42,TESSCut,FluxMedian,0.0,0.0,31.0
QLP_vs_TESSCut,QLP,1,42,TESSCut,FluxMad,0.019809680848493653,0.0044678806198552405,2.0
QLP_vs_TESSCut,QLP,1,42,TESSCut,FluxP05,0.014910672417807136,0.006285229423847533,4.0
QLP_vs_TESSCut,QLP,1,42,TESSCut,FluxP90,0.004098634062960555,0.0024198821522162,14.0
QLP_vs_TESSCut,QLP,1,42,TESSCut,FluxP95,-0.0032468198235892144,0.0027439015747635523,37.0
QLP_vs_TESSCut,QLP,1,42,TESSCut,FluxIqr,0.008628319507314958,0.001738036925368805,6.0
QLP_vs_TESSCut,QLP,1,42,TESSCut,FluxAmplitude,0.0007072567103960259,0.0025657509241040054,25.0
QLP_vs_TESSCut,QLP,1,42,TESSCut,FluxPercentAmplitude95To5,0.0001476166316348948,0.0013871708083452088,29.0
QLP_vs_TESSCut,QLP,1,42,TESSCut,FluxSkewness,0.0035487787200116083,0.003145333180920488,15.0
QLP_vs_TESSCut,QLP,1,42,TESSCut,FluxKurtosis,0.0032911140102921234,0.0031818427934725527,17.0
QLP_vs_TESSCut,QLP,1,42,TESSCut,TailAsymmetry,0.0024095783613477806,0.003163778407965234,19.0
QLP_vs_TESSCut,QLP,1,42,TESSCut,TailRatio,0.011377064980090116,0.007965613682245085,5.0
QLP_vs_TESSCut,QLP,1,42,TESSCut,EtaVonNeumann,0.004584737624121193,0.002887186755666171,13.0
QLP_vs_TESSCut,QLP,1,42,TESSCut,MaxAbsSlope,-0.0003565443519781275,0.0028212095126434428,33.0
QLP_vs_TESSCut,QLP,1,42,TESSCut,MedianAbsSuccessiveDiff,0.03447551249063807,0.0068811537553352285,1.0
QLP_vs_TESSCut,QLP,1,42,TESSCut,FractionBeyond1Std,0.0027591582271947633,0.0024497925898287367,18.0
QLP_vs_TESSCut,QLP,1,42,TESSCut,FractionBeyond2Std,0.005985819683022897,0.002792712914123178,9.0
QLP_vs_TESSCut,QLP,1,42,TESSCut,LsBestPeriod,0.0022995481286006677,0.006320974918840051,20.0
QLP_vs_TESSCut,QLP,1,42,TESSCut,LsMaxPower,-0.003164229542654168,0.0034035765429695276,36.0
QLP_vs_TESSCut,QLP,1,42,TESSCut,LsFalseAlarmProbability,0.0,0.0,31.0
QLP_vs_TESSCut,QLP,1,42,TESSCut,LsPeriod2,0.003338284728124935,0.0063171160425945,16.0
QLP_vs_TESSCut,QLP,1,42,TESSCut,LsPeriod3,0.005752911260902155,0.005060485417391,10.0
QLP_vs_TESSCut,QLP,1,42,TESSCut,LsPeakPowerGap12,0.0007562654979892724,0.0021689090514966226,24.0
QLP_vs_TESSCut,QLP,1,42,TESSCut,LsPeakPowerGap23,0.004654008419704781,0.0024114512316623427,12.0
QLP_vs_TESSCut,QLP,1,42,TESSCut,LsPowerRatio21,-0.0007409603756635353,0.0041941835409712224,34.0
QLP_vs_TESSCut,QLP,1,42,TESSCut,LsPowerRatio31,0.00027255733020571936,0.0020934856531922073,28.0
QLP_vs_TESSCut,QLP,1,42,TESSCut,LsPeriodRatio21,0.0015746368885638296,0.002633842170124093,22.0
QLP_vs_TESSCut,QLP,1,42,TESSCut,LsPeriodRatio31,-0.0018648075668623698,0.002462453363181159,35.0
QLP_vs_TESSCut,QLP,1,42,TESSCut,PhaseCurveStd,0.006129983241855369,0.002788778834154348,8.0
QLP_vs_TESSCut,QLP,1,42,TESSCut,PhasePeakPhase,-0.0036304540842212185,0.003961054850399277,38.0
QLP_vs_TESSCut,QLP,1,42,TESSCut,PhaseTroughPhase,0.002199202423232094,0.0031075383649768525,21.0
QLP_vs_TESSCut,QLP,1,42,TESSCut,PhasePeakToTroughPhaseDelta,0.0003041271049261995,0.003980414374477341,27.0
QLP_vs_TESSCut,QLP,6,47,QLP,QualityScore,0.0,0.0,25.5
QLP_vs_TESSCut,QLP,6,47,QLP,OriginalFluxMedian,0.0,0.0,25.5
QLP_vs_TESSCut,QLP,6,47,QLP,OriginalFluxStd,0.011618538477842156,0.003634099671757224,2.0
QLP_vs_TESSCut,QLP,6,47,QLP,CadenceCount,0.0017753591854619611,0.0036497830443885837,20.0
QLP_vs_TESSCut,QLP,6,47,QLP,TimeSpanDays,0.0072759126654674934,0.0023885002216006697,8.0
QLP_vs_TESSCut,QLP,6,47,QLP,MedianCadenceDays,-0.0013811728395061729,0.002324106864490868,31.0
QLP_vs_TESSCut,QLP,6,47,QLP,FluxStd,0.0,0.0,25.5
QLP_vs_TESSCut,QLP,6,47,QLP,FluxMedian,0.0,0.0,25.5
QLP_vs_TESSCut,QLP,6,47,QLP,FluxMad,0.007402092242274899,0.0026649265273426636,7.0
QLP_vs_TESSCut,QLP,6,47,QLP,FluxP05,-0.011960567706857616,0.007903459870526581,39.0
QLP_vs_TESSCut,QLP,6,47,QLP,FluxP90,-0.0022294152659449564,0.011135112387507074,32.0
QLP_vs_TESSCut,QLP,6,47,QLP,FluxP95,0.0023978189703075747,0.0037933759267684553,16.0
QLP_vs_TESSCut,QLP,6,47,QLP,FluxIqr,0.009298532042538898,0.0028575840442607203,4.0
QLP_vs_TESSCut,QLP,6,47,QLP,FluxAmplitude,0.002164721799425029,0.0029839421594104487,18.0
QLP_vs_TESSCut,QLP,6,47,QLP,FluxPercentAmplitude95To5,0.009310070425938033,0.002999616402011927,3.0
QLP_vs_TESSCut,QLP,6,47,QLP,FluxSkewness,0.0071107547534488445,0.004037825881735869,9.0
QLP_vs_TESSCut,QLP,6,47,QLP,FluxKurtosis,0.0026914365441762676,0.0021783653665984394,13.0
QLP_vs_TESSCut,QLP,6,47,QLP,TailAsymmetry,0.00266417024122505,0.009008348170251713,14.0
QLP_vs_TESSCut,QLP,6,47,QLP,TailRatio,0.008967943733925477,0.003066268833091265,5.0
QLP_vs_TESSCut,QLP,6,47,QLP,EtaVonNeumann,0.006794556650435657,0.005104947765891737,10.0
QLP_vs_TESSCut,QLP,6,47,QLP,MaxAbsSlope,-0.0073130179266024,0.008292411114439704,37.0
QLP_vs_TESSCut,QLP,6,47,QLP,MedianAbsSuccessiveDiff,0.007483261759802867,0.002951730447684072,6.0
QLP_vs_TESSCut,QLP,6,47,QLP,FractionBeyond1Std,0.002167620980406404,0.001925070572435422,17.0
QLP_vs_TESSCut,QLP,6,47,QLP,FractionBeyond2Std,0.0012239149211181466,0.004975558145047035,21.0
QLP_vs_TESSCut,QLP,6,47,QLP,LsBestPeriod,-0.0006209861717852427,0.007955494768660906,29.0
QLP_vs_TESSCut,QLP,6,47,QLP,LsMaxPower,0.011987494262037667,0.0032525581521777227,1.0
QLP_vs_TESSCut,QLP,6,47,QLP,LsFalseAlarmProbability,-0.0001466049382715995,0.000293209876543199,28.0
QLP_vs_TESSCut,QLP,6,47,QLP,LsPeriod2,-0.0029175795243146395,0.005330597864558236,33.0
QLP_vs_TESSCut,QLP,6,47,QLP,LsPeriod3,-0.0009994590117306968,0.006568140378106664,30.0
QLP_vs_TESSCut,QLP,6,47,QLP,LsPeakPowerGap12,0.0033326510923543107,0.0033174477541117573,12.0
QLP_vs_TESSCut,QLP,6,47,QLP,LsPeakPowerGap23,0.0045837149490117746,0.004102465923410557,11.0
QLP_vs_TESSCut,QLP,6,47,QLP,LsPowerRatio21,0.0011535445782021147,0.001437265717213644,22.0
QLP_vs_TESSCut,QLP,6,47,QLP,LsPowerRatio31,-0.004048129698814629,0.004742067291109303,34.0
QLP_vs_TESSCut,QLP,6,47,QLP,LsPeriodRatio21,-0.006200034427774165,0.009689734812538457,35.0
QLP_vs_TESSCut,QLP,6,47,QLP,LsPeriodRatio31,3.085458850300426e-05,0.003409310842022092,23.0
QLP_vs_TESSCut,QLP,6,47,QLP,PhaseCurveStd,0.0026638716750018556,0.004665235621654831,15.0
QLP_vs_TESSCut,QLP,6,47,QLP,PhasePeakPhase,0.0020948785803238056,0.002291084352849024,19.0
QLP_vs_TESSCut,QLP,6,47,QLP,PhaseTroughPhase,-0.007206654224348264,0.003732159848243541,36.0
QLP_vs_TESSCut,QLP,6,47,QLP,PhasePeakToTroughPhaseDelta,-0.0074402421420115385,0.010015465143027955,38.0
QLP_vs_TESSCut,QLP,6,47,TESSCut,QualityScore,0.0066479372986222255,0.003221199691989689,12.0
QLP_vs_TESSCut,QLP,6,47,TESSCut,OriginalFluxMedian,-7.610350076103222e-05,0.00022831050228309667,33.0
QLP_vs_TESSCut,QLP,6,47,TESSCut,OriginalFluxStd,0.02402348391503643,0.0034290054214950096,2.0
QLP_vs_TESSCut,QLP,6,47,TESSCut,CadenceCount,0.0010655904006360573,0.00244068218943804,27.0
QLP_vs_TESSCut,QLP,6,47,TESSCut,TimeSpanDays,0.005324618356867217,0.0037905232379378978,15.0
QLP_vs_TESSCut,QLP,6,47,TESSCut,MedianCadenceDays,0.0010862045108620433,0.0015096657546912078,26.0
QLP_vs_TESSCut,QLP,6,47,TESSCut,FluxStd,0.0,0.0,31.0
QLP_vs_TESSCut,QLP,6,47,TESSCut,FluxMedian,0.0,0.0,31.0
QLP_vs_TESSCut,QLP,6,47,TESSCut,FluxMad,0.020820670693672973,0.006088747247709639,4.0
QLP_vs_TESSCut,QLP,6,47,TESSCut,FluxP05,0.02272607640330244,0.0058214900499826815,3.0
QLP_vs_TESSCut,QLP,6,47,TESSCut,FluxP90,-0.0010645567437804816,0.0031335130235616553,35.0
QLP_vs_TESSCut,QLP,6,47,TESSCut,FluxP95,0.00303912411789124,0.002569235699887085,20.0
QLP_vs_TESSCut,QLP,6,47,TESSCut,FluxIqr,0.012702055206336011,0.003562105141359005,7.0
QLP_vs_TESSCut,QLP,6,47,TESSCut,FluxAmplitude,-0.003927435504204879,0.003645158532940962,38.0
QLP_vs_TESSCut,QLP,6,47,TESSCut,FluxPercentAmplitude95To5,0.0026738520231670837,0.0031441917652085577,22.0
QLP_vs_TESSCut,QLP,6,47,TESSCut,FluxSkewness,0.00022784789622689038,0.0024011626173889183,29.0
QLP_vs_TESSCut,QLP,6,47,TESSCut,FluxKurtosis,0.00769277013997337,0.0021938735776089323,11.0
QLP_vs_TESSCut,QLP,6,47,TESSCut,TailAsymmetry,0.004313673125031619,0.003932247075936121,18.0
QLP_vs_TESSCut,QLP,6,47,TESSCut,TailRatio,0.020665490384383083,0.006248464791981267,5.0
QLP_vs_TESSCut,QLP,6,47,TESSCut,EtaVonNeumann,0.007727554134517633,0.002976806184584834,10.0
QLP_vs_TESSCut,QLP,6,47,TESSCut,MaxAbsSlope,0.0013988548235123522,0.0026899492237570525,24.0
QLP_vs_TESSCut,QLP,6,47,TESSCut,MedianAbsSuccessiveDiff,0.05468851855695465,0.007511351244601947,1.0
QLP_vs_TESSCut,QLP,6,47,TESSCut,FractionBeyond1Std,0.004362758098488695,0.004043816692453409,17.0
QLP_vs_TESSCut,QLP,6,47,TESSCut,FractionBeyond2Std,0.0005010785447429389,0.0027652585841832387,28.0
QLP_vs_TESSCut,QLP,6,47,TESSCut,LsBestPeriod,0.015263178919000836,0.005217203679402777,6.0
QLP_vs_TESSCut,QLP,6,47,TESSCut,LsMaxPower,-0.0025499655722258487,0.0022554871912880124,37.0
QLP_vs_TESSCut,QLP,6,47,TESSCut,LsFalseAlarmProbability,0.0,0.0,31.0
QLP_vs_TESSCut,QLP,6,47,TESSCut,LsPeriod2,0.01077588301475289,0.003595131893893024,8.0
QLP_vs_TESSCut,QLP,6,47,TESSCut,LsPeriod3,0.010104534555162404,0.005350524192543192,9.0
QLP_vs_TESSCut,QLP,6,47,TESSCut,LsPeakPowerGap12,-0.002087592191758858,0.0026245843829224356,36.0
QLP_vs_TESSCut,QLP,6,47,TESSCut,LsPeakPowerGap23,0.005878007076637204,0.00375190038767868,14.0
QLP_vs_TESSCut,QLP,6,47,TESSCut,LsPowerRatio21,0.0011321837092385157,0.0022747197091951966,25.0
QLP_vs_TESSCut,QLP,6,47,TESSCut,LsPowerRatio31,0.0018088576293485037,0.003071696563222781,23.0
QLP_vs_TESSCut,QLP,6,47,TESSCut,LsPeriodRatio21,0.0030195265055424857,0.0031717713543055527,21.0
QLP_vs_TESSCut,QLP,6,47,TESSCut,LsPeriodRatio31,0.004613146028671128,0.004568600372615289,16.0
QLP_vs_TESSCut,QLP,6,47,TESSCut,PhaseCurveStd,0.006553564976795573,0.0032201066323118283,13.0
QLP_vs_TESSCut,QLP,6,47,TESSCut,PhasePeakPhase,-0.00487876152259713,0.001804285746489895,39.0
QLP_vs_TESSCut,QLP,6,47,TESSCut,PhaseTroughPhase,-0.00043281669708609695,0.002878562505459751,34.0
QLP_vs_TESSCut,QLP,6,47,TESSCut,PhasePeakToTroughPhaseDelta,0.0032740483767881023,0.002826086676565717,19.0
QLP_vs_TESSCut,QLP,11,52,QLP,QualityScore,0.0,0.0,29.5
QLP_vs_TESSCut,QLP,11,52,QLP,OriginalFluxMedian,0.0,0.0,29.5
QLP_vs_TESSCut,QLP,11,52,QLP,OriginalFluxStd,0.006954309484275256,0.0054511153477170985,8.0
QLP_vs_TESSCut,QLP,11,52,QLP,CadenceCount,0.0013167319531474874,0.004601615870987653,25.0
QLP_vs_TESSCut,QLP,11,52,QLP,TimeSpanDays,0.00605159691061517,0.00539624828267926,11.0
QLP_vs_TESSCut,QLP,11,52,QLP,MedianCadenceDays,-0.00023478835978835155,0.0013582268826096552,32.0
QLP_vs_TESSCut,QLP,11,52,QLP,FluxStd,0.0,0.0,29.5
QLP_vs_TESSCut,QLP,11,52,QLP,FluxMedian,0.0,0.0,29.5
QLP_vs_TESSCut,QLP,11,52,QLP,FluxMad,0.012982396535478719,0.0053761192823263,4.0
QLP_vs_TESSCut,QLP,11,52,QLP,FluxP05,0.016750591916117046,0.005442815377255973,2.0
QLP_vs_TESSCut,QLP,11,52,QLP,FluxP90,0.018961741106432888,0.006167184963001547,1.0
QLP_vs_TESSCut,QLP,11,52,QLP,FluxP95,0.006265546720740767,0.0052904750700818815,9.0
QLP_vs_TESSCut,QLP,11,52,QLP,FluxIqr,0.00700841860659211,0.0047149177486793935,7.0
QLP_vs_TESSCut,QLP,11,52,QLP,FluxAmplitude,-0.00483800139907446,0.004787908045828736,39.0
QLP_vs_TESSCut,QLP,11,52,QLP,FluxPercentAmplitude95To5,0.008719198261150307,0.003231286590579523,5.0
QLP_vs_TESSCut,QLP,11,52,QLP,FluxSkewness,-0.0027914589743927797,0.0035908109124147794,35.0
QLP_vs_TESSCut,QLP,11,52,QLP,FluxKurtosis,0.0022217019619987567,0.0031282960476978956,23.0
QLP_vs_TESSCut,QLP,11,52,QLP,TailAsymmetry,0.0027595350383592676,0.004769447367205525,21.0
QLP_vs_TESSCut,QLP,11,52,QLP,TailRatio,0.005723774629311185,0.0048674171851787055,12.0
QLP_vs_TESSCut,QLP,11,52,QLP,EtaVonNeumann,0.008587468784386598,0.005628348975148156,6.0
QLP_vs_TESSCut,QLP,11,52,QLP,MaxAbsSlope,0.004347628684101301,0.0047163698709095925,15.0
QLP_vs_TESSCut,QLP,11,52,QLP,MedianAbsSuccessiveDiff,0.004843055747736119,0.00477636218980392,14.0
QLP_vs_TESSCut,QLP,11,52,QLP,FractionBeyond1Std,0.0043048685100625815,0.0015863132100684214,16.0
QLP_vs_TESSCut,QLP,11,52,QLP,FractionBeyond2Std,0.004042298391613469,0.0040751066187566095,17.0
QLP_vs_TESSCut,QLP,11,52,QLP,LsBestPeriod,-0.0009557104805392291,0.006245360701798975,34.0
QLP_vs_TESSCut,QLP,11,52,QLP,LsMaxPower,0.014364762953518679,0.005394400985330799,3.0
QLP_vs_TESSCut,QLP,11,52,QLP,LsFalseAlarmProbability,0.0011535493827160737,0.0008568724082814541,26.0
QLP_vs_TESSCut,QLP,11,52,QLP,LsPeriod2,-0.004783639010237184,0.0069630625426797335,38.0
QLP_vs_TESSCut,QLP,11,52,QLP,LsPeriod3,-0.0034031388026821764,0.00661302900963638,36.0
QLP_vs_TESSCut,QLP,11,52,QLP,LsPeakPowerGap12,0.0015100525531461574,0.0036207026408304577,24.0
QLP_vs_TESSCut,QLP,11,52,QLP,LsPeakPowerGap23,-0.0005289433528589016,0.003590908669120182,33.0
QLP_vs_TESSCut,QLP,11,52,QLP,LsPowerRatio21,0.00277460679857941,0.0022693125462589646,20.0
QLP_vs_TESSCut,QLP,11,52,QLP,LsPowerRatio31,0.002457471128989408,0.002979264738660757,22.0
QLP_vs_TESSCut,QLP,11,52,QLP,LsPeriodRatio21,-0.004165979621173671,0.003088052773993697,37.0
QLP_vs_TESSCut,QLP,11,52,QLP,LsPeriodRatio31,0.00623874302384575,0.002098802546435102,10.0
QLP_vs_TESSCut,QLP,11,52,QLP,PhaseCurveStd,0.0028511234875390036,0.0035798264937678954,19.0
QLP_vs_TESSCut,QLP,11,52,QLP,PhasePeakPhase,0.0008845110157895464,0.0026901408225016225,27.0
QLP_vs_TESSCut,QLP,11,52,QLP,PhaseTroughPhase,0.0029562510569930756,0.0021417283634984825,18.0
QLP_vs_TESSCut,QLP,11,52,QLP,PhasePeakToTroughPhaseDelta,0.004900869836657518,0.004786431702087764,13.0
QLP_vs_TESSCut,QLP,11,52,TESSCut,QualityScore,0.0013197787013425888,0.0032864543900416473,33.0
QLP_vs_TESSCut,QLP,11,52,TESSCut,OriginalFluxMedian,-5.551115123125783e-18,0.0007098628499999432,38.0
QLP_vs_TESSCut,QLP,11,52,TESSCut,OriginalFluxStd,0.02110565318327869,0.00536919652444837,5.0
QLP_vs_TESSCut,QLP,11,52,TESSCut,CadenceCount,0.008532502399511477,0.00484191360391357,12.0
QLP_vs_TESSCut,QLP,11,52,TESSCut,TimeSpanDays,0.007303558525019666,0.004124374956749274,17.0
QLP_vs_TESSCut,QLP,11,52,TESSCut,MedianCadenceDays,0.004318413121209908,0.0009889735740665226,25.0
QLP_vs_TESSCut,QLP,11,52,TESSCut,FluxStd,0.0,0.0,36.0
QLP_vs_TESSCut,QLP,11,52,TESSCut,FluxMedian,0.0,0.0,36.0
QLP_vs_TESSCut,QLP,11,52,TESSCut,FluxMad,0.03173451738520227,0.005970841611797768,2.0
QLP_vs_TESSCut,QLP,11,52,TESSCut,FluxP05,0.026906365239698533,0.00526112444694698,4.0
QLP_vs_TESSCut,QLP,11,52,TESSCut,FluxP90,0.00570075551668014,0.004843988638556155,19.0
QLP_vs_TESSCut,QLP,11,52,TESSCut,FluxP95,0.0038067612140100402,0.0031936159415350126,29.0
QLP_vs_TESSCut,QLP,11,52,TESSCut,FluxIqr,0.013996727576921603,0.0037507988421951726,6.0
QLP_vs_TESSCut,QLP,11,52,TESSCut,FluxAmplitude,0.004801105477475304,0.0031454154807279986,24.0
QLP_vs_TESSCut,QLP,11,52,TESSCut,FluxPercentAmplitude95To5,0.004058243887010993,0.002083413237352662,27.0
QLP_vs_TESSCut,QLP,11,52,TESSCut,FluxSkewness,0.0055651968423086895,0.0031441661164400645,21.0
QLP_vs_TESSCut,QLP,11,52,TESSCut,FluxKurtosis,0.0018502389078872972,0.003531600628583917,32.0
QLP_vs_TESSCut,QLP,11,52,TESSCut,TailAsymmetry,0.008549111604191483,0.005068893868192985,11.0
QLP_vs_TESSCut,QLP,11,52,TESSCut,TailRatio,0.028533557333500197,0.008034286209197413,3.0
QLP_vs_TESSCut,QLP,11,52,TESSCut,EtaVonNeumann,0.0054674366517973305,0.003156117252455359,22.0
QLP_vs_TESSCut,QLP,11,52,TESSCut,MaxAbsSlope,0.008385810979989033,0.0034457118629732265,13.0
QLP_vs_TESSCut,QLP,11,52,TESSCut,MedianAbsSuccessiveDiff,0.057772547034818655,0.005283916469688593,1.0
QLP_vs_TESSCut,QLP,11,52,TESSCut,FractionBeyond1Std,0.005589616813931863,0.004713601122644457,20.0
QLP_vs_TESSCut,QLP,11,52,TESSCut,FractionBeyond2Std,0.002232908833936209,0.0052248028024987824,31.0
QLP_vs_TESSCut,QLP,11,52,TESSCut,LsBestPeriod,0.011270361530064693,0.00538105833952066,7.0
QLP_vs_TESSCut,QLP,11,52,TESSCut,LsMaxPower,0.008990165297242897,0.003726263663539597,10.0
QLP_vs_TESSCut,QLP,11,52,TESSCut,LsFalseAlarmProbability,0.0,0.0,36.0
QLP_vs_TESSCut,QLP,11,52,TESSCut,LsPeriod2,0.010742921990068077,0.00436456387931401,8.0
QLP_vs_TESSCut,QLP,11,52,TESSCut,LsPeriod3,0.01067502322639306,0.0038618481819458358,9.0
QLP_vs_TESSCut,QLP,11,52,TESSCut,LsPeakPowerGap12,0.0011338893116861093,0.001998849824504035,34.0
QLP_vs_TESSCut,QLP,11,52,TESSCut,LsPeakPowerGap23,0.006022309280014732,0.004908269640374552,18.0
QLP_vs_TESSCut,QLP,11,52,TESSCut,LsPowerRatio21,0.004086960466812034,0.004656213844528953,26.0
QLP_vs_TESSCut,QLP,11,52,TESSCut,LsPowerRatio31,0.007882435877584248,0.003904887595888782,15.0
QLP_vs_TESSCut,QLP,11,52,TESSCut,LsPeriodRatio21,0.008139005158126133,0.004257374653565557,14.0
QLP_vs_TESSCut,QLP,11,52,TESSCut,LsPeriodRatio31,0.007480131962152486,0.002721550120748701,16.0
QLP_vs_TESSCut,QLP,11,52,TESSCut,PhaseCurveStd,0.0038963756943208583,0.00526954786521714,28.0
QLP_vs_TESSCut,QLP,11,52,TESSCut,PhasePeakPhase,0.005455752760261862,0.002566024047868513,23.0
QLP_vs_TESSCut,QLP,11,52,TESSCut,PhaseTroughPhase,-0.001433336133678642,0.0038878890232746355,39.0
QLP_vs_TESSCut,QLP,11,52,TESSCut,PhasePeakToTroughPhaseDelta,0.0024183699354931865,0.0030424164352330506,30.0
QLP_vs_TESSCut,QLP,16,57,QLP,QualityScore,-0.0004056437389770684,0.0008349065522782714,32.0
QLP_vs_TESSCut,QLP,16,57,QLP,OriginalFluxMedian,0.0,0.0,29.0
QLP_vs_TESSCut,QLP,16,57,QLP,OriginalFluxStd,0.015650382933487954,0.006829907630056753,10.0
QLP_vs_TESSCut,QLP,16,57,QLP,CadenceCount,-0.001092577355419827,0.003447615240611191,35.0
QLP_vs_TESSCut,QLP,16,57,QLP,TimeSpanDays,0.0048964675291729935,0.003204587286609321,21.0
QLP_vs_TESSCut,QLP,16,57,QLP,MedianCadenceDays,-0.0002469135802469102,0.0007407407407407307,31.0
QLP_vs_TESSCut,QLP,16,57,QLP,FluxStd,0.0,0.0,29.0
QLP_vs_TESSCut,QLP,16,57,QLP,FluxMedian,0.0,0.0,29.0
QLP_vs_TESSCut,QLP,16,57,QLP,FluxMad,0.007243053908293657,0.002371472025003457,17.0
QLP_vs_TESSCut,QLP,16,57,QLP,FluxP05,0.02602508697542944,0.010294156021807041,4.0
QLP_vs_TESSCut,QLP,16,57,QLP,FluxP90,0.023153736484215946,0.013578010707592642,5.0
QLP_vs_TESSCut,QLP,16,57,QLP,FluxP95,0.012263484074271741,0.008193900065146021,12.0
QLP_vs_TESSCut,QLP,16,57,QLP,FluxIqr,0.02181976593506276,0.009837692565078434,6.0
QLP_vs_TESSCut,QLP,16,57,QLP,FluxAmplitude,0.005883895351646467,0.004192949824537094,19.0
QLP_vs_TESSCut,QLP,16,57,QLP,FluxPercentAmplitude95To5,0.009503787055156915,0.0036016865718808064,14.0
QLP_vs_TESSCut,QLP,16,57,QLP,FluxSkewness,0.00255332530018601,0.003151829451225941,25.0
QLP_vs_TESSCut,QLP,16,57,QLP,FluxKurtosis,0.005428331340146397,0.002144101452371598,20.0
QLP_vs_TESSCut,QLP,16,57,QLP,TailAsymmetry,0.01834206313515675,0.012978623694531953,9.0
QLP_vs_TESSCut,QLP,16,57,QLP,TailRatio,0.01231872019828641,0.007471726863296986,11.0
QLP_vs_TESSCut,QLP,16,57,QLP,EtaVonNeumann,0.009640229760092767,0.0049467295131223514,13.0
QLP_vs_TESSCut,QLP,16,57,QLP,MaxAbsSlope,0.004226416974704633,0.003581800181374053,22.0
QLP_vs_TESSCut,QLP,16,57,QLP,MedianAbsSuccessiveDiff,0.007909886811142519,0.00582019026989273,15.0
QLP_vs_TESSCut,QLP,16,57,QLP,FractionBeyond1Std,0.007011314355777826,0.0035078264685504796,18.0
QLP_vs_TESSCut,QLP,16,57,QLP,FractionBeyond2Std,0.002908029523326311,0.003625831221937047,24.0
QLP_vs_TESSCut,QLP,16,57,QLP,LsBestPeriod,0.052243417678634586,0.009125447040382572,2.0
QLP_vs_TESSCut,QLP,16,57,QLP,LsMaxPower,0.01850061758594864,0.008322172592492365,8.0
QLP_vs_TESSCut,QLP,16,57,QLP,LsFalseAlarmProbability,-0.0004938271604938205,0.000987654320987641,33.0
QLP_vs_TESSCut,QLP,16,57,QLP,LsPeriod2,0.05162719072108342,0.009182644995859765,3.0
QLP_vs_TESSCut,QLP,16,57,QLP,LsPeriod3,0.0572435988774459,0.013516874243442483,1.0
QLP_vs_TESSCut,QLP,16,57,QLP,LsPeakPowerGap12,0.0025530459520185568,0.002158604903596347,26.0
QLP_vs_TESSCut,QLP,16,57,QLP,LsPeakPowerGap23,0.003207581358266276,0.0020885564325299876,23.0
QLP_vs_TESSCut,QLP,16,57,QLP,LsPowerRatio21,-0.0005147254234012077,0.0032738504918458475,34.0
QLP_vs_TESSCut,QLP,16,57,QLP,LsPowerRatio31,-0.0033304417023024445,0.0029416246629105107,37.0
QLP_vs_TESSCut,QLP,16,57,QLP,LsPeriodRatio21,-0.0032025304414002864,0.002746958425765313,36.0
QLP_vs_TESSCut,QLP,16,57,QLP,LsPeriodRatio31,3.3476480394278864e-05,0.007429661282415912,27.0
QLP_vs_TESSCut,QLP,16,57,QLP,PhaseCurveStd,0.007460219310961291,0.0024526912745581756,16.0
QLP_vs_TESSCut,QLP,16,57,QLP,PhasePeakPhase,-0.005617835097001767,0.0020199767629690605,39.0
QLP_vs_TESSCut,QLP,16,57,QLP,PhaseTroughPhase,-0.0035444725028058177,0.004452575778183507,38.0
QLP_vs_TESSCut,QLP,16,57,QLP,PhasePeakToTroughPhaseDelta,0.01925044091710758,0.01196136195556214,7.0
QLP_vs_TESSCut,QLP,16,57,TESSCut,QualityScore,0.0010282579546278092,0.0020400958957139527,21.0
QLP_vs_TESSCut,QLP,16,57,TESSCut,OriginalFluxMedian,-0.00015256734006733886,0.0017743421537190025,28.0
QLP_vs_TESSCut,QLP,16,57,TESSCut,OriginalFluxStd,0.023099079647310235,0.004112850670139362,2.0
QLP_vs_TESSCut,QLP,16,57,TESSCut,CadenceCount,0.004455904582902281,0.002891174709125258,9.0
QLP_vs_TESSCut,QLP,16,57,TESSCut,TimeSpanDays,0.004505404117276246,0.003620721217762807,8.0
QLP_vs_TESSCut,QLP,16,57,TESSCut,MedianCadenceDays,0.0005819199826049059,0.0016761543171848834,22.0
QLP_vs_TESSCut,QLP,16,57,TESSCut,FluxStd,0.0,0.0,25.0
QLP_vs_TESSCut,QLP,16,57,TESSCut,FluxMedian,0.0,0.0,25.0
QLP_vs_TESSCut,QLP,16,57,TESSCut,FluxMad,0.006114440639269403,0.004152192492898796,4.0
QLP_vs_TESSCut,QLP,16,57,TESSCut,FluxP05,0.009692525521578016,0.00480069799624127,3.0
QLP_vs_TESSCut,QLP,16,57,TESSCut,FluxP90,0.003161285061969987,0.004049562048800877,16.0
QLP_vs_TESSCut,QLP,16,57,TESSCut,FluxP95,0.0036520771423739383,0.0016910190998336132,13.0
QLP_vs_TESSCut,QLP,16,57,TESSCut,FluxIqr,0.002432858290449613,0.004125264255662882,18.0
QLP_vs_TESSCut,QLP,16,57,TESSCut,FluxAmplitude,0.0039216522421430975,0.003719027046322255,12.0
QLP_vs_TESSCut,QLP,16,57,TESSCut,FluxPercentAmplitude95To5,0.00250477911864897,0.0017969332541078401,17.0
QLP_vs_TESSCut,QLP,16,57,TESSCut,FluxSkewness,0.004242913616486671,0.002185915187616357,10.0
QLP_vs_TESSCut,QLP,16,57,TESSCut,FluxKurtosis,-0.0027119930002350245,0.0017373918004804526,35.0
QLP_vs_TESSCut,QLP,16,57,TESSCut,TailAsymmetry,0.00574795094344181,0.0037843046023120176,6.0
QLP_vs_TESSCut,QLP,16,57,TESSCut,TailRatio,0.004125262738276431,0.006270751864580295,11.0
QLP_vs_TESSCut,QLP,16,57,TESSCut,EtaVonNeumann,0.0048172507033808435,0.0040031581297911975,7.0
QLP_vs_TESSCut,QLP,16,57,TESSCut,MaxAbsSlope,-0.0032512983169375896,0.003905559983476591,36.0
QLP_vs_TESSCut,QLP,16,57,TESSCut,MedianAbsSuccessiveDiff,0.02562880997955197,0.005532687510113233,1.0
QLP_vs_TESSCut,QLP,16,57,TESSCut,FractionBeyond1Std,-0.00013045696692957077,0.0031279720548491436,27.0
QLP_vs_TESSCut,QLP,16,57,TESSCut,FractionBeyond2Std,-0.004870351564130121,0.0025382976660544977,37.0
QLP_vs_TESSCut,QLP,16,57,TESSCut,LsBestPeriod,0.005772506814173473,0.005108906189351893,5.0
QLP_vs_TESSCut,QLP,16,57,TESSCut,LsMaxPower,-0.0008902517235850782,0.0036400882603960364,31.0
QLP_vs_TESSCut,QLP,16,57,TESSCut,LsFalseAlarmProbability,0.0,0.0,25.0
QLP_vs_TESSCut,QLP,16,57,TESSCut,LsPeriod2,0.001036012440122014,0.002967615768396642,20.0
QLP_vs_TESSCut,QLP,16,57,TESSCut,LsPeriod3,0.0035861949018341664,0.004538562044751577,14.0
QLP_vs_TESSCut,QLP,16,57,TESSCut,LsPeakPowerGap12,-0.0016704052648687517,0.003382359437357534,33.0
QLP_vs_TESSCut,QLP,16,57,TESSCut,LsPeakPowerGap23,-0.0006226025475454588,0.002172161452664679,30.0
QLP_vs_TESSCut,QLP,16,57,TESSCut,LsPowerRatio21,-0.007024749835822896,0.004978893771611565,39.0
QLP_vs_TESSCut,QLP,16,57,TESSCut,LsPowerRatio31,0.0001202096250612128,0.003803453817080551,23.0
QLP_vs_TESSCut,QLP,16,57,TESSCut,LsPeriodRatio21,0.0031918987384169984,0.0027686093336223502,15.0
QLP_vs_TESSCut,QLP,16,57,TESSCut,LsPeriodRatio31,-0.0001754265310201397,0.004129753623258346,29.0
QLP_vs_TESSCut,QLP,16,57,TESSCut,PhaseCurveStd,0.0014440865767920586,0.00340244695208328,19.0
QLP_vs_TESSCut,QLP,16,57,TESSCut,PhasePeakPhase,-0.005070422506210181,0.003148648611192947,38.0
QLP_vs_TESSCut,QLP,16,57,TESSCut,PhaseTroughPhase,-0.0016405863922987318,0.0026221340412023973,32.0
QLP_vs_TESSCut,QLP,16,57,TESSCut,PhasePeakToTroughPhaseDelta,-0.0021007840143114297,0.003657772809283134,34.0
QLP_vs_TESSCut,QLP,21,62,QLP,QualityScore,0.0,0.0,28.0
QLP_vs_TESSCut,QLP,21,62,QLP,OriginalFluxMedian,0.0,0.0,28.0
QLP_vs_TESSCut,QLP,21,62,QLP,OriginalFluxStd,0.021198166158211858,0.011324225573684583,4.0
QLP_vs_TESSCut,QLP,21,62,QLP,CadenceCount,0.020992779364640123,0.011341913835407997,5.0
QLP_vs_TESSCut,QLP,21,62,QLP,TimeSpanDays,0.0002766329307425541,0.004397366760214011,24.0
QLP_vs_TESSCut,QLP,21,62,QLP,MedianCadenceDays,0.0,0.0,28.0
QLP_vs_TESSCut,QLP,21,62,QLP,FluxStd,0.0,0.0,28.0
QLP_vs_TESSCut,QLP,21,62,QLP,FluxMedian,0.0,0.0,28.0
QLP_vs_TESSCut,QLP,21,62,QLP,FluxMad,0.006948105484064415,0.0046662396303762356,14.0
QLP_vs_TESSCut,QLP,21,62,QLP,FluxP05,0.01096705531066262,0.011925306032542946,11.0
QLP_vs_TESSCut,QLP,21,62,QLP,FluxP90,0.016743649393478183,0.010651018238021299,9.0
QLP_vs_TESSCut,QLP,21,62,QLP,FluxP95,0.005168245841761843,0.011049950434438828,16.0
QLP_vs_TESSCut,QLP,21,62,QLP,FluxIqr,0.006548519550802684,0.0036668514568127474,15.0
QLP_vs_TESSCut,QLP,21,62,QLP,FluxAmplitude,0.0012543686758869576,0.0028554503668897194,22.0
QLP_vs_TESSCut,QLP,21,62,QLP,FluxPercentAmplitude95To5,-0.008494188459941859,0.003040098114888351,39.0
QLP_vs_TESSCut,QLP,21,62,QLP,FluxSkewness,0.009165056468138694,0.00857456654356636,13.0
QLP_vs_TESSCut,QLP,21,62,QLP,FluxKurtosis,0.0046636195066560695,0.0021753304959012333,17.0
QLP_vs_TESSCut,QLP,21,62,QLP,TailAsymmetry,0.03451131710121439,0.0042019622616793866,1.0
QLP_vs_TESSCut,QLP,21,62,QLP,TailRatio,0.033440709415309876,0.004049164198636006,2.0
QLP_vs_TESSCut,QLP,21,62,QLP,EtaVonNeumann,0.012733829516078415,0.00429693993729785,10.0
QLP_vs_TESSCut,QLP,21,62,QLP,MaxAbsSlope,-0.0036805123149300954,0.0037978336386583714,35.0
QLP_vs_TESSCut,QLP,21,62,QLP,MedianAbsSuccessiveDiff,0.010639066244089118,0.008046201308377968,12.0
QLP_vs_TESSCut,QLP,21,62,QLP,FractionBeyond1Std,0.0027155510859849076,0.002203338819099944,19.0
QLP_vs_TESSCut,QLP,21,62,QLP,FractionBeyond2Std,0.0013039361598151723,0.0043420214170267965,21.0
QLP_vs_TESSCut,QLP,21,62,QLP,LsBestPeriod,0.02373314507875012,0.010434473504337577,3.0
QLP_vs_TESSCut,QLP,21,62,QLP,LsMaxPower,0.0036659738557569986,0.003344236263711848,18.0
QLP_vs_TESSCut,QLP,21,62,QLP,LsFalseAlarmProbability,0.0017842042956198179,0.00022831050228311334,20.0
QLP_vs_TESSCut,QLP,21,62,QLP,LsPeriod2,0.019515866289553534,0.010358112729550173,6.0
QLP_vs_TESSCut,QLP,21,62,QLP,LsPeriod3,0.019361504806710294,0.009143210773292108,7.0
QLP_vs_TESSCut,QLP,21,62,QLP,LsPeakPowerGap12,-0.003860000032945193,0.002565586958808067,36.0
QLP_vs_TESSCut,QLP,21,62,QLP,LsPeakPowerGap23,-0.007711798074240989,0.0038751049495261225,38.0
QLP_vs_TESSCut,QLP,21,62,QLP,LsPowerRatio21,0.00028347318587047533,0.001169986793297845,23.0
QLP_vs_TESSCut,QLP,21,62,QLP,LsPowerRatio31,0.0001265872741329388,0.003508457664899564,25.0
QLP_vs_TESSCut,QLP,21,62,QLP,LsPeriodRatio21,-0.000842733708030513,0.002716162025072705,33.0
QLP_vs_TESSCut,QLP,21,62,QLP,LsPeriodRatio31,-0.0029958429972699154,0.001797238827120392,34.0
QLP_vs_TESSCut,QLP,21,62,QLP,PhaseCurveStd,-0.00023605263331284986,0.004636435371098069,31.0
QLP_vs_TESSCut,QLP,21,62,QLP,PhasePeakPhase,-0.00035543931377264305,0.001847101709085119,32.0
QLP_vs_TESSCut,QLP,21,62,QLP,PhaseTroughPhase,-0.004853786286434641,0.003167348654950018,37.0
QLP_vs_TESSCut,QLP,21,62,QLP,PhasePeakToTroughPhaseDelta,0.016789741841111733,0.010368746160122604,8.0
QLP_vs_TESSCut,QLP,21,62,TESSCut,QualityScore,0.005417179376939652,0.0026216593215506023,17.0
QLP_vs_TESSCut,QLP,21,62,TESSCut,OriginalFluxMedian,0.0,0.0,35.5
QLP_vs_TESSCut,QLP,21,62,TESSCut,OriginalFluxStd,0.02856347710086298,0.005371266522142455,2.0
QLP_vs_TESSCut,QLP,21,62,TESSCut,CadenceCount,0.0068707514369614805,0.0034130566529733766,14.0
QLP_vs_TESSCut,QLP,21,62,TESSCut,TimeSpanDays,0.009429113240471704,0.003036758162935316,10.0
QLP_vs_TESSCut,QLP,21,62,TESSCut,MedianCadenceDays,0.0005059523809523792,0.0007738095238095211,33.0
QLP_vs_TESSCut,QLP,21,62,TESSCut,FluxStd,0.0,0.0,35.5
QLP_vs_TESSCut,QLP,21,62,TESSCut,FluxMedian,0.0,0.0,35.5
QLP_vs_TESSCut,QLP,21,62,TESSCut,FluxMad,0.01116544741830131,0.003568812544406444,7.0
QLP_vs_TESSCut,QLP,21,62,TESSCut,FluxP05,0.022712847517356687,0.0054283219931464295,4.0
QLP_vs_TESSCut,QLP,21,62,TESSCut,FluxP90,0.005869172948225471,0.003099474238583371,15.0
QLP_vs_TESSCut,QLP,21,62,TESSCut,FluxP95,0.0012298560457806918,0.0026884180350834675,27.0
QLP_vs_TESSCut,QLP,21,62,TESSCut,FluxIqr,0.010923212061910709,0.005953147411621353,9.0
QLP_vs_TESSCut,QLP,21,62,TESSCut,FluxAmplitude,0.0032582799620470724,0.004627619005259571,23.0
QLP_vs_TESSCut,QLP,21,62,TESSCut,FluxPercentAmplitude95To5,0.007666370708608173,0.0032754007484942934,13.0
QLP_vs_TESSCut,QLP,21,62,TESSCut,FluxSkewness,0.0017978710786929809,0.0026819172292082433,26.0
QLP_vs_TESSCut,QLP,21,62,TESSCut,FluxKurtosis,0.0036477517071124344,0.002491155865740717,21.0
QLP_vs_TESSCut,QLP,21,62,TESSCut,TailAsymmetry,0.008387787007935415,0.0026388819605708243,12.0
QLP_vs_TESSCut,QLP,21,62,TESSCut,TailRatio,0.023825449400506522,0.006971897222432066,3.0
QLP_vs_TESSCut,QLP,21,62,TESSCut,EtaVonNeumann,0.0033262562843042465,0.002886239602069535,22.0
QLP_vs_TESSCut,QLP,21,62,TESSCut,MaxAbsSlope,0.01288171039597985,0.002757196027514666,5.0
QLP_vs_TESSCut,QLP,21,62,TESSCut,MedianAbsSuccessiveDiff,0.05472680572851807,0.0066476232753823776,1.0
QLP_vs_TESSCut,QLP,21,62,TESSCut,FractionBeyond1Std,0.0007752749005602855,0.002562106186059075,29.0
QLP_vs_TESSCut,QLP,21,62,TESSCut,FractionBeyond2Std,0.0006525195694716101,0.0024594012215120534,30.0
QLP_vs_TESSCut,QLP,21,62,TESSCut,LsBestPeriod,0.010924769410785396,0.005426635834295902,8.0
QLP_vs_TESSCut,QLP,21,62,TESSCut,LsMaxPower,0.004309458879949763,0.0028927883053016857,20.0
QLP_vs_TESSCut,QLP,21,62,TESSCut,LsFalseAlarmProbability,0.0,0.0,35.5
QLP_vs_TESSCut,QLP,21,62,TESSCut,LsPeriod2,0.008725070063540402,0.0033895698572331554,11.0
QLP_vs_TESSCut,QLP,21,62,TESSCut,LsPeriod3,0.011307346678351277,0.0037410824418839745,6.0
QLP_vs_TESSCut,QLP,21,62,TESSCut,LsPeakPowerGap12,-0.0003188220539818598,0.003890903442171731,39.0
QLP_vs_TESSCut,QLP,21,62,TESSCut,LsPeakPowerGap23,0.005419887750081826,0.0020041938831582484,16.0
QLP_vs_TESSCut,QLP,21,62,TESSCut,LsPowerRatio21,-0.00019808050059190175,0.0032073586034638783,38.0
QLP_vs_TESSCut,QLP,21,62,TESSCut,LsPowerRatio31,0.000633019420119868,0.0030400336619154666,32.0
QLP_vs_TESSCut,QLP,21,62,TESSCut,LsPeriodRatio21,0.004953834798298268,0.003917119007392381,18.0
QLP_vs_TESSCut,QLP,21,62,TESSCut,LsPeriodRatio31,0.0027733212479217175,0.00407102314430048,24.0
QLP_vs_TESSCut,QLP,21,62,TESSCut,PhaseCurveStd,0.0019724698605977143,0.003130060062207985,25.0
QLP_vs_TESSCut,QLP,21,62,TESSCut,PhasePeakPhase,0.0011160240697911771,0.00263302429214469,28.0
QLP_vs_TESSCut,QLP,21,62,TESSCut,PhaseTroughPhase,0.0006414437921287153,0.0021599336767616803,31.0
QLP_vs_TESSCut,QLP,21,62,TESSCut,PhasePeakToTroughPhaseDelta,0.004789557485048368,0.004545596046298634,19.0
QLP_vs_TESSCut,QLP,27,68,QLP,QualityScore,0.0002469135802469158,0.0007407407407407474,34.0
QLP_vs_TESSCut,QLP,27,68,QLP,OriginalFluxMedian,0.0,0.0,36.0
QLP_vs_TESSCut,QLP,27,68,QLP,OriginalFluxStd,0.0166426022290748,0.003405822353142578,4.0
QLP_vs_TESSCut,QLP,27,68,QLP,CadenceCount,0.005304470970852226,0.0023068694068874825,18.0
QLP_vs_TESSCut,QLP,27,68,QLP,TimeSpanDays,0.0036810016889925468,0.003552902072144788,26.0
QLP_vs_TESSCut,QLP,27,68,QLP,MedianCadenceDays,0.0009231152852728242,0.002088940578663339,33.0
QLP_vs_TESSCut,QLP,27,68,QLP,FluxStd,0.0,0.0,36.0
QLP_vs_TESSCut,QLP,27,68,QLP,FluxMedian,0.0,0.0,36.0
QLP_vs_TESSCut,QLP,27,68,QLP,FluxMad,0.009109172421101625,0.0040253455777276015,11.0
QLP_vs_TESSCut,QLP,27,68,QLP,FluxP05,0.012998218486232161,0.003951095166571037,7.0
QLP_vs_TESSCut,QLP,27,68,QLP,FluxP90,0.007022937847709504,0.0024531613519554758,16.0
QLP_vs_TESSCut,QLP,27,68,QLP,FluxP95,0.004031879459961663,0.0030715615980796583,24.0
QLP_vs_TESSCut,QLP,27,68,QLP,FluxIqr,0.0037178749607402308,0.004212160451732279,25.0
QLP_vs_TESSCut,QLP,27,68,QLP,FluxAmplitude,0.0071593174076050705,0.0034185013272315383,15.0
QLP_vs_TESSCut,QLP,27,68,QLP,FluxPercentAmplitude95To5,0.0015165434514749331,0.0033591006067329753,32.0
QLP_vs_TESSCut,QLP,27,68,QLP,FluxSkewness,0.008278469215969208,0.002761104592735234,14.0
QLP_vs_TESSCut,QLP,27,68,QLP,FluxKurtosis,0.008964264848968029,0.002902011212218908,12.0
QLP_vs_TESSCut,QLP,27,68,QLP,TailAsymmetry,0.008301698354495096,0.0029708863406192484,13.0
QLP_vs_TESSCut,QLP,27,68,QLP,TailRatio,0.004444909795937135,0.0061896398543921,21.0
QLP_vs_TESSCut,QLP,27,68,QLP,EtaVonNeumann,0.016390728331367576,0.0028896306225768657,5.0
QLP_vs_TESSCut,QLP,27,68,QLP,MaxAbsSlope,0.002381899556557093,0.0028388058640177543,29.0
QLP_vs_TESSCut,QLP,27,68,QLP,MedianAbsSuccessiveDiff,0.013394085039347553,0.004893150333935092,6.0
QLP_vs_TESSCut,QLP,27,68,QLP,FractionBeyond1Std,0.010582340034394806,0.0033842839275447685,10.0
QLP_vs_TESSCut,QLP,27,68,QLP,FractionBeyond2Std,0.004927665983602047,0.004975460039642542,20.0
QLP_vs_TESSCut,QLP,27,68,QLP,LsBestPeriod,0.02797272985343759,0.008978648502151134,3.0
QLP_vs_TESSCut,QLP,27,68,QLP,LsMaxPower,0.011529219818317959,0.0071719703922884705,9.0
QLP_vs_TESSCut,QLP,27,68,QLP,LsFalseAlarmProbability,0.004433562220377279,0.0016143393617365565,22.0
QLP_vs_TESSCut,QLP,27,68,QLP,LsPeriod2,0.029562216121862224,0.007336570749749724,1.0
QLP_vs_TESSCut,QLP,27,68,QLP,LsPeriod3,0.028404627515643478,0.007806106750676385,2.0
QLP_vs_TESSCut,QLP,27,68,QLP,LsPeakPowerGap12,0.00700705069283834,0.0019923998793094605,17.0
QLP_vs_TESSCut,QLP,27,68,QLP,LsPeakPowerGap23,0.005212527674000272,0.002600661320369233,19.0
QLP_vs_TESSCut,QLP,27,68,QLP,LsPowerRatio21,-0.001050628457877334,0.0024857299510297123,39.0
QLP_vs_TESSCut,QLP,27,68,QLP,LsPowerRatio31,0.0021733417837869915,0.0031368412546622366,31.0
QLP_vs_TESSCut,QLP,27,68,QLP,LsPeriodRatio21,0.003372967827876494,0.002260614087998496,27.0
QLP_vs_TESSCut,QLP,27,68,QLP,LsPeriodRatio31,0.0024202436959285976,0.0030098707290157453,28.0
QLP_vs_TESSCut,QLP,27,68,QLP,PhaseCurveStd,0.004345450866569567,0.006214386436880627,23.0
QLP_vs_TESSCut,QLP,27,68,QLP,PhasePeakPhase,0.0023390103470012024,0.0018754426302254265,30.0
QLP_vs_TESSCut,QLP,27,68,QLP,PhaseTroughPhase,-0.0006460918161831697,0.0036070358758266588,38.0
QLP_vs_TESSCut,QLP,27,68,QLP,PhasePeakToTroughPhaseDelta,0.012560038578874172,0.003710381737167698,8.0
QLP_vs_TESSCut,QLP,27,68,TESSCut,QualityScore,0.012479795646176944,0.003431545490938981,3.0
QLP_vs_TESSCut,QLP,27,68,TESSCut,OriginalFluxMedian,0.00010122973593294504,0.0006823634484172219,27.0
QLP_vs_TESSCut,QLP,27,68,TESSCut,OriginalFluxStd,0.007601314844465579,0.006721361615214767,6.0
QLP_vs_TESSCut,QLP,27,68,TESSCut,CadenceCount,0.004496033256021848,0.005022981988666778,14.0
QLP_vs_TESSCut,QLP,27,68,TESSCut,TimeSpanDays,0.004310991519895646,0.004766359661443963,15.0
QLP_vs_TESSCut,QLP,27,68,TESSCut,MedianCadenceDays,1.5847346041419907e-05,0.0010179856726942411,28.0
QLP_vs_TESSCut,QLP,27,68,TESSCut,FluxStd,0.0,0.0,30.0
QLP_vs_TESSCut,QLP,27,68,TESSCut,FluxMedian,0.0,0.0,30.0
QLP_vs_TESSCut,QLP,27,68,TESSCut,FluxMad,0.010589502191956535,0.0042487298105889195,4.0
QLP_vs_TESSCut,QLP,27,68,TESSCut,FluxP05,0.005614101303313679,0.004216736596563777,12.0
QLP_vs_TESSCut,QLP,27,68,TESSCut,FluxP90,-0.0018117842646951875,0.002188094451438642,35.0
QLP_vs_TESSCut,QLP,27,68,TESSCut,FluxP95,-0.001388911538740295,0.0029136661672259463,34.0
QLP_vs_TESSCut,QLP,27,68,TESSCut,FluxIqr,0.0008954165760672705,0.002195303966936808,25.0
QLP_vs_TESSCut,QLP,27,68,TESSCut,FluxAmplitude,0.001741720724312068,0.002284015374364472,21.0
QLP_vs_TESSCut,QLP,27,68,TESSCut,FluxPercentAmplitude95To5,-0.004189293868232208,0.0017504312428519948,39.0
QLP_vs_TESSCut,QLP,27,68,TESSCut,FluxSkewness,0.0037616269237273903,0.0022029964537651206,16.0
QLP_vs_TESSCut,QLP,27,68,TESSCut,FluxKurtosis,0.0025393201420598867,0.001714602447551822,17.0
QLP_vs_TESSCut,QLP,27,68,TESSCut,TailAsymmetry,0.0024608761566524305,0.0020929551410517303,19.0
QLP_vs_TESSCut,QLP,27,68,TESSCut,TailRatio,0.015270018487769672,0.0038320643922966453,2.0
QLP_vs_TESSCut,QLP,27,68,TESSCut,EtaVonNeumann,0.0023884110456599108,0.0034292524450384174,20.0
QLP_vs_TESSCut,QLP,27,68,TESSCut,MaxAbsSlope,0.0024860099417748026,0.0027467081857121315,18.0
QLP_vs_TESSCut,QLP,27,68,TESSCut,MedianAbsSuccessiveDiff,0.034190840921719944,0.007465375213508283,1.0
QLP_vs_TESSCut,QLP,27,68,TESSCut,FractionBeyond1Std,-0.0005899380300064927,0.0025903130990202455,32.0
QLP_vs_TESSCut,QLP,27,68,TESSCut,FractionBeyond2Std,0.0005773900123215326,0.003532632710434133,26.0
QLP_vs_TESSCut,QLP,27,68,TESSCut,LsBestPeriod,0.0056619467121750535,0.004767289789908062,11.0
QLP_vs_TESSCut,QLP,27,68,TESSCut,LsMaxPower,-0.0008065989587108024,0.002631884453644361,33.0
QLP_vs_TESSCut,QLP,27,68,TESSCut,LsFalseAlarmProbability,0.0,0.0,30.0
QLP_vs_TESSCut,QLP,27,68,TESSCut,LsPeriod2,0.0068454268439999185,0.0035336607165367224,8.0
QLP_vs_TESSCut,QLP,27,68,TESSCut,LsPeriod3,0.007668210151086902,0.003972480740348017,5.0
QLP_vs_TESSCut,QLP,27,68,TESSCut,LsPeakPowerGap12,-0.0032961271774056998,0.0016984746784669716,38.0
QLP_vs_TESSCut,QLP,27,68,TESSCut,LsPeakPowerGap23,-0.003206912844469889,0.004221607235431151,37.0
QLP_vs_TESSCut,QLP,27,68,TESSCut,LsPowerRatio21,-0.0021292068324031354,0.0021251219527090534,36.0
QLP_vs_TESSCut,QLP,27,68,TESSCut,LsPowerRatio31,0.001290377135126014,0.003365032263428794,23.0
QLP_vs_TESSCut,QLP,27,68,TESSCut,LsPeriodRatio21,0.0057852291670785205,0.004190726290221449,9.0
QLP_vs_TESSCut,QLP,27,68,TESSCut,LsPeriodRatio31,0.0056877496974529155,0.003304922230600521,10.0
QLP_vs_TESSCut,QLP,27,68,TESSCut,PhaseCurveStd,0.004618342453673524,0.003407164696138164,13.0
QLP_vs_TESSCut,QLP,27,68,TESSCut,PhasePeakPhase,0.0013043369935493375,0.004008054496668345,22.0
QLP_vs_TESSCut,QLP,27,68,TESSCut,PhaseTroughPhase,0.0009815464110555672,0.0009659860211083032,24.0
QLP_vs_TESSCut,QLP,27,68,TESSCut,PhasePeakToTroughPhaseDelta,0.007392099539645219,0.0028875746969660677,7.0
QLP_vs_TESSCut,QLP,32,73,QLP,QualityScore,0.0005941358024691313,0.0009270826108565096,31.0
QLP_vs_TESSCut,QLP,32,73,QLP,OriginalFluxMedian,0.0,0.0,35.0
QLP_vs_TESSCut,QLP,32,73,QLP,OriginalFluxStd,-0.000890139160687059,0.0038868497766110766,37.0
QLP_vs_TESSCut,QLP,32,73,QLP,CadenceCount,0.0018378418892117665,0.00282890809123993,25.0
QLP_vs_TESSCut,QLP,32,73,QLP,TimeSpanDays,0.0076995678408350084,0.0041102027963137115,12.0
QLP_vs_TESSCut,QLP,32,73,QLP,MedianCadenceDays,0.00012451378318958372,0.0017980549125443711,33.0
QLP_vs_TESSCut,QLP,32,73,QLP,FluxStd,0.0,0.0,35.0
QLP_vs_TESSCut,QLP,32,73,QLP,FluxMedian,0.0,0.0,35.0
QLP_vs_TESSCut,QLP,32,73,QLP,FluxMad,0.00721664212246399,0.00362333880185316,13.0
QLP_vs_TESSCut,QLP,32,73,QLP,FluxP05,0.011988928752627364,0.0029434840695586406,7.0
QLP_vs_TESSCut,QLP,32,73,QLP,FluxP90,0.02468588362423978,0.011862848305226208,2.0
QLP_vs_TESSCut,QLP,32,73,QLP,FluxP95,0.008340746698337958,0.0026181312778558335,10.0
QLP_vs_TESSCut,QLP,32,73,QLP,FluxIqr,0.010129269565628003,0.005216816846177995,9.0
QLP_vs_TESSCut,QLP,32,73,QLP,FluxAmplitude,0.000668178166751221,0.002115363250212994,29.0
QLP_vs_TESSCut,QLP,32,73,QLP,FluxPercentAmplitude95To5,0.006734782319828009,0.0025099455727844687,17.0
QLP_vs_TESSCut,QLP,32,73,QLP,FluxSkewness,0.0007291742166171622,0.002273601005311657,28.0
QLP_vs_TESSCut,QLP,32,73,QLP,FluxKurtosis,0.002371311094199258,0.0025458656355708247,22.0
QLP_vs_TESSCut,QLP,32,73,QLP,TailAsymmetry,0.012449022734410852,0.0030163424829323677,6.0
QLP_vs_TESSCut,QLP,32,73,QLP,TailRatio,0.024965538594248687,0.00615818116333868,1.0
QLP_vs_TESSCut,QLP,32,73,QLP,EtaVonNeumann,0.006942889154647175,0.0031453105790393973,15.0
QLP_vs_TESSCut,QLP,32,73,QLP,MaxAbsSlope,0.007748612319103204,0.0034430967071939758,11.0
QLP_vs_TESSCut,QLP,32,73,QLP,MedianAbsSuccessiveDiff,0.006836669587811139,0.006029379592555208,16.0
QLP_vs_TESSCut,QLP,32,73,QLP,FractionBeyond1Std,0.0018351314569922006,0.0025840096531868878,26.0
QLP_vs_TESSCut,QLP,32,73,QLP,FractionBeyond2Std,0.002309031552753049,0.0019512121918836736,23.0
QLP_vs_TESSCut,QLP,32,73,QLP,LsBestPeriod,0.017966481239883036,0.011187458627303243,4.0
QLP_vs_TESSCut,QLP,32,73,QLP,LsMaxPower,0.011886572701355808,0.004884261235530548,8.0
QLP_vs_TESSCut,QLP,32,73,QLP,LsFalseAlarmProbability,0.000347222222222221,0.0006944444444444421,32.0
QLP_vs_TESSCut,QLP,32,73,QLP,LsPeriod2,0.01919726524321271,0.011491322110885816,3.0
QLP_vs_TESSCut,QLP,32,73,QLP,LsPeriod3,0.014658329050452302,0.01083223458569063,5.0
QLP_vs_TESSCut,QLP,32,73,QLP,LsPeakPowerGap12,0.0012251078132927639,0.002373588856943789,27.0
QLP_vs_TESSCut,QLP,32,73,QLP,LsPeakPowerGap23,0.005948069930661276,0.0028889192605922797,19.0
QLP_vs_TESSCut,QLP,32,73,QLP,LsPowerRatio21,0.0019819676982919033,0.0023237758033492783,24.0
QLP_vs_TESSCut,QLP,32,73,QLP,LsPowerRatio31,0.004670323862675452,0.001761202941011869,20.0
QLP_vs_TESSCut,QLP,32,73,QLP,LsPeriodRatio21,-0.0014011500084559424,0.001408034361097794,38.0
QLP_vs_TESSCut,QLP,32,73,QLP,LsPeriodRatio31,0.0006225545024060919,0.0034475186264730736,30.0
QLP_vs_TESSCut,QLP,32,73,QLP,PhaseCurveStd,0.007001196049426622,0.0029355537497106434,14.0
QLP_vs_TESSCut,QLP,32,73,QLP,PhasePeakPhase,-0.0025732544239964517,0.0028441963159682028,39.0
QLP_vs_TESSCut,QLP,32,73,QLP,PhaseTroughPhase,0.004164230778100614,0.001338840353862638,21.0
QLP_vs_TESSCut,QLP,32,73,QLP,PhasePeakToTroughPhaseDelta,0.006640631005642383,0.0029079697845684183,18.0
QLP_vs_TESSCut,QLP,32,73,TESSCut,QualityScore,0.007978454774973026,0.004061299422940044,6.0
QLP_vs_TESSCut,QLP,32,73,TESSCut,OriginalFluxMedian,0.0005764538184629409,0.0010940280520042927,30.0
QLP_vs_TESSCut,QLP,32,73,TESSCut,OriginalFluxStd,0.014259923654900808,0.0035123183601670147,2.0
QLP_vs_TESSCut,QLP,32,73,TESSCut,CadenceCount,0.0003087119839402741,0.004279850139439594,31.0
QLP_vs_TESSCut,QLP,32,73,TESSCut,TimeSpanDays,0.006884799835713074,0.00462200549592057,8.0
QLP_vs_TESSCut,QLP,32,73,TESSCut,MedianCadenceDays,0.00019134594477057676,0.0011065380433332328,32.0
QLP_vs_TESSCut,QLP,32,73,TESSCut,FluxStd,0.0,0.0,34.0
QLP_vs_TESSCut,QLP,32,73,TESSCut,FluxMedian,0.0,0.0,34.0
QLP_vs_TESSCut,QLP,32,73,TESSCut,FluxMad,0.005574820970083527,0.005337186170044654,11.0
QLP_vs_TESSCut,QLP,32,73,TESSCut,FluxP05,0.011961014526653773,0.00444602604943882,3.0
QLP_vs_TESSCut,QLP,32,73,TESSCut,FluxP90,0.0018977171146120852,0.0031029173598172083,27.0
QLP_vs_TESSCut,QLP,32,73,TESSCut,FluxP95,0.003715760288248865,0.003298544085724872,18.0
QLP_vs_TESSCut,QLP,32,73,TESSCut,FluxIqr,-0.001309262993052962,0.0029546462537438697,38.0
QLP_vs_TESSCut,QLP,32,73,TESSCut,FluxAmplitude,0.0038568846488367114,0.0022791090930366,15.0
QLP_vs_TESSCut,QLP,32,73,TESSCut,FluxPercentAmplitude95To5,0.0037243425228585037,0.0019112876065946552,17.0
QLP_vs_TESSCut,QLP,32,73,TESSCut,FluxSkewness,0.0022835765515560047,0.0035088925035573855,25.0
QLP_vs_TESSCut,QLP,32,73,TESSCut,FluxKurtosis,0.0023171820674674436,0.002963106641740656,24.0
QLP_vs_TESSCut,QLP,32,73,TESSCut,TailAsymmetry,0.0027447693943127684,0.0030788915222157405,23.0
QLP_vs_TESSCut,QLP,32,73,TESSCut,TailRatio,0.011512386174201233,0.007987718865108405,4.0
QLP_vs_TESSCut,QLP,32,73,TESSCut,EtaVonNeumann,0.0030402216061462374,0.0027114752454702224,20.0
QLP_vs_TESSCut,QLP,32,73,TESSCut,MaxAbsSlope,0.003425472928897599,0.0039336646979763815,19.0
QLP_vs_TESSCut,QLP,32,73,TESSCut,MedianAbsSuccessiveDiff,0.04171346606420806,0.0065970772488115545,1.0
QLP_vs_TESSCut,QLP,32,73,TESSCut,FractionBeyond1Std,0.0028039616923749232,0.0037820509111559444,22.0
QLP_vs_TESSCut,QLP,32,73,TESSCut,FractionBeyond2Std,-0.000757214732671363,0.002637425715316512,36.0
QLP_vs_TESSCut,QLP,32,73,TESSCut,LsBestPeriod,0.0028249292775548553,0.003655581830310576,21.0
QLP_vs_TESSCut,QLP,32,73,TESSCut,LsMaxPower,0.004207776146988457,0.00228928149385938,13.0
QLP_vs_TESSCut,QLP,32,73,TESSCut,LsFalseAlarmProbability,0.0,0.0,34.0
QLP_vs_TESSCut,QLP,32,73,TESSCut,LsPeriod2,0.006501767512041479,0.003574525618388447,9.0
QLP_vs_TESSCut,QLP,32,73,TESSCut,LsPeriod3,0.010684369378718677,0.0027408577652640394,5.0
QLP_vs_TESSCut,QLP,32,73,TESSCut,LsPeakPowerGap12,0.005633792260504605,0.0032786120741169354,10.0
QLP_vs_TESSCut,QLP,32,73,TESSCut,LsPeakPowerGap23,0.002174124919558695,0.005914111080663308,26.0
QLP_vs_TESSCut,QLP,32,73,TESSCut,LsPowerRatio21,0.007255169519724308,0.0028504961434561056,7.0
QLP_vs_TESSCut,QLP,32,73,TESSCut,LsPowerRatio31,0.003892232144229857,0.003319146884856494,14.0
QLP_vs_TESSCut,QLP,32,73,TESSCut,LsPeriodRatio21,-0.0010940797955638292,0.0031822721023757406,37.0
QLP_vs_TESSCut,QLP,32,73,TESSCut,LsPeriodRatio31,0.0008571952949806616,0.004058896427719469,29.0
QLP_vs_TESSCut,QLP,32,73,TESSCut,PhaseCurveStd,0.00534098802220947,0.004321720395072408,12.0
QLP_vs_TESSCut,QLP,32,73,TESSCut,PhasePeakPhase,-0.0024497303706778662,0.004036250827543962,39.0
QLP_vs_TESSCut,QLP,32,73,TESSCut,PhaseTroughPhase,0.0009159291051414442,0.002740227931918245,28.0
QLP_vs_TESSCut,QLP,32,73,TESSCut,PhasePeakToTroughPhaseDelta,0.003753619858071905,0.003123793370770909,16.0
QLP_vs_TESSCut,QLP,37,78,QLP,QualityScore,0.0,0.0,37.5
QLP_vs_TESSCut,QLP,37,78,QLP,OriginalFluxMedian,0.0,0.0,37.5
QLP_vs_TESSCut,QLP,37,78,QLP,OriginalFluxStd,0.02679384283693647,0.014581428619770916,8.0
QLP_vs_TESSCut,QLP,37,78,QLP,CadenceCount,0.008526957304069199,0.003425844312031246,26.0
QLP_vs_TESSCut,QLP,37,78,QLP,TimeSpanDays,0.010331608924645441,0.0030807641354513,22.0
QLP_vs_TESSCut,QLP,37,78,QLP,MedianCadenceDays,0.0027977549467275097,0.001241970019174749,34.0
QLP_vs_TESSCut,QLP,37,78,QLP,FluxStd,0.0,0.0,37.5
QLP_vs_TESSCut,QLP,37,78,QLP,FluxMedian,0.0,0.0,37.5
QLP_vs_TESSCut,QLP,37,78,QLP,FluxMad,0.018154338421176346,0.006818975853631302,14.0
QLP_vs_TESSCut,QLP,37,78,QLP,FluxP05,0.025402693081060718,0.007681453461885312,10.0
QLP_vs_TESSCut,QLP,37,78,QLP,FluxP90,0.03175684876598121,0.013526807512645542,7.0
QLP_vs_TESSCut,QLP,37,78,QLP,FluxP95,0.026551000739071563,0.014093207700687642,9.0
QLP_vs_TESSCut,QLP,37,78,QLP,FluxIqr,0.02437162723121632,0.007041453406284906,12.0
QLP_vs_TESSCut,QLP,37,78,QLP,FluxAmplitude,0.005861299036241991,0.0027501670360597654,29.0
QLP_vs_TESSCut,QLP,37,78,QLP,FluxPercentAmplitude95To5,0.013421720603512849,0.002903947541495937,18.0
QLP_vs_TESSCut,QLP,37,78,QLP,FluxSkewness,0.012607607385004643,0.008846494645879034,19.0
QLP_vs_TESSCut,QLP,37,78,QLP,FluxKurtosis,0.010161078193327061,0.0022429459475487557,23.0
QLP_vs_TESSCut,QLP,37,78,QLP,TailAsymmetry,0.04039665106160541,0.012970501032591559,4.0
QLP_vs_TESSCut,QLP,37,78,QLP,TailRatio,0.05265516109123418,0.012641932456714414,3.0
QLP_vs_TESSCut,QLP,37,78,QLP,EtaVonNeumann,0.013428254742467071,0.0038872232883179368,17.0
QLP_vs_TESSCut,QLP,37,78,QLP,MaxAbsSlope,0.01211534512333599,0.004136478991808998,20.0
QLP_vs_TESSCut,QLP,37,78,QLP,MedianAbsSuccessiveDiff,0.02256539492555477,0.008478255131014027,13.0
QLP_vs_TESSCut,QLP,37,78,QLP,FractionBeyond1Std,0.01164734565704888,0.00378882363442911,21.0
QLP_vs_TESSCut,QLP,37,78,QLP,FractionBeyond2Std,0.010015544661663411,0.0028030176442578967,24.0
QLP_vs_TESSCut,QLP,37,78,QLP,LsBestPeriod,0.03976750545243701,0.012934039744051374,5.0
QLP_vs_TESSCut,QLP,37,78,QLP,LsMaxPower,0.02440713464828768,0.004257597958102304,11.0
QLP_vs_TESSCut,QLP,37,78,QLP,LsFalseAlarmProbability,0.0030400733525733415,0.0014364591680581151,33.0
QLP_vs_TESSCut,QLP,37,78,QLP,LsPeriod2,0.053936842056134325,0.007674997808226817,2.0
QLP_vs_TESSCut,QLP,37,78,QLP,LsPeriod3,0.055012672248688256,0.007458806886260611,1.0
QLP_vs_TESSCut,QLP,37,78,QLP,LsPeakPowerGap12,0.00914615001943767,0.0038410266060594856,25.0
QLP_vs_TESSCut,QLP,37,78,QLP,LsPeakPowerGap23,0.007619622788001779,0.003441246626651945,27.0
QLP_vs_TESSCut,QLP,37,78,QLP,LsPowerRatio21,0.0065420883657184735,0.0023363475599389046,28.0
QLP_vs_TESSCut,QLP,37,78,QLP,LsPowerRatio31,0.005170516317776569,0.002865969029266072,31.0
QLP_vs_TESSCut,QLP,37,78,QLP,LsPeriodRatio21,0.0032848420605270045,0.0036379082659779597,32.0
QLP_vs_TESSCut,QLP,37,78,QLP,LsPeriodRatio31,0.005364813606822694,0.0029017755038655674,30.0
QLP_vs_TESSCut,QLP,37,78,QLP,PhaseCurveStd,0.017213587824318442,0.005323188892746831,15.0
QLP_vs_TESSCut,QLP,37,78,QLP,PhasePeakPhase,0.0014067596216568834,0.001811448356230579,35.0
QLP_vs_TESSCut,QLP,37,78,QLP,PhaseTroughPhase,0.017104050397429432,0.011813527107105778,16.0
QLP_vs_TESSCut,QLP,37,78,QLP,PhasePeakToTroughPhaseDelta,0.0336945696363505,0.00803947901647337,6.0
QLP_vs_TESSCut,QLP,37,78,TESSCut,QualityScore,0.010883986637411242,0.0035449297354374254,11.0
QLP_vs_TESSCut,QLP,37,78,TESSCut,OriginalFluxMedian,0.0019286801478581805,0.0009545553381169777,32.0
QLP_vs_TESSCut,QLP,37,78,TESSCut,OriginalFluxStd,0.019945210695781413,0.004679290451738363,4.0
QLP_vs_TESSCut,QLP,37,78,TESSCut,CadenceCount,0.0030656676846744836,0.004239292206888209,30.0
QLP_vs_TESSCut,QLP,37,78,TESSCut,TimeSpanDays,0.012484178735605617,0.0030741549725512877,9.0
QLP_vs_TESSCut,QLP,37,78,TESSCut,MedianCadenceDays,-0.00010439316518086606,0.0022379526624786354,37.0
QLP_vs_TESSCut,QLP,37,78,TESSCut,FluxStd,0.0,0.0,35.0
QLP_vs_TESSCut,QLP,37,78,TESSCut,FluxMedian,0.0,0.0,35.0
QLP_vs_TESSCut,QLP,37,78,TESSCut,FluxMad,0.011311211566633894,0.006069362321910891,10.0
QLP_vs_TESSCut,QLP,37,78,TESSCut,FluxP05,0.02072374031135441,0.007607906109811168,3.0
QLP_vs_TESSCut,QLP,37,78,TESSCut,FluxP90,0.006479401126946749,0.004273649504964266,20.0
QLP_vs_TESSCut,QLP,37,78,TESSCut,FluxP95,0.005914270861474014,0.004099421753881852,23.0
QLP_vs_TESSCut,QLP,37,78,TESSCut,FluxIqr,0.004764463508755696,0.004244398095536079,27.0
QLP_vs_TESSCut,QLP,37,78,TESSCut,FluxAmplitude,0.006812358060931084,0.0024505149138581766,17.0
QLP_vs_TESSCut,QLP,37,78,TESSCut,FluxPercentAmplitude95To5,0.006302012981522054,0.0037055078155089232,21.0
QLP_vs_TESSCut,QLP,37,78,TESSCut,FluxSkewness,0.006557065408378149,0.004013030721660988,19.0
QLP_vs_TESSCut,QLP,37,78,TESSCut,FluxKurtosis,0.006656383634123303,0.0033900084131156818,18.0
QLP_vs_TESSCut,QLP,37,78,TESSCut,TailAsymmetry,0.01401300458378078,0.0025184372316927987,8.0
QLP_vs_TESSCut,QLP,37,78,TESSCut,TailRatio,0.024039067012811235,0.005260183288291318,2.0
QLP_vs_TESSCut,QLP,37,78,TESSCut,EtaVonNeumann,0.008566938409974873,0.003162536136714883,13.0
QLP_vs_TESSCut,QLP,37,78,TESSCut,MaxAbsSlope,0.006289375050790524,0.005266391199764526,22.0
QLP_vs_TESSCut,QLP,37,78,TESSCut,MedianAbsSuccessiveDiff,0.04797378890558109,0.009245811726462617,1.0
QLP_vs_TESSCut,QLP,37,78,TESSCut,FractionBeyond1Std,0.008283021836103965,0.004691066766951176,14.0
QLP_vs_TESSCut,QLP,37,78,TESSCut,FractionBeyond2Std,0.008095448807492123,0.003130671360206999,15.0
QLP_vs_TESSCut,QLP,37,78,TESSCut,LsBestPeriod,0.014737721584182722,0.004588453465840093,6.0
QLP_vs_TESSCut,QLP,37,78,TESSCut,LsMaxPower,0.005503578264708336,0.0031525654964581888,24.0
QLP_vs_TESSCut,QLP,37,78,TESSCut,LsFalseAlarmProbability,0.0,0.0,35.0
QLP_vs_TESSCut,QLP,37,78,TESSCut,LsPeriod2,0.014899620663033858,0.003416039452060111,5.0
QLP_vs_TESSCut,QLP,37,78,TESSCut,LsPeriod3,0.014672535311804662,0.0052357948464466396,7.0
QLP_vs_TESSCut,QLP,37,78,TESSCut,LsPeakPowerGap12,0.0011935943200212296,0.0024275794054589798,33.0
QLP_vs_TESSCut,QLP,37,78,TESSCut,LsPeakPowerGap23,0.007044503938054114,0.0021420516445936036,16.0
QLP_vs_TESSCut,QLP,37,78,TESSCut,LsPowerRatio21,0.002673143014181778,0.004160516311178206,31.0
QLP_vs_TESSCut,QLP,37,78,TESSCut,LsPowerRatio31,0.004659797172639607,0.004342893449371,28.0
QLP_vs_TESSCut,QLP,37,78,TESSCut,LsPeriodRatio21,0.010178552896874759,0.0041291782987221744,12.0
QLP_vs_TESSCut,QLP,37,78,TESSCut,LsPeriodRatio31,-0.000457186564492551,0.003939847051381996,39.0
QLP_vs_TESSCut,QLP,37,78,TESSCut,PhaseCurveStd,0.003449885350570231,0.0030483373399766223,29.0
QLP_vs_TESSCut,QLP,37,78,TESSCut,PhasePeakPhase,-0.00027640849130578513,0.0021784839677362706,38.0
QLP_vs_TESSCut,QLP,37,78,TESSCut,PhaseTroughPhase,0.005235611304389787,0.004037842412541752,26.0
QLP_vs_TESSCut,QLP,37,78,TESSCut,PhasePeakToTroughPhaseDelta,0.005438220402546839,0.004770168659625304,25.0
QLP_vs_TESSCut,QLP,42,83,QLP,QualityScore,-0.0002469135802469102,0.0007407407407407307,32.0
QLP_vs_TESSCut,QLP,42,83,QLP,OriginalFluxMedian,0.0,0.0,29.0
QLP_vs_TESSCut,QLP,42,83,QLP,OriginalFluxStd,0.009699527757461534,0.0029826184048529114,14.0
QLP_vs_TESSCut,QLP,42,83,QLP,CadenceCount,-0.0006754522008517394,0.0033584056284526906,33.0
QLP_vs_TESSCut,QLP,42,83,QLP,TimeSpanDays,0.002891226079011455,0.005667800619809374,22.0
QLP_vs_TESSCut,QLP,42,83,QLP,MedianCadenceDays,8.763433420977406e-06,0.0016001702512922792,27.0
QLP_vs_TESSCut,QLP,42,83,QLP,FluxStd,0.0,0.0,29.0
QLP_vs_TESSCut,QLP,42,83,QLP,FluxMedian,0.0,0.0,29.0
QLP_vs_TESSCut,QLP,42,83,QLP,FluxMad,0.016347377888473784,0.004363513614472768,5.0
QLP_vs_TESSCut,QLP,42,83,QLP,FluxP05,0.012942125786018471,0.004856548135416082,11.0
QLP_vs_TESSCut,QLP,42,83,QLP,FluxP90,0.017795155704687666,0.005594455562543092,4.0
QLP_vs_TESSCut,QLP,42,83,QLP,FluxP95,0.007463226250326726,0.0019026291175087094,16.0
QLP_vs_TESSCut,QLP,42,83,QLP,FluxIqr,0.015345848817595398,0.0037609882153771474,6.0
QLP_vs_TESSCut,QLP,42,83,QLP,FluxAmplitude,0.0014248781300721658,0.0044566514006556986,25.0
QLP_vs_TESSCut,QLP,42,83,QLP,FluxPercentAmplitude95To5,0.012500637627635347,0.00273120691257847,12.0
QLP_vs_TESSCut,QLP,42,83,QLP,FluxSkewness,0.0015953326755267505,0.0024855095516807214,24.0
QLP_vs_TESSCut,QLP,42,83,QLP,FluxKurtosis,0.004017489940720487,0.0041732376436758355,18.0
QLP_vs_TESSCut,QLP,42,83,QLP,TailAsymmetry,0.01032825468755832,0.007444232909969755,13.0
QLP_vs_TESSCut,QLP,42,83,QLP,TailRatio,0.014750889384165633,0.004368312703682547,10.0
QLP_vs_TESSCut,QLP,42,83,QLP,EtaVonNeumann,0.015046587998928168,0.004332440569305276,9.0
QLP_vs_TESSCut,QLP,42,83,QLP,MaxAbsSlope,0.0035120434064497994,0.00436331916052426,19.0
QLP_vs_TESSCut,QLP,42,83,QLP,MedianAbsSuccessiveDiff,0.021180392888440824,0.0060080012233326855,3.0
QLP_vs_TESSCut,QLP,42,83,QLP,FractionBeyond1Std,0.00655152511744978,0.0026830939246207533,17.0
QLP_vs_TESSCut,QLP,42,83,QLP,FractionBeyond2Std,-0.0015433073395402287,0.0029691274296498923,36.0
QLP_vs_TESSCut,QLP,42,83,QLP,LsBestPeriod,0.0269826471938344,0.007548363908152155,2.0
QLP_vs_TESSCut,QLP,42,83,QLP,LsMaxPower,0.015139523084728568,0.006723641928186513,8.0
QLP_vs_TESSCut,QLP,42,83,QLP,LsFalseAlarmProbability,0.0008912517488430915,0.001467498157267999,26.0
QLP_vs_TESSCut,QLP,42,83,QLP,LsPeriod2,0.01524175696407431,0.013843594158477655,7.0
QLP_vs_TESSCut,QLP,42,83,QLP,LsPeriod3,0.030599682270629758,0.007398064568774698,1.0
QLP_vs_TESSCut,QLP,42,83,QLP,LsPeakPowerGap12,0.0035110365176004464,0.0029775600655680434,20.0
QLP_vs_TESSCut,QLP,42,83,QLP,LsPeakPowerGap23,-0.0007108806866227113,0.004000399937345713,34.0
QLP_vs_TESSCut,QLP,42,83,QLP,LsPowerRatio21,-0.00021733973788768402,0.0040312506145354105,31.0
QLP_vs_TESSCut,QLP,42,83,QLP,LsPowerRatio31,0.002382054673721329,0.00350885356490235,23.0
QLP_vs_TESSCut,QLP,42,83,QLP,LsPeriodRatio21,-0.0014755334932275432,0.003451744715145397,35.0
QLP_vs_TESSCut,QLP,42,83,QLP,LsPeriodRatio31,-0.002059522162261873,0.003013103342724181,38.0
QLP_vs_TESSCut,QLP,42,83,QLP,PhaseCurveStd,-0.0016252874472052702,0.00543026907646997,37.0
QLP_vs_TESSCut,QLP,42,83,QLP,PhasePeakPhase,-0.002851085051427488,0.002193978965141708,39.0
QLP_vs_TESSCut,QLP,42,83,QLP,PhaseTroughPhase,0.003140739587657387,0.0026005954930668844,21.0
QLP_vs_TESSCut,QLP,42,83,QLP,PhasePeakToTroughPhaseDelta,0.008801295049868102,0.003500464369969517,15.0
QLP_vs_TESSCut,QLP,42,83,TESSCut,QualityScore,0.003533580669710801,0.003083749164597302,14.0
QLP_vs_TESSCut,QLP,42,83,TESSCut,OriginalFluxMedian,0.002311372037399467,0.001478016212317623,19.0
QLP_vs_TESSCut,QLP,42,83,TESSCut,OriginalFluxStd,0.010722770485898337,0.006769786603243257,4.0
QLP_vs_TESSCut,QLP,42,83,TESSCut,CadenceCount,0.00450723257800883,0.0029884808388349416,11.0
QLP_vs_TESSCut,QLP,42,83,TESSCut,TimeSpanDays,0.008189722979962722,0.0036392409711825152,5.0
QLP_vs_TESSCut,QLP,42,83,TESSCut,MedianCadenceDays,-5.327245053270979e-05,0.0012733641749910645,32.0
QLP_vs_TESSCut,QLP,42,83,TESSCut,FluxStd,0.0,0.0,28.0
QLP_vs_TESSCut,QLP,42,83,TESSCut,FluxMedian,0.0,0.0,28.0
QLP_vs_TESSCut,QLP,42,83,TESSCut,FluxMad,0.01335864625818962,0.004335528679164462,3.0
QLP_vs_TESSCut,QLP,42,83,TESSCut,FluxP05,0.0066983867540374165,0.003550691042669331,6.0
QLP_vs_TESSCut,QLP,42,83,TESSCut,FluxP90,0.003980212403442979,0.0037336212369038307,12.0
QLP_vs_TESSCut,QLP,42,83,TESSCut,FluxP95,0.0017449445531637297,0.0020383482095862808,21.0
QLP_vs_TESSCut,QLP,42,83,TESSCut,FluxIqr,0.0031629536010243766,0.0036730329360229377,16.0
QLP_vs_TESSCut,QLP,42,83,TESSCut,FluxAmplitude,-0.00048256743890303657,0.0020677886010081878,34.0
QLP_vs_TESSCut,QLP,42,83,TESSCut,FluxPercentAmplitude95To5,0.00025014495904905344,0.003075824798852048,26.0
QLP_vs_TESSCut,QLP,42,83,TESSCut,FluxSkewness,0.005197899988139754,0.0017621174628498955,9.0
QLP_vs_TESSCut,QLP,42,83,TESSCut,FluxKurtosis,0.00199610669644919,0.0024916891475515322,20.0
QLP_vs_TESSCut,QLP,42,83,TESSCut,TailAsymmetry,0.003938831811263327,0.002507632983560988,13.0
QLP_vs_TESSCut,QLP,42,83,TESSCut,TailRatio,0.013758285727463798,0.006540712609489896,2.0
QLP_vs_TESSCut,QLP,42,83,TESSCut,EtaVonNeumann,0.005028334964122661,0.0023559923183990284,10.0
QLP_vs_TESSCut,QLP,42,83,TESSCut,MaxAbsSlope,-0.0034038649706457924,0.002238153362001825,38.0
QLP_vs_TESSCut,QLP,42,83,TESSCut,MedianAbsSuccessiveDiff,0.03348000759387747,0.007221381023055146,1.0
QLP_vs_TESSCut,QLP,42,83,TESSCut,FractionBeyond1Std,0.000617525549032405,0.001836271846804964,25.0
QLP_vs_TESSCut,QLP,42,83,TESSCut,FractionBeyond2Std,0.0015338479379575609,0.003386100032221015,22.0
QLP_vs_TESSCut,QLP,42,83,TESSCut,LsBestPeriod,0.006412656132975747,0.003117702167781354,7.0
QLP_vs_TESSCut,QLP,42,83,TESSCut,LsMaxPower,0.0006606055664275023,0.0021604649367979504,24.0
QLP_vs_TESSCut,QLP,42,83,TESSCut,LsFalseAlarmProbability,0.0,0.0,28.0
QLP_vs_TESSCut,QLP,42,83,TESSCut,LsPeriod2,0.0012812567949554044,0.0028800685644953293,23.0
QLP_vs_TESSCut,QLP,42,83,TESSCut,LsPeriod3,-0.00042128723635573295,0.003737862697460096,33.0
QLP_vs_TESSCut,QLP,42,83,TESSCut,LsPeakPowerGap12,-0.0018276391606871056,0.0028574045861980437,35.0
QLP_vs_TESSCut,QLP,42,83,TESSCut,LsPeakPowerGap23,0.005580517064535312,0.0033146709351491565,8.0
QLP_vs_TESSCut,QLP,42,83,TESSCut,LsPowerRatio21,0.0033030614637349796,0.00248583660579788,15.0
QLP_vs_TESSCut,QLP,42,83,TESSCut,LsPowerRatio31,-3.833864849845936e-05,0.002237118096844864,31.0
QLP_vs_TESSCut,QLP,42,83,TESSCut,LsPeriodRatio21,-0.002299005218525768,0.0030343456231841062,36.0
QLP_vs_TESSCut,QLP,42,83,TESSCut,LsPeriodRatio31,-0.002502294498584462,0.003752512789428363,37.0
QLP_vs_TESSCut,QLP,42,83,TESSCut,PhaseCurveStd,0.0030143513576732727,0.0031033065826794512,17.0
QLP_vs_TESSCut,QLP,42,83,TESSCut,PhasePeakPhase,-6.930854533598874e-06,0.001983665660066827,30.0
QLP_vs_TESSCut,QLP,42,83,TESSCut,PhaseTroughPhase,-0.00543521689497718,0.002032451234542243,39.0
QLP_vs_TESSCut,QLP,42,83,TESSCut,PhasePeakToTroughPhaseDelta,0.0028840398988800864,0.0025633634221453126,18.0
QLP_vs_TESSCut,QLP,47,88,QLP,QualityScore,0.0,0.0,37.5
QLP_vs_TESSCut,QLP,47,88,QLP,OriginalFluxMedian,0.0,0.0,37.5
QLP_vs_TESSCut,QLP,47,88,QLP,OriginalFluxStd,0.023720624515430395,0.005161935040255008,1.0
QLP_vs_TESSCut,QLP,47,88,QLP,CadenceCount,0.012470918277139692,0.004159850618241037,11.0
QLP_vs_TESSCut,QLP,47,88,QLP,TimeSpanDays,0.009513111243990197,0.004487204820649326,18.0
QLP_vs_TESSCut,QLP,47,88,QLP,MedianCadenceDays,0.002283950617283914,0.0007709874072096649,32.0
QLP_vs_TESSCut,QLP,47,88,QLP,FluxStd,0.0,0.0,37.5
QLP_vs_TESSCut,QLP,47,88,QLP,FluxMedian,0.0,0.0,37.5
QLP_vs_TESSCut,QLP,47,88,QLP,FluxMad,0.017492509762772245,0.004324040687838278,6.0
QLP_vs_TESSCut,QLP,47,88,QLP,FluxP05,0.017980452766411602,0.005711526496822623,5.0
QLP_vs_TESSCut,QLP,47,88,QLP,FluxP90,0.02335911710055536,0.0038911981791007206,2.0
QLP_vs_TESSCut,QLP,47,88,QLP,FluxP95,0.010425395095771766,0.0038099954993929945,17.0
QLP_vs_TESSCut,QLP,47,88,QLP,FluxIqr,0.01704676823683666,0.003151243737422261,7.0
QLP_vs_TESSCut,QLP,47,88,QLP,FluxAmplitude,0.004416479427894926,0.002606807748903521,30.0
QLP_vs_TESSCut,QLP,47,88,QLP,FluxPercentAmplitude95To5,0.008037654622985595,0.004370399349520096,22.0
QLP_vs_TESSCut,QLP,47,88,QLP,FluxSkewness,0.00823772076055177,0.0027936512201179806,19.0
QLP_vs_TESSCut,QLP,47,88,QLP,FluxKurtosis,0.006288308448696533,0.0030009496523235356,26.0
QLP_vs_TESSCut,QLP,47,88,QLP,TailAsymmetry,0.010467418120100718,0.005312810953848613,16.0
QLP_vs_TESSCut,QLP,47,88,QLP,TailRatio,0.02040958138132789,0.0043333791957000795,4.0
QLP_vs_TESSCut,QLP,47,88,QLP,EtaVonNeumann,0.013912455029749499,0.002210424628331498,10.0
QLP_vs_TESSCut,QLP,47,88,QLP,MaxAbsSlope,0.006888823959314805,0.0036774048393745716,25.0
QLP_vs_TESSCut,QLP,47,88,QLP,MedianAbsSuccessiveDiff,0.022887910964394943,0.007623576083961597,3.0
QLP_vs_TESSCut,QLP,47,88,QLP,FractionBeyond1Std,0.00705372654573565,0.002957330508206361,24.0
QLP_vs_TESSCut,QLP,47,88,QLP,FractionBeyond2Std,0.00792699774434929,0.005074717259584681,23.0
QLP_vs_TESSCut,QLP,47,88,QLP,LsBestPeriod,0.014552594739523916,0.006039490769659568,9.0
QLP_vs_TESSCut,QLP,47,88,QLP,LsMaxPower,0.011929562119345172,0.00452225094069731,13.0
QLP_vs_TESSCut,QLP,47,88,QLP,LsFalseAlarmProbability,8.262665796912594e-05,0.0005504933211027264,35.0
QLP_vs_TESSCut,QLP,47,88,QLP,LsPeriod2,0.011087516143166781,0.005807053506945156,14.0
QLP_vs_TESSCut,QLP,47,88,QLP,LsPeriod3,0.011937304936734117,0.005474680905428272,12.0
QLP_vs_TESSCut,QLP,47,88,QLP,LsPeakPowerGap12,0.008073652786837665,0.0025322208757564807,21.0
QLP_vs_TESSCut,QLP,47,88,QLP,LsPeakPowerGap23,0.004362218620209424,0.0035989138476144695,31.0
QLP_vs_TESSCut,QLP,47,88,QLP,LsPowerRatio21,0.008195830889894767,0.002622579925239856,20.0
QLP_vs_TESSCut,QLP,47,88,QLP,LsPowerRatio31,0.010474131398788888,0.005104877706086046,15.0
QLP_vs_TESSCut,QLP,47,88,QLP,LsPeriodRatio21,0.0018656758111666393,0.0017059120057250654,34.0
QLP_vs_TESSCut,QLP,47,88,QLP,LsPeriodRatio31,0.005312123188835477,0.002222505173463334,27.0
QLP_vs_TESSCut,QLP,47,88,QLP,PhaseCurveStd,0.01517624055295283,0.002589215781873489,8.0
QLP_vs_TESSCut,QLP,47,88,QLP,PhasePeakPhase,0.002102585707037724,0.001453929422913758,33.0
QLP_vs_TESSCut,QLP,47,88,QLP,PhaseTroughPhase,0.0044447690923147265,0.003088420286877924,29.0
QLP_vs_TESSCut,QLP,47,88,QLP,PhasePeakToTroughPhaseDelta,0.004509150265428763,0.0024089143331200097,28.0
QLP_vs_TESSCut,QLP,47,88,TESSCut,QualityScore,0.003661816578483262,0.002939302645756752,10.0
QLP_vs_TESSCut,QLP,47,88,TESSCut,OriginalFluxMedian,0.0,0.0,22.5
QLP_vs_TESSCut,QLP,47,88,TESSCut,OriginalFluxStd,0.017364795486941618,0.006041260970200977,2.0
QLP_vs_TESSCut,QLP,47,88,TESSCut,CadenceCount,0.0008685826793703777,0.004150131633887282,17.0
QLP_vs_TESSCut,QLP,47,88,TESSCut,TimeSpanDays,0.004934423189274823,0.004019902896538281,7.0
QLP_vs_TESSCut,QLP,47,88,TESSCut,MedianCadenceDays,-0.000760297857900566,0.001984641062591995,27.0
QLP_vs_TESSCut,QLP,47,88,TESSCut,FluxStd,0.0,0.0,22.5
QLP_vs_TESSCut,QLP,47,88,TESSCut,FluxMedian,0.0,0.0,22.5
QLP_vs_TESSCut,QLP,47,88,TESSCut,FluxMad,0.006759796678461091,0.005335790818232677,4.0
QLP_vs_TESSCut,QLP,47,88,TESSCut,FluxP05,0.009702630100746557,0.0037539225032107147,3.0
QLP_vs_TESSCut,QLP,47,88,TESSCut,FluxP90,-0.001273047939714589,0.0028355122278515207,29.0
QLP_vs_TESSCut,QLP,47,88,TESSCut,FluxP95,0.00019494383935027558,0.002945055172438291,19.0
QLP_vs_TESSCut,QLP,47,88,TESSCut,FluxIqr,-0.0012923016861372872,0.005321725846603306,30.0
QLP_vs_TESSCut,QLP,47,88,TESSCut,FluxAmplitude,0.001625745935106665,0.0029821577840964024,15.0
QLP_vs_TESSCut,QLP,47,88,TESSCut,FluxPercentAmplitude95To5,-0.0016884784735811786,0.001459573159707253,34.0
QLP_vs_TESSCut,QLP,47,88,TESSCut,FluxSkewness,4.7360839312898805e-05,0.0026396599755039805,20.0
QLP_vs_TESSCut,QLP,47,88,TESSCut,FluxKurtosis,-0.0004123027952936398,0.0038713028461943725,26.0
QLP_vs_TESSCut,QLP,47,88,TESSCut,TailAsymmetry,0.003722271090992585,0.002514157408198293,9.0
QLP_vs_TESSCut,QLP,47,88,TESSCut,TailRatio,0.006426794444773923,0.006870096245619463,5.0
QLP_vs_TESSCut,QLP,47,88,TESSCut,EtaVonNeumann,0.004351481904278714,0.002351174989271386,8.0
QLP_vs_TESSCut,QLP,47,88,TESSCut,MaxAbsSlope,-0.0041916473937021635,0.003100861186558058,38.0
QLP_vs_TESSCut,QLP,47,88,TESSCut,MedianAbsSuccessiveDiff,0.0366835483559228,0.006198360042101446,1.0
QLP_vs_TESSCut,QLP,47,88,TESSCut,FractionBeyond1Std,-0.003276135594914087,0.002781423956975751,36.0
QLP_vs_TESSCut,QLP,47,88,TESSCut,FractionBeyond2Std,0.002458981119083892,0.0021008762465814334,12.0
QLP_vs_TESSCut,QLP,47,88,TESSCut,LsBestPeriod,0.0022922850762462977,0.003120526441422391,13.0
QLP_vs_TESSCut,QLP,47,88,TESSCut,LsMaxPower,-0.0037102124473699536,0.003958047620091973,37.0
QLP_vs_TESSCut,QLP,47,88,TESSCut,LsFalseAlarmProbability,0.0,0.0,22.5
QLP_vs_TESSCut,QLP,47,88,TESSCut,LsPeriod2,0.00590806754762237,0.0024886554616438627,6.0
QLP_vs_TESSCut,QLP,47,88,TESSCut,LsPeriod3,-7.209996793327012e-05,0.004343529485063949,25.0
QLP_vs_TESSCut,QLP,47,88,TESSCut,LsPeakPowerGap12,-0.001908619929453259,0.001673369379590013,35.0
QLP_vs_TESSCut,QLP,47,88,TESSCut,LsPeakPowerGap23,-0.0014671516754849734,0.0028564671481272176,33.0
QLP_vs_TESSCut,QLP,47,88,TESSCut,LsPowerRatio21,0.0017263840294662659,0.0018776434943491458,14.0
QLP_vs_TESSCut,QLP,47,88,TESSCut,LsPowerRatio31,-0.0010402850257302033,0.002192425317926673,28.0
QLP_vs_TESSCut,QLP,47,88,TESSCut,LsPeriodRatio21,-0.0013642183961818267,0.003909651297201807,31.0
QLP_vs_TESSCut,QLP,47,88,TESSCut,LsPeriodRatio31,-0.0043085405314286455,0.004339482766515353,39.0
QLP_vs_TESSCut,QLP,47,88,TESSCut,PhaseCurveStd,0.003437740912056017,0.003370536417950736,11.0
QLP_vs_TESSCut,QLP,47,88,TESSCut,PhasePeakPhase,-0.001366731156970874,0.00215796134610818,32.0
QLP_vs_TESSCut,QLP,47,88,TESSCut,PhaseTroughPhase,0.00026257217752654883,0.0021319408178114238,18.0
QLP_vs_TESSCut,QLP,47,88,TESSCut,PhasePeakToTroughPhaseDelta,0.0008991078154891141,0.0031642654405906498,16.0
QLP_vs_TESSCut,QLP,53,94,QLP,QualityScore,0.0,0.0,25.5
QLP_vs_TESSCut,QLP,53,94,QLP,OriginalFluxMedian,0.0,0.0,25.5
QLP_vs_TESSCut,QLP,53,94,QLP,OriginalFluxStd,0.016722101148470985,0.0028029396093278676,3.0
QLP_vs_TESSCut,QLP,53,94,QLP,CadenceCount,0.0007362746018567789,0.0032291075292433784,22.0
QLP_vs_TESSCut,QLP,53,94,QLP,TimeSpanDays,0.00048395937522647815,0.0022882003344270037,23.0
QLP_vs_TESSCut,QLP,53,94,QLP,MedianCadenceDays,-0.0028950738083158346,0.001763869988016045,35.0
QLP_vs_TESSCut,QLP,53,94,QLP,FluxStd,0.0,0.0,25.5
QLP_vs_TESSCut,QLP,53,94,QLP,FluxMedian,0.0,0.0,25.5
QLP_vs_TESSCut,QLP,53,94,QLP,FluxMad,0.01711559427170157,0.00311850425288637,2.0
QLP_vs_TESSCut,QLP,53,94,QLP,FluxP05,0.01174948756427065,0.005133774961326259,6.0
QLP_vs_TESSCut,QLP,53,94,QLP,FluxP90,0.016393917155903444,0.004618462451763632,4.0
QLP_vs_TESSCut,QLP,53,94,QLP,FluxP95,0.008121047257748149,0.006375811417474583,11.0
QLP_vs_TESSCut,QLP,53,94,QLP,FluxIqr,0.021142534691336073,0.004436116388615542,1.0
QLP_vs_TESSCut,QLP,53,94,QLP,FluxAmplitude,0.003335430846846332,0.004258250275247554,19.0
QLP_vs_TESSCut,QLP,53,94,QLP,FluxPercentAmplitude95To5,0.009935576272619633,0.0044226129460818745,8.0
QLP_vs_TESSCut,QLP,53,94,QLP,FluxSkewness,-0.00222294701746758,0.0029683239755929985,32.0
QLP_vs_TESSCut,QLP,53,94,QLP,FluxKurtosis,-0.0012548168684013649,0.003997315583241584,30.0
QLP_vs_TESSCut,QLP,53,94,QLP,TailAsymmetry,0.0065202340045376565,0.006141532412692774,12.0
QLP_vs_TESSCut,QLP,53,94,QLP,TailRatio,0.011569316918917388,0.004484721666215082,7.0
QLP_vs_TESSCut,QLP,53,94,QLP,EtaVonNeumann,0.008919195076443936,0.004719245593437218,10.0
QLP_vs_TESSCut,QLP,53,94,QLP,MaxAbsSlope,0.004370679369252411,0.003782335840375914,16.0
QLP_vs_TESSCut,QLP,53,94,QLP,MedianAbsSuccessiveDiff,0.009352342598632536,0.005675601989487429,9.0
QLP_vs_TESSCut,QLP,53,94,QLP,FractionBeyond1Std,0.0016474383155319016,0.004290591779174339,20.0
QLP_vs_TESSCut,QLP,53,94,QLP,FractionBeyond2Std,0.003684389557677209,0.0033473405876836837,18.0
QLP_vs_TESSCut,QLP,53,94,QLP,LsBestPeriod,-0.0038450820171710477,0.00516191148362927,39.0
QLP_vs_TESSCut,QLP,53,94,QLP,LsMaxPower,0.015758758354363366,0.00898447628430738,5.0
QLP_vs_TESSCut,QLP,53,94,QLP,LsFalseAlarmProbability,-0.0032708574931748892,0.0009812017150107213,37.0
QLP_vs_TESSCut,QLP,53,94,QLP,LsPeriod2,-0.003764419032683869,0.0052246263098989845,38.0
QLP_vs_TESSCut,QLP,53,94,QLP,LsPeriod3,-0.00037845705368537707,0.005454029491635385,29.0
QLP_vs_TESSCut,QLP,53,94,QLP,LsPeakPowerGap12,-0.0019244974752965938,0.0037174424938172922,31.0
QLP_vs_TESSCut,QLP,53,94,QLP,LsPeakPowerGap23,0.0054592888825194695,0.004671206405069316,14.0
QLP_vs_TESSCut,QLP,53,94,QLP,LsPowerRatio21,-0.00022003575656543984,0.0034367976769730498,28.0
QLP_vs_TESSCut,QLP,53,94,QLP,LsPowerRatio31,-0.0032619108018651422,0.003976143457759115,36.0
QLP_vs_TESSCut,QLP,53,94,QLP,LsPeriodRatio21,-0.002560807301104112,0.004336308951043507,33.0
QLP_vs_TESSCut,QLP,53,94,QLP,LsPeriodRatio31,-0.002658648481993231,0.0050812733038368,34.0
QLP_vs_TESSCut,QLP,53,94,QLP,PhaseCurveStd,0.005950601223146878,0.003754943399839001,13.0
QLP_vs_TESSCut,QLP,53,94,QLP,PhasePeakPhase,0.0042708477468751446,0.003916269380104043,17.0
QLP_vs_TESSCut,QLP,53,94,QLP,PhaseTroughPhase,0.0008446809088932528,0.0027833104601383517,21.0
QLP_vs_TESSCut,QLP,53,94,QLP,PhasePeakToTroughPhaseDelta,0.005274297250610016,0.0011799712746773008,15.0
QLP_vs_TESSCut,QLP,53,94,TESSCut,QualityScore,-3.6723645456537835e-05,0.0031261315962050496,37.0
QLP_vs_TESSCut,QLP,53,94,TESSCut,OriginalFluxMedian,0.0022803039912057898,0.0009843682860690567,24.0
QLP_vs_TESSCut,QLP,53,94,TESSCut,OriginalFluxStd,0.014356867764401982,0.006621634130720196,6.0
QLP_vs_TESSCut,QLP,53,94,TESSCut,CadenceCount,0.006300192070739996,0.0038690017973569274,12.0
QLP_vs_TESSCut,QLP,53,94,TESSCut,TimeSpanDays,0.004876528796334709,0.004363868091164218,17.0
QLP_vs_TESSCut,QLP,53,94,TESSCut,MedianCadenceDays,0.0013509579377159243,0.0013295485346707697,30.0
QLP_vs_TESSCut,QLP,53,94,TESSCut,FluxStd,0.0,0.0,34.0
QLP_vs_TESSCut,QLP,53,94,TESSCut,FluxMedian,0.0,0.0,34.0
QLP_vs_TESSCut,QLP,53,94,TESSCut,FluxMad,0.020339788952802643,0.003985730800341363,4.0
QLP_vs_TESSCut,QLP,53,94,TESSCut,FluxP05,0.026775644710861586,0.005160129865418264,2.0
QLP_vs_TESSCut,QLP,53,94,TESSCut,FluxP90,0.004157813320199139,0.004681828974857326,20.0
QLP_vs_TESSCut,QLP,53,94,TESSCut,FluxP95,0.0012366846328033087,0.0018154914255531555,32.0
QLP_vs_TESSCut,QLP,53,94,TESSCut,FluxIqr,0.013509843625425785,0.004017654423032257,8.0
QLP_vs_TESSCut,QLP,53,94,TESSCut,FluxAmplitude,0.0017471340388006684,0.0030850931089961603,27.0
QLP_vs_TESSCut,QLP,53,94,TESSCut,FluxPercentAmplitude95To5,-0.00030179897474419957,0.0028283695491780063,38.0
QLP_vs_TESSCut,QLP,53,94,TESSCut,FluxSkewness,0.005590125406050042,0.004284929682636459,16.0
QLP_vs_TESSCut,QLP,53,94,TESSCut,FluxKurtosis,0.005827802651432778,0.004915600451286102,14.0
QLP_vs_TESSCut,QLP,53,94,TESSCut,TailAsymmetry,0.006316412796150209,0.0038562367986065514,11.0
QLP_vs_TESSCut,QLP,53,94,TESSCut,TailRatio,0.023172130222643892,0.004049821902197977,3.0
QLP_vs_TESSCut,QLP,53,94,TESSCut,EtaVonNeumann,0.004696356778263161,0.0025319442474458055,18.0
QLP_vs_TESSCut,QLP,53,94,TESSCut,MaxAbsSlope,0.007854430365845867,0.003594901523069375,10.0
QLP_vs_TESSCut,QLP,53,94,TESSCut,MedianAbsSuccessiveDiff,0.042832057803518966,0.006075213826696991,1.0
QLP_vs_TESSCut,QLP,53,94,TESSCut,FractionBeyond1Std,0.001906868340943646,0.0022980598582214434,26.0
QLP_vs_TESSCut,QLP,53,94,TESSCut,FractionBeyond2Std,0.0019292800257411868,0.002709726437703308,25.0
QLP_vs_TESSCut,QLP,53,94,TESSCut,LsBestPeriod,0.009408126437235995,0.0037419269192195833,9.0
QLP_vs_TESSCut,QLP,53,94,TESSCut,LsMaxPower,0.0017203070056951374,0.0019408157712871871,28.0
QLP_vs_TESSCut,QLP,53,94,TESSCut,LsFalseAlarmProbability,0.0,0.0,34.0
QLP_vs_TESSCut,QLP,53,94,TESSCut,LsPeriod2,0.013516774479959382,0.004666690587711298,7.0
QLP_vs_TESSCut,QLP,53,94,TESSCut,LsPeriod3,0.014401198328138942,0.003885561038365036,5.0
QLP_vs_TESSCut,QLP,53,94,TESSCut,LsPeakPowerGap12,0.005983051596636044,0.002391248438131598,13.0
QLP_vs_TESSCut,QLP,53,94,TESSCut,LsPeakPowerGap23,0.001295522769552429,0.00501325711206181,31.0
QLP_vs_TESSCut,QLP,53,94,TESSCut,LsPowerRatio21,0.003050821736609388,0.0017635837946038395,22.0
QLP_vs_TESSCut,QLP,53,94,TESSCut,LsPowerRatio31,0.0013982679864529084,0.004714457845572945,29.0
QLP_vs_TESSCut,QLP,53,94,TESSCut,LsPeriodRatio21,0.004247129234286756,0.002881635894403568,19.0
QLP_vs_TESSCut,QLP,53,94,TESSCut,LsPeriodRatio31,0.004087475922521561,0.0025527383870766174,21.0
QLP_vs_TESSCut,QLP,53,94,TESSCut,PhaseCurveStd,0.005651455026455002,0.0041592609820907634,15.0
QLP_vs_TESSCut,QLP,53,94,TESSCut,PhasePeakPhase,0.002919209627257549,0.003776195258938217,23.0
QLP_vs_TESSCut,QLP,53,94,TESSCut,PhaseTroughPhase,-1.147592471795189e-05,0.0022935180421119546,36.0
QLP_vs_TESSCut,QLP,53,94,TESSCut,PhasePeakToTroughPhaseDelta,-0.0005781525573192337,0.002171905079020835,39.0
QLP_vs_TESSCut,QLP,58,99,QLP,QualityScore,-0.00024691358024692134,0.0007407407407407641,35.0
QLP_vs_TESSCut,QLP,58,99,QLP,OriginalFluxMedian,0.0,0.0,32.0
QLP_vs_TESSCut,QLP,58,99,QLP,OriginalFluxStd,0.014804283320265038,0.005980507133016623,5.0
QLP_vs_TESSCut,QLP,58,99,QLP,CadenceCount,0.00011904281453367082,0.003451838394243698,28.0
QLP_vs_TESSCut,QLP,58,99,QLP,TimeSpanDays,0.008376663871812285,0.0025627662246532645,13.0
QLP_vs_TESSCut,QLP,58,99,QLP,MedianCadenceDays,0.0003395061728395099,0.0024202333234710645,27.0
QLP_vs_TESSCut,QLP,58,99,QLP,FluxStd,0.0,0.0,32.0
QLP_vs_TESSCut,QLP,58,99,QLP,FluxMedian,0.0,0.0,32.0
QLP_vs_TESSCut,QLP,58,99,QLP,FluxMad,0.005492095476399112,0.00583232860081837,18.0
QLP_vs_TESSCut,QLP,58,99,QLP,FluxP05,0.008510326135896872,0.0028878089403261277,12.0
QLP_vs_TESSCut,QLP,58,99,QLP,FluxP90,0.012430809508435009,0.003844976966581351,8.0
QLP_vs_TESSCut,QLP,58,99,QLP,FluxP95,0.005439655579495694,0.004383253908876914,19.0
QLP_vs_TESSCut,QLP,58,99,QLP,FluxIqr,0.009261944296190783,0.005071739103578325,11.0
QLP_vs_TESSCut,QLP,58,99,QLP,FluxAmplitude,0.0037566734698584016,0.003108984554144982,21.0
QLP_vs_TESSCut,QLP,58,99,QLP,FluxPercentAmplitude95To5,0.0066993854065771465,0.002410939936770418,15.0
QLP_vs_TESSCut,QLP,58,99,QLP,FluxSkewness,0.00011595076663569182,0.0030319390166482726,29.0
QLP_vs_TESSCut,QLP,58,99,QLP,FluxKurtosis,0.0040852974186307515,0.003367078188469093,20.0
QLP_vs_TESSCut,QLP,58,99,QLP,TailAsymmetry,0.016355328672680264,0.00878723779194285,4.0
QLP_vs_TESSCut,QLP,58,99,QLP,TailRatio,0.02559936311363249,0.011609829583253524,1.0
QLP_vs_TESSCut,QLP,58,99,QLP,EtaVonNeumann,0.006863716942198672,0.006168008103520963,14.0
QLP_vs_TESSCut,QLP,58,99,QLP,MaxAbsSlope,0.002272073858831791,0.0026793659133888493,24.0
QLP_vs_TESSCut,QLP,58,99,QLP,MedianAbsSuccessiveDiff,0.011625690340016814,0.003345560707870436,9.0
QLP_vs_TESSCut,QLP,58,99,QLP,FractionBeyond1Std,0.0058638419968328696,0.0030971163796918023,16.0
QLP_vs_TESSCut,QLP,58,99,QLP,FractionBeyond2Std,0.00585944037570747,0.003956314673243851,17.0
QLP_vs_TESSCut,QLP,58,99,QLP,LsBestPeriod,0.02436970473928233,0.016517647191634188,2.0
QLP_vs_TESSCut,QLP,58,99,QLP,LsMaxPower,0.01289502507681729,0.007043616874971713,7.0
QLP_vs_TESSCut,QLP,58,99,QLP,LsFalseAlarmProbability,-4.243827160494984e-05,0.001804174217040509,34.0
QLP_vs_TESSCut,QLP,58,99,QLP,LsPeriod2,0.02163256148130574,0.014576174075634397,3.0
QLP_vs_TESSCut,QLP,58,99,QLP,LsPeriod3,0.013154352834718108,0.010635518920909625,6.0
QLP_vs_TESSCut,QLP,58,99,QLP,LsPeakPowerGap12,-0.0010897523012249276,0.0028404111941236865,38.0
QLP_vs_TESSCut,QLP,58,99,QLP,LsPeakPowerGap23,-0.0003863536155202962,0.002914919857297839,36.0
QLP_vs_TESSCut,QLP,58,99,QLP,LsPowerRatio21,-0.0009957355134296187,0.001989743425319165,37.0
QLP_vs_TESSCut,QLP,58,99,QLP,LsPowerRatio31,0.00291180655763989,0.002367787162660538,23.0
QLP_vs_TESSCut,QLP,58,99,QLP,LsPeriodRatio21,0.0016275352733686355,0.0017412092533295406,25.0
QLP_vs_TESSCut,QLP,58,99,QLP,LsPeriodRatio31,-0.0029782591626199228,0.0031769453160792605,39.0
QLP_vs_TESSCut,QLP,58,99,QLP,PhaseCurveStd,0.011486806942000976,0.005186646333249662,10.0
QLP_vs_TESSCut,QLP,58,99,QLP,PhasePeakPhase,0.0013345258136924776,0.0029080288019245754,26.0
QLP_vs_TESSCut,QLP,58,99,QLP,PhaseTroughPhase,4.446852192281914e-05,0.002654055513924155,30.0
QLP_vs_TESSCut,QLP,58,99,QLP,PhasePeakToTroughPhaseDelta,0.0030646958001410095,0.004727364797485408,22.0
QLP_vs_TESSCut,QLP,58,99,TESSCut,QualityScore,0.00291878545731285,0.0050592529339703336,25.0
QLP_vs_TESSCut,QLP,58,99,TESSCut,OriginalFluxMedian,0.0009439703075547589,0.0010875163541419512,32.0
QLP_vs_TESSCut,QLP,58,99,TESSCut,OriginalFluxStd,0.025366177402421662,0.00496331457928455,3.0
QLP_vs_TESSCut,QLP,58,99,TESSCut,CadenceCount,0.005060969968218798,0.0043640767686133775,20.0
QLP_vs_TESSCut,QLP,58,99,TESSCut,TimeSpanDays,0.007182635086459272,0.0059678769327632985,14.0
QLP_vs_TESSCut,QLP,58,99,TESSCut,MedianCadenceDays,0.00021086256674154868,0.0021619672458381978,33.0
QLP_vs_TESSCut,QLP,58,99,TESSCut,FluxStd,0.0,0.0,35.0
QLP_vs_TESSCut,QLP,58,99,TESSCut,FluxMedian,0.0,0.0,35.0
QLP_vs_TESSCut,QLP,58,99,TESSCut,FluxMad,0.023717486481470474,0.007283695447368938,4.0
QLP_vs_TESSCut,QLP,58,99,TESSCut,FluxP05,0.020286254313080787,0.006615017007098205,5.0
QLP_vs_TESSCut,QLP,58,99,TESSCut,FluxP90,0.009451707496798783,0.0032000479888014527,9.0
QLP_vs_TESSCut,QLP,58,99,TESSCut,FluxP95,0.001033998662423291,0.001213391449494067,31.0
QLP_vs_TESSCut,QLP,58,99,TESSCut,FluxIqr,0.011529203345698758,0.003223822439000096,6.0
QLP_vs_TESSCut,QLP,58,99,TESSCut,FluxAmplitude,0.004695748664070537,0.003401564875955003,22.0
QLP_vs_TESSCut,QLP,58,99,TESSCut,FluxPercentAmplitude95To5,-0.0005912146579955147,0.0031349332569295505,37.0
QLP_vs_TESSCut,QLP,58,99,TESSCut,FluxSkewness,0.0025030735162013427,0.0028937657758287562,28.0
QLP_vs_TESSCut,QLP,58,99,TESSCut,FluxKurtosis,0.009512989758423546,0.0030834692285263156,8.0
QLP_vs_TESSCut,QLP,58,99,TESSCut,TailAsymmetry,0.005878747658142608,0.0037784756683029224,18.0
QLP_vs_TESSCut,QLP,58,99,TESSCut,TailRatio,0.03408986239322996,0.004514987390800917,2.0
QLP_vs_TESSCut,QLP,58,99,TESSCut,EtaVonNeumann,0.010274006234337284,0.004381034738686389,7.0
QLP_vs_TESSCut,QLP,58,99,TESSCut,MaxAbsSlope,0.007915712627470605,0.004494062104406274,12.0
QLP_vs_TESSCut,QLP,58,99,TESSCut,MedianAbsSuccessiveDiff,0.05016682301927734,0.0038979847082010496,1.0
QLP_vs_TESSCut,QLP,58,99,TESSCut,FractionBeyond1Std,0.005402740439840875,0.002468417280451323,19.0
QLP_vs_TESSCut,QLP,58,99,TESSCut,FractionBeyond2Std,0.0060520341213833985,0.002055739938704254,17.0
QLP_vs_TESSCut,QLP,58,99,TESSCut,LsBestPeriod,0.009091250897757735,0.004173316435622283,11.0
QLP_vs_TESSCut,QLP,58,99,TESSCut,LsMaxPower,-0.0039708635056808885,0.002754999523092264,39.0
QLP_vs_TESSCut,QLP,58,99,TESSCut,LsFalseAlarmProbability,0.0,0.0,35.0
QLP_vs_TESSCut,QLP,58,99,TESSCut,LsPeriod2,0.00934953333069769,0.0021613963695569097,10.0
QLP_vs_TESSCut,QLP,58,99,TESSCut,LsPeriod3,0.007378872026417705,0.004904812585088554,13.0
QLP_vs_TESSCut,QLP,58,99,TESSCut,LsPeakPowerGap12,0.0025324991049876623,0.003178161412553852,27.0
QLP_vs_TESSCut,QLP,58,99,TESSCut,LsPeakPowerGap23,0.002713534562849601,0.004333789640344799,26.0
QLP_vs_TESSCut,QLP,58,99,TESSCut,LsPowerRatio21,0.004500029238899067,0.004032750162333347,23.0
QLP_vs_TESSCut,QLP,58,99,TESSCut,LsPowerRatio31,0.004711407261350159,0.004264721257896794,21.0
QLP_vs_TESSCut,QLP,58,99,TESSCut,LsPeriodRatio21,0.0019429749495388615,0.003578751279483363,30.0
QLP_vs_TESSCut,QLP,58,99,TESSCut,LsPeriodRatio31,0.006289062757384644,0.0030011942489140343,15.0
QLP_vs_TESSCut,QLP,58,99,TESSCut,PhaseCurveStd,0.006138282010142704,0.004077466477447653,16.0
QLP_vs_TESSCut,QLP,58,99,TESSCut,PhasePeakPhase,0.0020354192885585374,0.002450826353284819,29.0
QLP_vs_TESSCut,QLP,58,99,TESSCut,PhaseTroughPhase,-0.0026660138018585688,0.0032503117541704206,38.0
QLP_vs_TESSCut,QLP,58,99,TESSCut,PhasePeakToTroughPhaseDelta,0.004119599589063033,0.0022128695629940504,24.0
QLP_vs_TESSCut,QLP,63,104,QLP,QualityScore,-0.00015220700152207556,0.0003044140030441511,31.0
QLP_vs_TESSCut,QLP,63,104,QLP,OriginalFluxMedian,0.0,0.0,27.0
QLP_vs_TESSCut,QLP,63,104,QLP,OriginalFluxStd,0.010979017864006412,0.016105288723143735,8.0
QLP_vs_TESSCut,QLP,63,104,QLP,CadenceCount,-0.0009490864285385259,0.0033603879316937866,32.0
QLP_vs_TESSCut,QLP,63,104,QLP,TimeSpanDays,0.0015228627600202826,0.0031933348936016345,23.0
QLP_vs_TESSCut,QLP,63,104,QLP,MedianCadenceDays,0.0036524635625663103,0.0023564834648292224,15.0
QLP_vs_TESSCut,QLP,63,104,QLP,FluxStd,0.0,0.0,27.0
QLP_vs_TESSCut,QLP,63,104,QLP,FluxMedian,0.0,0.0,27.0
QLP_vs_TESSCut,QLP,63,104,QLP,FluxMad,0.004263478308854957,0.003201127928017137,14.0
QLP_vs_TESSCut,QLP,63,104,QLP,FluxP05,0.005713625436798925,0.005609707866723795,11.0
QLP_vs_TESSCut,QLP,63,104,QLP,FluxP90,0.012681754762234177,0.00487685130307195,6.0
QLP_vs_TESSCut,QLP,63,104,QLP,FluxP95,0.009142144427532539,0.0020725208886232986,9.0
QLP_vs_TESSCut,QLP,63,104,QLP,FluxIqr,0.01146873167421108,0.0016854570749249684,7.0
QLP_vs_TESSCut,QLP,63,104,QLP,FluxAmplitude,0.0017347370201250822,0.0036283894623884627,20.0
QLP_vs_TESSCut,QLP,63,104,QLP,FluxPercentAmplitude95To5,-5.522651498680586e-05,0.004527400054858526,29.0
QLP_vs_TESSCut,QLP,63,104,QLP,FluxSkewness,-0.0013663653275526044,0.002532191395270355,33.0
QLP_vs_TESSCut,QLP,63,104,QLP,FluxKurtosis,0.0024330442937748275,0.0026636919517204942,18.0
QLP_vs_TESSCut,QLP,63,104,QLP,TailAsymmetry,0.01400474425160495,0.0099898611417989,5.0
QLP_vs_TESSCut,QLP,63,104,QLP,TailRatio,0.02521321266041581,0.011584515578028623,4.0
QLP_vs_TESSCut,QLP,63,104,QLP,EtaVonNeumann,0.007480037244592008,0.006425246943383664,10.0
QLP_vs_TESSCut,QLP,63,104,QLP,MaxAbsSlope,-0.0027118069969097546,0.0027715553922988754,36.0
QLP_vs_TESSCut,QLP,63,104,QLP,MedianAbsSuccessiveDiff,-0.0019103481817523138,0.0047148792078493115,34.0
QLP_vs_TESSCut,QLP,63,104,QLP,FractionBeyond1Std,-0.0065622515379935905,0.002956511581777835,39.0
QLP_vs_TESSCut,QLP,63,104,QLP,FractionBeyond2Std,-0.004771376517951925,0.00431738706055862,38.0
QLP_vs_TESSCut,QLP,63,104,QLP,LsBestPeriod,0.055575936990035116,0.015810020653873436,2.0
QLP_vs_TESSCut,QLP,63,104,QLP,LsMaxPower,0.0016021406717753538,0.0063442237185672105,22.0
QLP_vs_TESSCut,QLP,63,104,QLP,LsFalseAlarmProbability,-0.0029914056854695725,0.001365908618997371,37.0
QLP_vs_TESSCut,QLP,63,104,QLP,LsPeriod2,0.05410523477875073,0.015119314425839872,3.0
QLP_vs_TESSCut,QLP,63,104,QLP,LsPeriod3,0.056223805790015804,0.014302613325636744,1.0
QLP_vs_TESSCut,QLP,63,104,QLP,LsPeakPowerGap12,0.0009823885737127447,0.003960037945500087,24.0
QLP_vs_TESSCut,QLP,63,104,QLP,LsPeakPowerGap23,-0.0025515860661408816,0.002627648522585977,35.0
QLP_vs_TESSCut,QLP,63,104,QLP,LsPowerRatio21,0.0016729413618682798,0.0035250280941184317,21.0
QLP_vs_TESSCut,QLP,63,104,QLP,LsPowerRatio31,0.00558534354196451,0.009074614044310246,12.0
QLP_vs_TESSCut,QLP,63,104,QLP,LsPeriodRatio21,0.0023586319819196345,0.0020123567033648016,19.0
QLP_vs_TESSCut,QLP,63,104,QLP,LsPeriodRatio31,0.00035882512337989116,0.002770639945219991,25.0
QLP_vs_TESSCut,QLP,63,104,QLP,PhaseCurveStd,0.002934191474431136,0.0029720483763530695,17.0
QLP_vs_TESSCut,QLP,63,104,QLP,PhasePeakPhase,0.0032179144950263694,0.004230807011662836,16.0
QLP_vs_TESSCut,QLP,63,104,QLP,PhaseTroughPhase,-0.00010980716602870255,0.003655976283819898,30.0
QLP_vs_TESSCut,QLP,63,104,QLP,PhasePeakToTroughPhaseDelta,0.00438555277168286,0.003939971066638071,13.0
QLP_vs_TESSCut,QLP,63,104,TESSCut,QualityScore,0.0019990820632944384,0.0037679549623956554,28.0
QLP_vs_TESSCut,QLP,63,104,TESSCut,OriginalFluxMedian,-7.610350076103222e-05,0.00022831050228309667,37.0
QLP_vs_TESSCut,QLP,63,104,TESSCut,OriginalFluxStd,0.027195137804441515,0.003438690626301513,2.0
QLP_vs_TESSCut,QLP,63,104,TESSCut,CadenceCount,0.004662471914184285,0.0031696784790582445,17.0
QLP_vs_TESSCut,QLP,63,104,TESSCut,TimeSpanDays,0.004903599486932869,0.0015058304208413569,16.0
QLP_vs_TESSCut,QLP,63,104,TESSCut,MedianCadenceDays,0.0031129200792442855,0.0013600611276088708,23.0
QLP_vs_TESSCut,QLP,63,104,TESSCut,FluxStd,0.0,0.0,34.0
QLP_vs_TESSCut,QLP,63,104,TESSCut,FluxMedian,0.0,0.0,34.0
QLP_vs_TESSCut,QLP,63,104,TESSCut,FluxMad,0.017513729928113536,0.004912770540346537,5.0
QLP_vs_TESSCut,QLP,63,104,TESSCut,FluxP05,0.021438128293151178,0.007940310125117277,4.0
QLP_vs_TESSCut,QLP,63,104,TESSCut,FluxP90,0.0018092111043024827,0.004457238774908263,29.0
QLP_vs_TESSCut,QLP,63,104,TESSCut,FluxP95,0.002011736466645192,0.0026177431120876084,27.0
QLP_vs_TESSCut,QLP,63,104,TESSCut,FluxIqr,0.0029886677988847587,0.003640047219326539,24.0
QLP_vs_TESSCut,QLP,63,104,TESSCut,FluxAmplitude,0.006704054021405692,0.0015642009432011931,10.0
QLP_vs_TESSCut,QLP,63,104,TESSCut,FluxPercentAmplitude95To5,0.0007086054060940428,0.003115999768650847,32.0
QLP_vs_TESSCut,QLP,63,104,TESSCut,FluxSkewness,0.007231410511947106,0.0013526181327212312,9.0
QLP_vs_TESSCut,QLP,63,104,TESSCut,FluxKurtosis,0.004401829778542171,0.0030452684281613695,18.0
QLP_vs_TESSCut,QLP,63,104,TESSCut,TailAsymmetry,0.007394974698056922,0.002575085495237287,8.0
QLP_vs_TESSCut,QLP,63,104,TESSCut,TailRatio,0.026018032576251793,0.003686403609887946,3.0
QLP_vs_TESSCut,QLP,63,104,TESSCut,EtaVonNeumann,0.00594972336981473,0.001989998974160967,12.0
QLP_vs_TESSCut,QLP,63,104,TESSCut,MaxAbsSlope,0.00600928492909093,0.0035257731698183515,11.0
QLP_vs_TESSCut,QLP,63,104,TESSCut,MedianAbsSuccessiveDiff,0.04906590914581786,0.008549903147781101,1.0
QLP_vs_TESSCut,QLP,63,104,TESSCut,FractionBeyond1Std,0.005396419758577353,0.0021119207939025906,13.0
QLP_vs_TESSCut,QLP,63,104,TESSCut,FractionBeyond2Std,0.005244215502491817,0.002163503568090609,15.0
QLP_vs_TESSCut,QLP,63,104,TESSCut,LsBestPeriod,0.004171496575891609,0.004181237808385438,20.0
QLP_vs_TESSCut,QLP,63,104,TESSCut,LsMaxPower,0.0034375905994057264,0.0023786852002828395,22.0
QLP_vs_TESSCut,QLP,63,104,TESSCut,LsFalseAlarmProbability,0.0,0.0,34.0
QLP_vs_TESSCut,QLP,63,104,TESSCut,LsPeriod2,0.0025960408608811047,0.00357141046370641,25.0
QLP_vs_TESSCut,QLP,63,104,TESSCut,LsPeriod3,0.00838384593378889,0.003565621163978858,7.0
QLP_vs_TESSCut,QLP,63,104,TESSCut,LsPeakPowerGap12,0.001716370049703425,0.0030134794911726016,30.0
QLP_vs_TESSCut,QLP,63,104,TESSCut,LsPeakPowerGap23,-0.00241282346733252,0.004405091560799309,39.0
QLP_vs_TESSCut,QLP,63,104,TESSCut,LsPowerRatio21,-0.0019497911820970549,0.0030501970459361014,38.0
QLP_vs_TESSCut,QLP,63,104,TESSCut,LsPowerRatio31,-2.5533932497351364e-05,0.0034646696576135266,36.0
QLP_vs_TESSCut,QLP,63,104,TESSCut,LsPeriodRatio21,0.0035481966874661595,0.0021382549724374336,21.0
QLP_vs_TESSCut,QLP,63,104,TESSCut,LsPeriodRatio31,0.004203223526853717,0.0018005269683482531,19.0
QLP_vs_TESSCut,QLP,63,104,TESSCut,PhaseCurveStd,0.013133773042448883,0.003859351816670153,6.0
QLP_vs_TESSCut,QLP,63,104,TESSCut,PhasePeakPhase,0.0023759920634921217,0.00451579445561183,26.0
QLP_vs_TESSCut,QLP,63,104,TESSCut,PhaseTroughPhase,0.0008775705522281573,0.0038857624583123335,31.0
QLP_vs_TESSCut,QLP,63,104,TESSCut,PhasePeakToTroughPhaseDelta,0.005395859003165004,0.0038783294529338487,14.0
QLP_vs_TESSCut,QLP,68,109,QLP,QualityScore,0.0,0.0,24.5
QLP_vs_TESSCut,QLP,68,109,QLP,OriginalFluxMedian,0.0,0.0,24.5
QLP_vs_TESSCut,QLP,68,109,QLP,OriginalFluxStd,0.016668659167232258,0.01700646247050482,8.0
QLP_vs_TESSCut,QLP,68,109,QLP,CadenceCount,-0.003519410785392513,0.0032660685035336636,32.0
QLP_vs_TESSCut,QLP,68,109,QLP,TimeSpanDays,0.014785107818783644,0.012799570939097697,9.0
QLP_vs_TESSCut,QLP,68,109,QLP,MedianCadenceDays,-0.0032098765432098443,0.0015810183302303325,31.0
QLP_vs_TESSCut,QLP,68,109,QLP,FluxStd,0.0,0.0,24.5
QLP_vs_TESSCut,QLP,68,109,QLP,FluxMedian,0.0,0.0,24.5
QLP_vs_TESSCut,QLP,68,109,QLP,FluxMad,-0.020159113833485946,0.0027925194485272334,39.0
QLP_vs_TESSCut,QLP,68,109,QLP,FluxP05,-0.012170096677802139,0.007450614706678035,34.0
QLP_vs_TESSCut,QLP,68,109,QLP,FluxP90,0.010933060629122294,0.009093655774418017,10.0
QLP_vs_TESSCut,QLP,68,109,QLP,FluxP95,0.006674340161783099,0.010015247648841976,12.0
QLP_vs_TESSCut,QLP,68,109,QLP,FluxIqr,-0.012447091319808206,0.0078004309368346555,35.0
QLP_vs_TESSCut,QLP,68,109,QLP,FluxAmplitude,0.002209259643620387,0.00399346851947649,18.0
QLP_vs_TESSCut,QLP,68,109,QLP,FluxPercentAmplitude95To5,0.00461951132327848,0.006228167110362615,14.0
QLP_vs_TESSCut,QLP,68,109,QLP,FluxSkewness,-0.0029416707299127374,0.0156675952831892,30.0
QLP_vs_TESSCut,QLP,68,109,QLP,FluxKurtosis,-0.002122309609467138,0.003766209296320909,29.0
QLP_vs_TESSCut,QLP,68,109,QLP,TailAsymmetry,0.020838076761307354,0.009209846825947013,3.0
QLP_vs_TESSCut,QLP,68,109,QLP,TailRatio,0.019262485147188375,0.00903038384635541,4.0
QLP_vs_TESSCut,QLP,68,109,QLP,EtaVonNeumann,0.0029905587182984584,0.0072857047355416316,16.0
QLP_vs_TESSCut,QLP,68,109,QLP,MaxAbsSlope,4.970338303673105e-05,0.004624614239869771,22.0
QLP_vs_TESSCut,QLP,68,109,QLP,MedianAbsSuccessiveDiff,0.0026835743002980527,0.006276107231327417,17.0
QLP_vs_TESSCut,QLP,68,109,QLP,FractionBeyond1Std,-0.019972805078398676,0.003867620420103489,38.0
QLP_vs_TESSCut,QLP,68,109,QLP,FractionBeyond2Std,-0.018610836567457552,0.00903529415115586,36.0
QLP_vs_TESSCut,QLP,68,109,QLP,LsBestPeriod,0.022277658076744856,0.004561972479896543,2.0
QLP_vs_TESSCut,QLP,68,109,QLP,LsMaxPower,-0.002024734735921946,0.015362143965084618,28.0
QLP_vs_TESSCut,QLP,68,109,QLP,LsFalseAlarmProbability,0.0002469135802469158,0.0007407407407407474,21.0
QLP_vs_TESSCut,QLP,68,109,QLP,LsPeriod2,0.01831669049705581,0.004827438976806,6.0
QLP_vs_TESSCut,QLP,68,109,QLP,LsPeriod3,0.024114385318723223,0.0064601716984547105,1.0
QLP_vs_TESSCut,QLP,68,109,QLP,LsPeakPowerGap12,0.0010870109828443274,0.007719721965595891,19.0
QLP_vs_TESSCut,QLP,68,109,QLP,LsPeakPowerGap23,0.0044802929820053185,0.009519488117970529,15.0
QLP_vs_TESSCut,QLP,68,109,QLP,LsPowerRatio21,-0.010829224787558106,0.010166422814627494,33.0
QLP_vs_TESSCut,QLP,68,109,QLP,LsPowerRatio31,-0.0014686548019881174,0.002399289886033498,27.0
QLP_vs_TESSCut,QLP,68,109,QLP,LsPeriodRatio21,-0.01869809203142534,0.011288682213077559,37.0
QLP_vs_TESSCut,QLP,68,109,QLP,LsPeriodRatio31,0.0004894179894180062,0.0023261417673692475,20.0
QLP_vs_TESSCut,QLP,68,109,QLP,PhaseCurveStd,0.008617682313458585,0.011271881137703868,11.0
QLP_vs_TESSCut,QLP,68,109,QLP,PhasePeakPhase,0.006413790684624032,0.010446026821218281,13.0
QLP_vs_TESSCut,QLP,68,109,QLP,PhaseTroughPhase,0.01894184904601573,0.007092631435592974,5.0
QLP_vs_TESSCut,QLP,68,109,QLP,PhasePeakToTroughPhaseDelta,0.016847607406968133,0.010840114271770505,7.0
QLP_vs_TESSCut,QLP,68,109,TESSCut,QualityScore,0.0069157017829963256,0.002887794877728101,12.0
QLP_vs_TESSCut,QLP,68,109,TESSCut,OriginalFluxMedian,0.00025623776908023643,0.0007386612524662325,33.0
QLP_vs_TESSCut,QLP,68,109,TESSCut,OriginalFluxStd,0.019862844167924075,0.004060063164859861,2.0
QLP_vs_TESSCut,QLP,68,109,TESSCut,CadenceCount,0.0051094955589818854,0.003844060232640524,14.0
QLP_vs_TESSCut,QLP,68,109,TESSCut,TimeSpanDays,0.009694560576409906,0.005791461474838065,11.0
QLP_vs_TESSCut,QLP,68,109,TESSCut,MedianCadenceDays,0.004760341922157002,0.0017140638387397,15.0
QLP_vs_TESSCut,QLP,68,109,TESSCut,FluxStd,0.0,0.0,35.0
QLP_vs_TESSCut,QLP,68,109,TESSCut,FluxMedian,0.0,0.0,35.0
QLP_vs_TESSCut,QLP,68,109,TESSCut,FluxMad,0.010938342849016352,0.004844824032360746,9.0
QLP_vs_TESSCut,QLP,68,109,TESSCut,FluxP05,0.019145434833220242,0.005482899506063862,3.0
QLP_vs_TESSCut,QLP,68,109,TESSCut,FluxP90,0.0022914477181029957,0.0017837525430418504,22.0
QLP_vs_TESSCut,QLP,68,109,TESSCut,FluxP95,0.001980646456959273,0.002843959506904297,25.0
QLP_vs_TESSCut,QLP,68,109,TESSCut,FluxIqr,0.012662834586350567,0.004830507678468894,4.0
QLP_vs_TESSCut,QLP,68,109,TESSCut,FluxAmplitude,0.001191820081660283,0.002772298305026314,27.0
QLP_vs_TESSCut,QLP,68,109,TESSCut,FluxPercentAmplitude95To5,0.001052689594356271,0.00210300605972963,30.0
QLP_vs_TESSCut,QLP,68,109,TESSCut,FluxSkewness,0.001137951185040248,0.003430007242084875,28.0
QLP_vs_TESSCut,QLP,68,109,TESSCut,FluxKurtosis,0.0011138819429344804,0.002148507172707838,29.0
QLP_vs_TESSCut,QLP,68,109,TESSCut,TailAsymmetry,0.004079497683949762,0.0025014067987287475,18.0
QLP_vs_TESSCut,QLP,68,109,TESSCut,TailRatio,0.01234079350803097,0.004819118171301181,5.0
QLP_vs_TESSCut,QLP,68,109,TESSCut,EtaVonNeumann,0.009848399739952256,0.0038032305185372725,10.0
QLP_vs_TESSCut,QLP,68,109,TESSCut,MaxAbsSlope,-0.0008743371143485057,0.0032846405460059637,38.0
QLP_vs_TESSCut,QLP,68,109,TESSCut,MedianAbsSuccessiveDiff,0.03228781825100317,0.00537364054825646,1.0
QLP_vs_TESSCut,QLP,68,109,TESSCut,FractionBeyond1Std,0.0015117114831727063,0.0030726054761922843,26.0
QLP_vs_TESSCut,QLP,68,109,TESSCut,FractionBeyond2Std,0.002026062154486835,0.004413254366263049,24.0
QLP_vs_TESSCut,QLP,68,109,TESSCut,LsBestPeriod,0.01233104926740774,0.0033124547263556395,7.0
QLP_vs_TESSCut,QLP,68,109,TESSCut,LsMaxPower,0.0035480299021965755,0.0019800705101710174,19.0
QLP_vs_TESSCut,QLP,68,109,TESSCut,LsFalseAlarmProbability,0.0,0.0,35.0
QLP_vs_TESSCut,QLP,68,109,TESSCut,LsPeriod2,0.012139253071045334,0.003603507147415087,8.0
QLP_vs_TESSCut,QLP,68,109,TESSCut,LsPeriod3,0.012331736312900705,0.004989031745799777,6.0
QLP_vs_TESSCut,QLP,68,109,TESSCut,LsPeakPowerGap12,-0.00013562731028481933,0.0021052341662964576,37.0
QLP_vs_TESSCut,QLP,68,109,TESSCut,LsPeakPowerGap23,0.0026211087555265745,0.002959781126314327,20.0
QLP_vs_TESSCut,QLP,68,109,TESSCut,LsPowerRatio21,0.004535412424967233,0.0030625370156199725,16.0
QLP_vs_TESSCut,QLP,68,109,TESSCut,LsPowerRatio31,0.002192085565373253,0.0019090999265026242,23.0
QLP_vs_TESSCut,QLP,68,109,TESSCut,LsPeriodRatio21,0.0023231986916347814,0.0031795895115380797,21.0
QLP_vs_TESSCut,QLP,68,109,TESSCut,LsPeriodRatio31,0.0044447951739618515,0.003865210521805799,17.0
QLP_vs_TESSCut,QLP,68,109,TESSCut,PhaseCurveStd,0.005977056249601931,0.0025507319554102705,13.0
QLP_vs_TESSCut,QLP,68,109,TESSCut,PhasePeakPhase,0.000798158114082792,0.0023681703700673407,32.0
QLP_vs_TESSCut,QLP,68,109,TESSCut,PhaseTroughPhase,-0.0010189262158440016,0.0025590536176299757,39.0
QLP_vs_TESSCut,QLP,68,109,TESSCut,PhasePeakToTroughPhaseDelta,0.0009793871252204822,0.0026922220416369814,31.0
QLP_vs_TESSCut,QLP,73,114,QLP,QualityScore,0.002469135802469158,0.0,25.0
QLP_vs_TESSCut,QLP,73,114,QLP,OriginalFluxMedian,0.0,0.0,34.0
QLP_vs_TESSCut,QLP,73,114,QLP,OriginalFluxStd,0.018103147697896588,0.005745745420096304,5.0
QLP_vs_TESSCut,QLP,73,114,QLP,CadenceCount,0.007969803218090876,0.003055927626933332,17.0
QLP_vs_TESSCut,QLP,73,114,QLP,TimeSpanDays,0.009384369488536154,0.004134286438471278,15.0
QLP_vs_TESSCut,QLP,73,114,QLP,MedianCadenceDays,-0.0004112005025246945,0.0011662377674026179,37.0
QLP_vs_TESSCut,QLP,73,114,QLP,FluxStd,0.0,0.0,34.0
QLP_vs_TESSCut,QLP,73,114,QLP,FluxMedian,0.0,0.0,34.0
QLP_vs_TESSCut,QLP,73,114,QLP,FluxMad,0.01787124204647037,0.006293453746305506,6.0
QLP_vs_TESSCut,QLP,73,114,QLP,FluxP05,0.02086529570547835,0.006695407392827083,2.0
QLP_vs_TESSCut,QLP,73,114,QLP,FluxP90,0.01732262214996234,0.005049893474386988,7.0
QLP_vs_TESSCut,QLP,73,114,QLP,FluxP95,0.01135771514338868,0.003790846213858645,10.0
QLP_vs_TESSCut,QLP,73,114,QLP,FluxIqr,0.019981774419559818,0.0053723033413343654,3.0
QLP_vs_TESSCut,QLP,73,114,QLP,FluxAmplitude,-2.0618914739894967e-05,0.003667796592071877,36.0
QLP_vs_TESSCut,QLP,73,114,QLP,FluxPercentAmplitude95To5,0.009487560838873633,0.006102226202254345,14.0
QLP_vs_TESSCut,QLP,73,114,QLP,FluxSkewness,0.0012843598245995736,0.004250811319669065,29.0
QLP_vs_TESSCut,QLP,73,114,QLP,FluxKurtosis,0.0005087609625281153,0.003797738422532641,31.0
QLP_vs_TESSCut,QLP,73,114,QLP,TailAsymmetry,0.008853613461204784,0.007532215345409338,16.0
QLP_vs_TESSCut,QLP,73,114,QLP,TailRatio,0.010395377179052968,0.006611793343180643,12.0
QLP_vs_TESSCut,QLP,73,114,QLP,EtaVonNeumann,0.0192548027294032,0.004725612671737572,4.0
QLP_vs_TESSCut,QLP,73,114,QLP,MaxAbsSlope,0.010039637239979703,0.003043903931188563,13.0
QLP_vs_TESSCut,QLP,73,114,QLP,MedianAbsSuccessiveDiff,0.012994355657026913,0.005502386627558791,9.0
QLP_vs_TESSCut,QLP,73,114,QLP,FractionBeyond1Std,0.0009192668696093531,0.002769779056319859,30.0
QLP_vs_TESSCut,QLP,73,114,QLP,FractionBeyond2Std,0.00396227509383903,0.004731918746075613,23.0
QLP_vs_TESSCut,QLP,73,114,QLP,LsBestPeriod,0.01344334915253867,0.00568502760153187,8.0
QLP_vs_TESSCut,QLP,73,114,QLP,LsMaxPower,0.021029601845811912,0.007440818231705665,1.0
QLP_vs_TESSCut,QLP,73,114,QLP,LsFalseAlarmProbability,0.00400642651784206,0.0007990021940710464,22.0
QLP_vs_TESSCut,QLP,73,114,QLP,LsPeriod2,0.004650693991447447,0.004908833873062854,21.0
QLP_vs_TESSCut,QLP,73,114,QLP,LsPeriod3,0.010987898664839301,0.003450724191221648,11.0
QLP_vs_TESSCut,QLP,73,114,QLP,LsPeakPowerGap12,0.00025542237442923165,0.00505848310826111,32.0
QLP_vs_TESSCut,QLP,73,114,QLP,LsPeakPowerGap23,-0.0010714738711313843,0.0026480390452676143,39.0
QLP_vs_TESSCut,QLP,73,114,QLP,LsPowerRatio21,0.0027937685728781914,0.002846078640795236,24.0
QLP_vs_TESSCut,QLP,73,114,QLP,LsPowerRatio31,0.0020399314135044976,0.0041424054342321945,27.0
QLP_vs_TESSCut,QLP,73,114,QLP,LsPeriodRatio21,0.002430329057041397,0.004527087712107924,26.0
QLP_vs_TESSCut,QLP,73,114,QLP,LsPeriodRatio31,0.006059529849484202,0.00355324012997452,20.0
QLP_vs_TESSCut,QLP,73,114,QLP,PhaseCurveStd,0.007221172779106588,0.003761866551595854,19.0
QLP_vs_TESSCut,QLP,73,114,QLP,PhasePeakPhase,-0.0010164951317919112,0.003286170288431121,38.0
QLP_vs_TESSCut,QLP,73,114,QLP,PhaseTroughPhase,0.0015280420260443128,0.0027544732608095843,28.0
QLP_vs_TESSCut,QLP,73,114,QLP,PhasePeakToTroughPhaseDelta,0.007776350837138535,0.005557426871210358,18.0
QLP_vs_TESSCut,QLP,73,114,TESSCut,QualityScore,0.004192904803635417,0.002854157587143255,32.0
QLP_vs_TESSCut,QLP,73,114,TESSCut,OriginalFluxMedian,0.0004910714285714269,0.0007511073803812513,36.0
QLP_vs_TESSCut,QLP,73,114,TESSCut,OriginalFluxStd,0.0182278529752845,0.005712346172116688,3.0
QLP_vs_TESSCut,QLP,73,114,TESSCut,CadenceCount,0.008311438476963601,0.002596729685132543,12.0
QLP_vs_TESSCut,QLP,73,114,TESSCut,TimeSpanDays,0.010062158055879534,0.004170850007208527,6.0
QLP_vs_TESSCut,QLP,73,114,TESSCut,MedianCadenceDays,0.0007142857142857118,0.0011335600680226706,35.0
QLP_vs_TESSCut,QLP,73,114,TESSCut,FluxStd,0.0,0.0,38.0
QLP_vs_TESSCut,QLP,73,114,TESSCut,FluxMedian,0.0,0.0,38.0
QLP_vs_TESSCut,QLP,73,114,TESSCut,FluxMad,0.008034151445966541,0.005083477172510091,13.0
QLP_vs_TESSCut,QLP,73,114,TESSCut,FluxP05,0.018393989635427994,0.0035735500954124444,2.0
QLP_vs_TESSCut,QLP,73,114,TESSCut,FluxP90,0.0048302997632335585,0.004695016207153998,30.0
QLP_vs_TESSCut,QLP,73,114,TESSCut,FluxP95,0.005470278864970685,0.0014574196672203354,25.0
QLP_vs_TESSCut,QLP,73,114,TESSCut,FluxIqr,0.006030809837887485,0.003949303055762568,22.0
QLP_vs_TESSCut,QLP,73,114,TESSCut,FluxAmplitude,0.008784306974946237,0.0024371344969581744,8.0
QLP_vs_TESSCut,QLP,73,114,TESSCut,FluxPercentAmplitude95To5,0.008387949675050143,0.0030289198290724675,11.0
QLP_vs_TESSCut,QLP,73,114,TESSCut,FluxSkewness,0.005366565195332351,0.002321664079602559,28.0
QLP_vs_TESSCut,QLP,73,114,TESSCut,FluxKurtosis,0.005386406465173604,0.002610322123816115,27.0
QLP_vs_TESSCut,QLP,73,114,TESSCut,TailAsymmetry,0.0071127554903239795,0.003171694560887315,18.0
QLP_vs_TESSCut,QLP,73,114,TESSCut,TailRatio,0.015350808448696596,0.009270423335874172,4.0
QLP_vs_TESSCut,QLP,73,114,TESSCut,EtaVonNeumann,0.0066742063217519855,0.0026712982477712453,20.0
QLP_vs_TESSCut,QLP,73,114,TESSCut,MaxAbsSlope,0.007752983740426661,0.0035413567240792196,14.0
QLP_vs_TESSCut,QLP,73,114,TESSCut,MedianAbsSuccessiveDiff,0.0520339944069967,0.009134799573112258,1.0
QLP_vs_TESSCut,QLP,73,114,TESSCut,FractionBeyond1Std,0.006249773501485862,0.003519108004092791,21.0
QLP_vs_TESSCut,QLP,73,114,TESSCut,FractionBeyond2Std,0.00766410572346648,0.0023979482194258946,15.0
QLP_vs_TESSCut,QLP,73,114,TESSCut,LsBestPeriod,0.007183566475803943,0.0031043552125357226,16.0
QLP_vs_TESSCut,QLP,73,114,TESSCut,LsMaxPower,0.0017679417023024502,0.0031593968767410683,33.0
QLP_vs_TESSCut,QLP,73,114,TESSCut,LsFalseAlarmProbability,0.0,0.0,38.0
QLP_vs_TESSCut,QLP,73,114,TESSCut,LsPeriod2,0.008626747058539313,0.0039013118873333927,10.0
QLP_vs_TESSCut,QLP,73,114,TESSCut,LsPeriod3,0.009638145973762424,0.004628567738957572,7.0
QLP_vs_TESSCut,QLP,73,114,TESSCut,LsPeakPowerGap12,0.007132800608828033,0.002366774397306298,17.0
QLP_vs_TESSCut,QLP,73,114,TESSCut,LsPeakPowerGap23,0.006752268005121903,0.0031146711569716083,19.0
QLP_vs_TESSCut,QLP,73,114,TESSCut,LsPowerRatio21,0.004918022637771508,0.003378446058774003,29.0
QLP_vs_TESSCut,QLP,73,114,TESSCut,LsPowerRatio31,0.006015574037834348,0.0021863344808034,23.0
QLP_vs_TESSCut,QLP,73,114,TESSCut,LsPeriodRatio21,0.004524926916479449,0.002711507865615428,31.0
QLP_vs_TESSCut,QLP,73,114,TESSCut,LsPeriodRatio31,0.0011284382474451126,0.0028877786326082224,34.0
QLP_vs_TESSCut,QLP,73,114,TESSCut,PhaseCurveStd,0.010329514156568964,0.004353565990882477,5.0
QLP_vs_TESSCut,QLP,73,114,TESSCut,PhasePeakPhase,0.005406746031746057,0.003001122700757028,26.0
QLP_vs_TESSCut,QLP,73,114,TESSCut,PhaseTroughPhase,0.005593260008214379,0.0027681995655138257,24.0
QLP_vs_TESSCut,QLP,73,114,TESSCut,PhasePeakToTroughPhaseDelta,0.008778244364716992,0.002703642088524067,9.0
QLP_vs_TESSCut,QLP,79,120,QLP,QualityScore,0.0,0.0,34.0
QLP_vs_TESSCut,QLP,79,120,QLP,OriginalFluxMedian,0.0,0.0,34.0
QLP_vs_TESSCut,QLP,79,120,QLP,OriginalFluxStd,0.011976076677846042,0.0035179512238834353,12.0
QLP_vs_TESSCut,QLP,79,120,QLP,CadenceCount,0.008433959073228409,0.005668380414786132,15.0
QLP_vs_TESSCut,QLP,79,120,QLP,TimeSpanDays,0.008305587265347447,0.0047703590217527785,16.0
QLP_vs_TESSCut,QLP,79,120,QLP,MedianCadenceDays,0.0015410958904109096,0.0013252386681865606,28.0
QLP_vs_TESSCut,QLP,79,120,QLP,FluxStd,0.0,0.0,34.0
QLP_vs_TESSCut,QLP,79,120,QLP,FluxMedian,0.0,0.0,34.0
QLP_vs_TESSCut,QLP,79,120,QLP,FluxMad,0.01660391971465023,0.004084565974820019,10.0
QLP_vs_TESSCut,QLP,79,120,QLP,FluxP05,0.022395155896868146,0.007429052099985632,4.0
QLP_vs_TESSCut,QLP,79,120,QLP,FluxP90,0.021825903358437565,0.008259880985156341,5.0
QLP_vs_TESSCut,QLP,79,120,QLP,FluxP95,0.010664709307688702,0.0039009417338566324,13.0
QLP_vs_TESSCut,QLP,79,120,QLP,FluxIqr,0.020975378787878734,0.008245206039292815,6.0
QLP_vs_TESSCut,QLP,79,120,QLP,FluxAmplitude,0.0039031486862536103,0.002439248171441609,25.0
QLP_vs_TESSCut,QLP,79,120,QLP,FluxPercentAmplitude95To5,0.018383189774456816,0.00467826542809398,8.0
QLP_vs_TESSCut,QLP,79,120,QLP,FluxSkewness,0.004534183155758426,0.002110049623166947,23.0
QLP_vs_TESSCut,QLP,79,120,QLP,FluxKurtosis,-0.0006502573297665238,0.0023748477579347317,37.0
QLP_vs_TESSCut,QLP,79,120,QLP,TailAsymmetry,0.006755723137001629,0.0043911852582733816,19.0
QLP_vs_TESSCut,QLP,79,120,QLP,TailRatio,0.008718949112784664,0.004849154670456629,14.0
QLP_vs_TESSCut,QLP,79,120,QLP,EtaVonNeumann,0.004347498962224921,0.004690306076197769,24.0
QLP_vs_TESSCut,QLP,79,120,QLP,MaxAbsSlope,0.006709369186538056,0.0043338404598473705,20.0
QLP_vs_TESSCut,QLP,79,120,QLP,MedianAbsSuccessiveDiff,0.019063350398966762,0.006009534709244188,7.0
QLP_vs_TESSCut,QLP,79,120,QLP,FractionBeyond1Std,0.00046153602232367196,0.0030362573121103,30.0
QLP_vs_TESSCut,QLP,79,120,QLP,FractionBeyond2Std,0.00821926456344258,0.003198388026843532,17.0
QLP_vs_TESSCut,QLP,79,120,QLP,LsBestPeriod,0.03069970607356447,0.006202602743432079,1.0
QLP_vs_TESSCut,QLP,79,120,QLP,LsMaxPower,0.017246339509467308,0.008828244604693228,9.0
QLP_vs_TESSCut,QLP,79,120,QLP,LsFalseAlarmProbability,0.0,0.0,34.0
QLP_vs_TESSCut,QLP,79,120,QLP,LsPeriod2,0.022832106535017445,0.006725184440100841,3.0
QLP_vs_TESSCut,QLP,79,120,QLP,LsPeriod3,0.030110063177985508,0.00592905160127729,2.0
QLP_vs_TESSCut,QLP,79,120,QLP,LsPeakPowerGap12,0.0051669541138718465,0.0038104831145003453,21.0
QLP_vs_TESSCut,QLP,79,120,QLP,LsPeakPowerGap23,0.004541188137078478,0.002829649357654424,22.0
QLP_vs_TESSCut,QLP,79,120,QLP,LsPowerRatio21,-0.005767439424688325,0.00397434014709307,39.0
QLP_vs_TESSCut,QLP,79,120,QLP,LsPowerRatio31,0.006797786656519455,0.002812765718408389,18.0
QLP_vs_TESSCut,QLP,79,120,QLP,LsPeriodRatio21,0.0017647556232030348,0.0015761336218551142,27.0
QLP_vs_TESSCut,QLP,79,120,QLP,LsPeriodRatio31,-0.0019535778254385905,0.002552648952744279,38.0
QLP_vs_TESSCut,QLP,79,120,QLP,PhaseCurveStd,0.015759603948816224,0.005948067408231293,11.0
QLP_vs_TESSCut,QLP,79,120,QLP,PhasePeakPhase,0.00022056562581671547,0.0032530967127653953,31.0
QLP_vs_TESSCut,QLP,79,120,QLP,PhaseTroughPhase,0.0014263352705133014,0.0033988384852954197,29.0
QLP_vs_TESSCut,QLP,79,120,QLP,PhasePeakToTroughPhaseDelta,0.002055863868078417,0.004407516613715994,26.0
QLP_vs_TESSCut,QLP,79,120,TESSCut,QualityScore,0.0067789646299920795,0.0027897990149496205,16.0
QLP_vs_TESSCut,QLP,79,120,TESSCut,OriginalFluxMedian,0.0,0.0,32.5
QLP_vs_TESSCut,QLP,79,120,TESSCut,OriginalFluxStd,0.014194578147203752,0.002867454731327357,4.0
QLP_vs_TESSCut,QLP,79,120,TESSCut,CadenceCount,0.006464949835383682,0.0026841372033110486,18.0
QLP_vs_TESSCut,QLP,79,120,TESSCut,TimeSpanDays,0.00952143128941077,0.005545896009944457,10.0
QLP_vs_TESSCut,QLP,79,120,TESSCut,MedianCadenceDays,0.0028323412698413155,0.000597898321358484,27.0
QLP_vs_TESSCut,QLP,79,120,TESSCut,FluxStd,0.0,0.0,32.5
QLP_vs_TESSCut,QLP,79,120,TESSCut,FluxMedian,0.0,0.0,32.5
QLP_vs_TESSCut,QLP,79,120,TESSCut,FluxMad,0.02573209536109084,0.007246299820448252,2.0
QLP_vs_TESSCut,QLP,79,120,TESSCut,FluxP05,0.013966412466697904,0.006044161495143212,5.0
QLP_vs_TESSCut,QLP,79,120,TESSCut,FluxP90,0.005006742792130958,0.0016845497643428417,22.0
QLP_vs_TESSCut,QLP,79,120,TESSCut,FluxP95,0.006899346531195899,0.0037396890135611193,15.0
QLP_vs_TESSCut,QLP,79,120,TESSCut,FluxIqr,0.00222689770064205,0.002778232766329742,28.0
QLP_vs_TESSCut,QLP,79,120,TESSCut,FluxAmplitude,0.009923514883560575,0.0032186084024134654,9.0
QLP_vs_TESSCut,QLP,79,120,TESSCut,FluxPercentAmplitude95To5,0.004375088540328309,0.0036556065949564795,24.0
QLP_vs_TESSCut,QLP,79,120,TESSCut,FluxSkewness,0.0064367864610444855,0.003340487942250809,19.0
QLP_vs_TESSCut,QLP,79,120,TESSCut,FluxKurtosis,0.008258959457589615,0.0027650572710710606,12.0
QLP_vs_TESSCut,QLP,79,120,TESSCut,TailAsymmetry,0.006336745499131402,0.0019308325021164421,20.0
QLP_vs_TESSCut,QLP,79,120,TESSCut,TailRatio,0.018168699113333846,0.006536788626460556,3.0
QLP_vs_TESSCut,QLP,79,120,TESSCut,EtaVonNeumann,0.006945761567622344,0.0019033674589257529,14.0
QLP_vs_TESSCut,QLP,79,120,TESSCut,MaxAbsSlope,0.010059931506849373,0.004139204507839885,8.0
QLP_vs_TESSCut,QLP,79,120,TESSCut,MedianAbsSuccessiveDiff,0.030379353438714212,0.007865207816455532,1.0
QLP_vs_TESSCut,QLP,79,120,TESSCut,FractionBeyond1Std,0.0019909411576078616,0.003898223735123047,29.0
QLP_vs_TESSCut,QLP,79,120,TESSCut,FractionBeyond2Std,0.004025921862679893,0.003908189358304544,25.0
QLP_vs_TESSCut,QLP,79,120,TESSCut,LsBestPeriod,0.008271434034847331,0.004403897305774083,11.0
QLP_vs_TESSCut,QLP,79,120,TESSCut,LsMaxPower,0.004847895952348036,0.002937301356089062,23.0
QLP_vs_TESSCut,QLP,79,120,TESSCut,LsFalseAlarmProbability,0.0,0.0,32.5
QLP_vs_TESSCut,QLP,79,120,TESSCut,LsPeriod2,0.011999819899363339,0.005376070047821186,6.0
QLP_vs_TESSCut,QLP,79,120,TESSCut,LsPeriod3,0.010290027915598738,0.0052925633357781,7.0
QLP_vs_TESSCut,QLP,79,120,TESSCut,LsPeakPowerGap12,0.0031132447271146058,0.003810150631498095,26.0
QLP_vs_TESSCut,QLP,79,120,TESSCut,LsPeakPowerGap23,-0.0012598375854654177,0.0027624425061069696,37.0
QLP_vs_TESSCut,QLP,79,120,TESSCut,LsPowerRatio21,-0.000715096304422741,0.0037022853331877175,36.0
QLP_vs_TESSCut,QLP,79,120,TESSCut,LsPowerRatio31,-0.0022275977869584797,0.002285366379354432,38.0
QLP_vs_TESSCut,QLP,79,120,TESSCut,LsPeriodRatio21,0.007566252188112965,0.0038707001586005215,13.0
QLP_vs_TESSCut,QLP,79,120,TESSCut,LsPeriodRatio31,-0.0004231465832492787,0.003730898706614876,35.0
QLP_vs_TESSCut,QLP,79,120,TESSCut,PhaseCurveStd,0.006508356559726475,0.0038293751081733747,17.0
QLP_vs_TESSCut,QLP,79,120,TESSCut,PhasePeakPhase,0.005497293960478944,0.0031023152970627616,21.0
QLP_vs_TESSCut,QLP,79,120,TESSCut,PhaseTroughPhase,0.001286490283351044,0.004181655708751164,30.0
QLP_vs_TESSCut,QLP,79,120,TESSCut,PhasePeakToTroughPhaseDelta,-0.0028794577653024787,0.0049313567079419885,39.0
QLP_vs_TESSCut,QLP,84,125,QLP,QualityScore,0.0,0.0,33.5
QLP_vs_TESSCut,QLP,84,125,QLP,OriginalFluxMedian,0.0,0.0,33.5
QLP_vs_TESSCut,QLP,84,125,QLP,OriginalFluxStd,0.010613016169523032,0.005969191366130003,10.0
QLP_vs_TESSCut,QLP,84,125,QLP,CadenceCount,0.0057885875223204096,0.004099593653930309,17.0
QLP_vs_TESSCut,QLP,84,125,QLP,TimeSpanDays,0.007181012533466841,0.004142913401865947,14.0
QLP_vs_TESSCut,QLP,84,125,QLP,MedianCadenceDays,0.0007407407407407252,0.001581018330230323,29.0
QLP_vs_TESSCut,QLP,84,125,QLP,FluxStd,0.0,0.0,33.5
QLP_vs_TESSCut,QLP,84,125,QLP,FluxMedian,0.0,0.0,33.5
QLP_vs_TESSCut,QLP,84,125,QLP,FluxMad,0.019909627092846282,0.00517508147537095,6.0
QLP_vs_TESSCut,QLP,84,125,QLP,FluxP05,0.011613848585880576,0.005706207356367189,9.0
QLP_vs_TESSCut,QLP,84,125,QLP,FluxP90,0.009975938994203865,0.003931787265160972,11.0
QLP_vs_TESSCut,QLP,84,125,QLP,FluxP95,0.0012112131589871622,0.0028677890454134355,28.0
QLP_vs_TESSCut,QLP,84,125,QLP,FluxIqr,0.022076278934155685,0.0023302641245729295,3.0
QLP_vs_TESSCut,QLP,84,125,QLP,FluxAmplitude,0.006453939262158431,0.0030773350266511033,16.0
QLP_vs_TESSCut,QLP,84,125,QLP,FluxPercentAmplitude95To5,0.0071219314255843765,0.003761339881012885,15.0
QLP_vs_TESSCut,QLP,84,125,QLP,FluxSkewness,0.0029624193665289287,0.004416909723648812,21.0
QLP_vs_TESSCut,QLP,84,125,QLP,FluxKurtosis,0.0028574750549636317,0.00394464747172054,22.0
QLP_vs_TESSCut,QLP,84,125,QLP,TailAsymmetry,0.022609704212158577,0.013204495784884881,2.0
QLP_vs_TESSCut,QLP,84,125,QLP,TailRatio,0.01463969371360927,0.007056762695240674,8.0
QLP_vs_TESSCut,QLP,84,125,QLP,EtaVonNeumann,0.0038274213102980404,0.007726233154631595,20.0
QLP_vs_TESSCut,QLP,84,125,QLP,MaxAbsSlope,0.0017431003061711304,0.0025793229526928567,26.0
QLP_vs_TESSCut,QLP,84,125,QLP,MedianAbsSuccessiveDiff,0.0023901880294574574,0.006435076661463457,23.0
QLP_vs_TESSCut,QLP,84,125,QLP,FractionBeyond1Std,-0.0024566783841897923,0.0037775468104940813,39.0
QLP_vs_TESSCut,QLP,84,125,QLP,FractionBeyond2Std,-0.0004495014012708187,0.002859074946833709,37.0
QLP_vs_TESSCut,QLP,84,125,QLP,LsBestPeriod,0.02197374717494584,0.0084217031356803,4.0
QLP_vs_TESSCut,QLP,84,125,QLP,LsMaxPower,0.019999264223008534,0.006516611806520443,5.0
QLP_vs_TESSCut,QLP,84,125,QLP,LsFalseAlarmProbability,-0.0011244820733975313,0.0009729679463147484,38.0
QLP_vs_TESSCut,QLP,84,125,QLP,LsPeriod2,0.02731786568116478,0.007194469652508481,1.0
QLP_vs_TESSCut,QLP,84,125,QLP,LsPeriod3,0.017930129601077094,0.008363173471700696,7.0
QLP_vs_TESSCut,QLP,84,125,QLP,LsPeakPowerGap12,0.0003980155435634902,0.003428677845748355,31.0
QLP_vs_TESSCut,QLP,84,125,QLP,LsPeakPowerGap23,0.008829479701340409,0.002816304110274306,12.0
QLP_vs_TESSCut,QLP,84,125,QLP,LsPowerRatio21,0.0012363812620662107,0.002772901557902119,27.0
QLP_vs_TESSCut,QLP,84,125,QLP,LsPowerRatio31,0.0022638279401977768,0.0016255212226504677,25.0
QLP_vs_TESSCut,QLP,84,125,QLP,LsPeriodRatio21,0.007982391044605663,0.003947480005690047,13.0
QLP_vs_TESSCut,QLP,84,125,QLP,LsPeriodRatio31,0.002359548271363332,0.002648653251732757,24.0
QLP_vs_TESSCut,QLP,84,125,QLP,PhaseCurveStd,0.005361009118143817,0.0029567431955192427,18.0
QLP_vs_TESSCut,QLP,84,125,QLP,PhasePeakPhase,0.0004545070184339639,0.0026771287011368053,30.0
QLP_vs_TESSCut,QLP,84,125,QLP,PhaseTroughPhase,-0.00018408289241624853,0.003818660057901139,36.0
QLP_vs_TESSCut,QLP,84,125,QLP,PhasePeakToTroughPhaseDelta,0.004928694835943698,0.003414345096635608,19.0
QLP_vs_TESSCut,QLP,84,125,TESSCut,QualityScore,0.004561325227706486,0.0015143054247143358,15.0
QLP_vs_TESSCut,QLP,84,125,TESSCut,OriginalFluxMedian,-0.00254523930323019,0.0002283105022830967,38.0
QLP_vs_TESSCut,QLP,84,125,TESSCut,OriginalFluxStd,0.017600566713009625,0.006419882973755733,4.0
QLP_vs_TESSCut,QLP,84,125,TESSCut,CadenceCount,0.007940380374741086,0.002157254631436085,9.0
QLP_vs_TESSCut,QLP,84,125,TESSCut,TimeSpanDays,0.007125824454591567,0.002964388330250766,12.0
QLP_vs_TESSCut,QLP,84,125,TESSCut,MedianCadenceDays,-0.0005790661013263587,0.0010203089667216226,34.0
QLP_vs_TESSCut,QLP,84,125,TESSCut,FluxStd,0.0,0.0,31.0
QLP_vs_TESSCut,QLP,84,125,TESSCut,FluxMedian,0.0,0.0,31.0
QLP_vs_TESSCut,QLP,84,125,TESSCut,FluxMad,0.012862844442467708,0.005309003292961675,5.0
QLP_vs_TESSCut,QLP,84,125,TESSCut,FluxP05,0.01877516810307902,0.00495432987113108,3.0
QLP_vs_TESSCut,QLP,84,125,TESSCut,FluxP90,0.011104463722899787,0.003409131884571809,6.0
QLP_vs_TESSCut,QLP,84,125,TESSCut,FluxP95,0.0007253690415790992,0.002326324981437629,27.0
QLP_vs_TESSCut,QLP,84,125,TESSCut,FluxIqr,0.0051634646640354494,0.00329495756529284,13.0
QLP_vs_TESSCut,QLP,84,125,TESSCut,FluxAmplitude,-0.0019031009156580236,0.005004436197556605,36.0
QLP_vs_TESSCut,QLP,84,125,TESSCut,FluxPercentAmplitude95To5,0.0006287221255828479,0.001229677226702903,28.0
QLP_vs_TESSCut,QLP,84,125,TESSCut,FluxSkewness,0.0005105956004928302,0.002627003092547782,29.0
QLP_vs_TESSCut,QLP,84,125,TESSCut,FluxKurtosis,-0.0005662085356720303,0.003367462987570404,33.0
QLP_vs_TESSCut,QLP,84,125,TESSCut,TailAsymmetry,0.008750377497523599,0.0023800868842613213,8.0
QLP_vs_TESSCut,QLP,84,125,TESSCut,TailRatio,0.02690199244565683,0.006090561933882434,2.0
QLP_vs_TESSCut,QLP,84,125,TESSCut,EtaVonNeumann,0.0013299615254523834,0.00414246527686132,22.0
QLP_vs_TESSCut,QLP,84,125,TESSCut,MaxAbsSlope,0.000985177937232734,0.002601589572236322,25.0
QLP_vs_TESSCut,QLP,84,125,TESSCut,MedianAbsSuccessiveDiff,0.04628050523170385,0.004907820258261431,1.0
QLP_vs_TESSCut,QLP,84,125,TESSCut,FractionBeyond1Std,0.007351763586067245,0.0028874828715544283,11.0
QLP_vs_TESSCut,QLP,84,125,TESSCut,FractionBeyond2Std,0.0018431597997807913,0.002963231434408637,19.0
QLP_vs_TESSCut,QLP,84,125,TESSCut,LsBestPeriod,0.001548835962363332,0.0038976947864082156,21.0
QLP_vs_TESSCut,QLP,84,125,TESSCut,LsMaxPower,0.004938641552511408,0.0015513438775234046,14.0
QLP_vs_TESSCut,QLP,84,125,TESSCut,LsFalseAlarmProbability,0.0,0.0,31.0
QLP_vs_TESSCut,QLP,84,125,TESSCut,LsPeriod2,0.002835557548742468,0.004333521241633993,18.0
QLP_vs_TESSCut,QLP,84,125,TESSCut,LsPeriod3,0.007595371660725497,0.002357779657876268,10.0
QLP_vs_TESSCut,QLP,84,125,TESSCut,LsPeakPowerGap12,-0.0007297988034289437,0.0034620200201448763,35.0
QLP_vs_TESSCut,QLP,84,125,TESSCut,LsPeakPowerGap23,0.009108206027441168,0.0029944175913133226,7.0
QLP_vs_TESSCut,QLP,84,125,TESSCut,LsPowerRatio21,0.0017130082626657772,0.001995018112743937,20.0
QLP_vs_TESSCut,QLP,84,125,TESSCut,LsPowerRatio31,-0.0025877681742407844,0.0029060779313374967,39.0
QLP_vs_TESSCut,QLP,84,125,TESSCut,LsPeriodRatio21,-0.002086187214611912,0.002684311939106477,37.0
QLP_vs_TESSCut,QLP,84,125,TESSCut,LsPeriodRatio31,0.001074040854291991,0.0018269562946785782,24.0
QLP_vs_TESSCut,QLP,84,125,TESSCut,PhaseCurveStd,0.004462016610989194,0.0035656722395155803,16.0
QLP_vs_TESSCut,QLP,84,125,TESSCut,PhasePeakPhase,0.000957250670435611,0.0017914303860635842,26.0
QLP_vs_TESSCut,QLP,84,125,TESSCut,PhaseTroughPhase,0.0037109516561570854,0.0021856843095137382,17.0
QLP_vs_TESSCut,QLP,84,125,TESSCut,PhasePeakToTroughPhaseDelta,0.0012335129672458422,0.0032371576813731437,23.0
QLP_vs_TESSCut,QLP,89,130,QLP,QualityScore,-7.610350076103222e-05,0.00022831050228309667,22.0
QLP_vs_TESSCut,QLP,89,130,QLP,OriginalFluxMedian,0.0,0.0,20.0
QLP_vs_TESSCut,QLP,89,130,QLP,OriginalFluxStd,0.0020656849809247203,0.00590827445123995,12.0
QLP_vs_TESSCut,QLP,89,130,QLP,CadenceCount,-0.0010328407745645086,0.002867175815153717,26.0
QLP_vs_TESSCut,QLP,89,130,QLP,TimeSpanDays,-0.005385484684856817,0.0034883125097237987,37.0
QLP_vs_TESSCut,QLP,89,130,QLP,MedianCadenceDays,-0.0015575849822424992,0.0016985203846424457,30.0
QLP_vs_TESSCut,QLP,89,130,QLP,FluxStd,0.0,0.0,20.0
QLP_vs_TESSCut,QLP,89,130,QLP,FluxMedian,0.0,0.0,20.0
QLP_vs_TESSCut,QLP,89,130,QLP,FluxMad,-0.0005001121510824658,0.0035188693906005575,23.0
QLP_vs_TESSCut,QLP,89,130,QLP,FluxP05,0.006167608763213811,0.0034161215043654685,9.0
QLP_vs_TESSCut,QLP,89,130,QLP,FluxP90,0.004240619804261381,0.005707201184113759,11.0
QLP_vs_TESSCut,QLP,89,130,QLP,FluxP95,-0.0030823702341967072,0.0030658767682587027,34.0
QLP_vs_TESSCut,QLP,89,130,QLP,FluxIqr,0.012219145960584338,0.004246882662687278,7.0
QLP_vs_TESSCut,QLP,89,130,QLP,FluxAmplitude,-0.0013393282685520203,0.0031851155590961336,29.0
QLP_vs_TESSCut,QLP,89,130,QLP,FluxPercentAmplitude95To5,-0.0020082264260346595,0.0028737236063266524,32.0
QLP_vs_TESSCut,QLP,89,130,QLP,FluxSkewness,-0.004916690414692703,0.003820352998923203,36.0
QLP_vs_TESSCut,QLP,89,130,QLP,FluxKurtosis,0.0010868277249555802,0.0033254174350488275,15.0
QLP_vs_TESSCut,QLP,89,130,QLP,TailAsymmetry,0.022350847296623573,0.010296689398615196,2.0
QLP_vs_TESSCut,QLP,89,130,QLP,TailRatio,0.0252425428452826,0.012403380981424844,1.0
QLP_vs_TESSCut,QLP,89,130,QLP,EtaVonNeumann,0.005544253966057638,0.003507805391101004,10.0
QLP_vs_TESSCut,QLP,89,130,QLP,MaxAbsSlope,-0.005751892017588356,0.004023455930197177,38.0
QLP_vs_TESSCut,QLP,89,130,QLP,MedianAbsSuccessiveDiff,0.008430692003751378,0.005475639248351579,8.0
QLP_vs_TESSCut,QLP,89,130,QLP,FractionBeyond1Std,-0.0030327698050300724,0.0015431815821426121,33.0
QLP_vs_TESSCut,QLP,89,130,QLP,FractionBeyond2Std,-0.006651458320978876,0.0035926632235971988,39.0
QLP_vs_TESSCut,QLP,89,130,QLP,LsBestPeriod,0.015593514647453016,0.007419600657776803,6.0
QLP_vs_TESSCut,QLP,89,130,QLP,LsMaxPower,0.0018544778618979462,0.004879450911502811,13.0
QLP_vs_TESSCut,QLP,89,130,QLP,LsFalseAlarmProbability,0.00033670033670033515,0.0010101010101010055,17.0
QLP_vs_TESSCut,QLP,89,130,QLP,LsPeriod2,0.015868357553574464,0.005100069823647394,5.0
QLP_vs_TESSCut,QLP,89,130,QLP,LsPeriod3,0.01761107761678542,0.00616712277819294,4.0
QLP_vs_TESSCut,QLP,89,130,QLP,LsPeakPowerGap12,-0.0006557536937103148,0.002620624529293079,25.0
QLP_vs_TESSCut,QLP,89,130,QLP,LsPeakPowerGap23,-0.003831180499274095,0.002898448848566447,35.0
QLP_vs_TESSCut,QLP,89,130,QLP,LsPowerRatio21,0.00012774722106914104,0.0040091538965388186,18.0
QLP_vs_TESSCut,QLP,89,130,QLP,LsPowerRatio31,0.0007567933081632061,0.0039000614586064512,16.0
QLP_vs_TESSCut,QLP,89,130,QLP,LsPeriodRatio21,-0.0011563263917715727,0.002515846261989427,27.0
QLP_vs_TESSCut,QLP,89,130,QLP,LsPeriodRatio31,-0.001227376916589229,0.0016673469120223917,28.0
QLP_vs_TESSCut,QLP,89,130,QLP,PhaseCurveStd,0.0015517852475615157,0.004460733555599708,14.0
QLP_vs_TESSCut,QLP,89,130,QLP,PhasePeakPhase,-0.0020074467220585644,0.0031336632895699046,31.0
QLP_vs_TESSCut,QLP,89,130,QLP,PhaseTroughPhase,-0.0006087181886268334,0.003332691562807587,24.0
QLP_vs_TESSCut,QLP,89,130,QLP,PhasePeakToTroughPhaseDelta,0.02064198327040795,0.011336798906970178,3.0
QLP_vs_TESSCut,QLP,89,130,TESSCut,QualityScore,0.007234385192433168,0.0032709573388131088,7.0
QLP_vs_TESSCut,QLP,89,130,TESSCut,OriginalFluxMedian,0.0007610350076103778,0.0007764124921874243,29.0
QLP_vs_TESSCut,QLP,89,130,TESSCut,OriginalFluxStd,0.02342015227289206,0.006444084143590772,2.0
QLP_vs_TESSCut,QLP,89,130,TESSCut,CadenceCount,0.005280586359353534,0.0024261885102842312,11.0
QLP_vs_TESSCut,QLP,89,130,TESSCut,TimeSpanDays,0.007294661251567675,0.002479726795869819,6.0
QLP_vs_TESSCut,QLP,89,130,TESSCut,MedianCadenceDays,-0.0009041518687637251,0.001985205601622,37.0
QLP_vs_TESSCut,QLP,89,130,TESSCut,FluxStd,0.0,0.0,32.0
QLP_vs_TESSCut,QLP,89,130,TESSCut,FluxMedian,0.0,0.0,32.0
QLP_vs_TESSCut,QLP,89,130,TESSCut,FluxMad,0.006873846230296038,0.005143598759604694,9.0
QLP_vs_TESSCut,QLP,89,130,TESSCut,FluxP05,0.013860107104970154,0.006180494238926013,3.0
QLP_vs_TESSCut,QLP,89,130,TESSCut,FluxP90,0.0010333617211471357,0.002839152236453941,26.0
QLP_vs_TESSCut,QLP,89,130,TESSCut,FluxP95,-1.9652521079421837e-05,0.0014801702074100894,34.0
QLP_vs_TESSCut,QLP,89,130,TESSCut,FluxIqr,0.0045398456186127815,0.004142955489813512,14.0
QLP_vs_TESSCut,QLP,89,130,TESSCut,FluxAmplitude,0.002313765371699167,0.0023787725039960267,22.0
QLP_vs_TESSCut,QLP,89,130,TESSCut,FluxPercentAmplitude95To5,-0.0025277385180353107,0.0027035016930202368,39.0
QLP_vs_TESSCut,QLP,89,130,TESSCut,FluxSkewness,0.001663639136527273,0.0018663955427063613,24.0
QLP_vs_TESSCut,QLP,89,130,TESSCut,FluxKurtosis,0.006039137433258468,0.00238214308226973,10.0
QLP_vs_TESSCut,QLP,89,130,TESSCut,TailAsymmetry,-0.00026384811915631243,0.0033535625241577515,35.0
QLP_vs_TESSCut,QLP,89,130,TESSCut,TailRatio,0.010336554142204862,0.0072684811598155985,4.0
QLP_vs_TESSCut,QLP,89,130,TESSCut,EtaVonNeumann,0.00689980158730164,0.002372260140578162,8.0
QLP_vs_TESSCut,QLP,89,130,TESSCut,MaxAbsSlope,0.004833516042134789,0.002473780956877383,12.0
QLP_vs_TESSCut,QLP,89,130,TESSCut,MedianAbsSuccessiveDiff,0.035579261713679554,0.00905359733044788,1.0
QLP_vs_TESSCut,QLP,89,130,TESSCut,FractionBeyond1Std,0.0008234655480660324,0.0011278849655279013,28.0
QLP_vs_TESSCut,QLP,89,130,TESSCut,FractionBeyond2Std,0.0016263046314416274,0.0019968850608501976,25.0
QLP_vs_TESSCut,QLP,89,130,TESSCut,LsBestPeriod,0.004366476105916767,0.0050297345483367355,15.0
QLP_vs_TESSCut,QLP,89,130,TESSCut,LsMaxPower,0.002018018711797287,0.0016499745333298365,23.0
QLP_vs_TESSCut,QLP,89,130,TESSCut,LsFalseAlarmProbability,0.0,0.0,32.0
QLP_vs_TESSCut,QLP,89,130,TESSCut,LsPeriod2,0.008327323572757377,0.002891638763419279,5.0
QLP_vs_TESSCut,QLP,89,130,TESSCut,LsPeriod3,0.002581086468072791,0.002107168905787994,18.0
QLP_vs_TESSCut,QLP,89,130,TESSCut,LsPeakPowerGap12,0.0025691575463265394,0.0014662870130206017,19.0
QLP_vs_TESSCut,QLP,89,130,TESSCut,LsPeakPowerGap23,8.94744630475286e-05,0.0030589035354775394,30.0
QLP_vs_TESSCut,QLP,89,130,TESSCut,LsPowerRatio21,0.002947394965089045,0.0021458191732911264,16.0
QLP_vs_TESSCut,QLP,89,130,TESSCut,LsPowerRatio31,0.000941962020729159,0.001572753992435972,27.0
QLP_vs_TESSCut,QLP,89,130,TESSCut,LsPeriodRatio21,0.0023250223478534227,0.0021487066181236844,21.0
QLP_vs_TESSCut,QLP,89,130,TESSCut,LsPeriodRatio31,-0.0023189446377231415,0.0036426052530430897,38.0
QLP_vs_TESSCut,QLP,89,130,TESSCut,PhaseCurveStd,0.004750504336691585,0.0021793659316765145,13.0
QLP_vs_TESSCut,QLP,89,130,TESSCut,PhasePeakPhase,0.0026377337464666474,0.0023144845157483233,17.0
QLP_vs_TESSCut,QLP,89,130,TESSCut,PhaseTroughPhase,-0.0004991574255272746,0.002634659655587382,36.0
QLP_vs_TESSCut,QLP,89,130,TESSCut,PhasePeakToTroughPhaseDelta,0.0025645596264888713,0.00276639649461363,20.0
QLP_vs_TESSCut,QLP,94,135,QLP,QualityScore,0.0,0.0,30.5
QLP_vs_TESSCut,QLP,94,135,QLP,OriginalFluxMedian,0.0,0.0,30.5
QLP_vs_TESSCut,QLP,94,135,QLP,OriginalFluxStd,0.006677176197724166,0.005296758806523501,8.0
QLP_vs_TESSCut,QLP,94,135,QLP,CadenceCount,0.0033796296296296157,0.002397249412738378,21.0
QLP_vs_TESSCut,QLP,94,135,QLP,TimeSpanDays,0.004707847116522901,0.004326898499951315,14.0
QLP_vs_TESSCut,QLP,94,135,QLP,MedianCadenceDays,0.0012345679012345455,0.0017986491704531956,28.0
QLP_vs_TESSCut,QLP,94,135,QLP,FluxStd,0.0,0.0,30.5
QLP_vs_TESSCut,QLP,94,135,QLP,FluxMedian,0.0,0.0,30.5
QLP_vs_TESSCut,QLP,94,135,QLP,FluxMad,0.012629040321677349,0.004759257711738579,5.0
QLP_vs_TESSCut,QLP,94,135,QLP,FluxP05,0.004422163167882354,0.004587224837163356,16.0
QLP_vs_TESSCut,QLP,94,135,QLP,FluxP90,0.009821017442307428,0.005114922707439257,6.0
QLP_vs_TESSCut,QLP,94,135,QLP,FluxP95,0.004934519279553584,0.0033142015350829277,13.0
QLP_vs_TESSCut,QLP,94,135,QLP,FluxIqr,0.01452076346197353,0.005472735887902737,3.0
QLP_vs_TESSCut,QLP,94,135,QLP,FluxAmplitude,0.001728395061728405,0.003448635381581627,27.0
QLP_vs_TESSCut,QLP,94,135,QLP,FluxPercentAmplitude95To5,0.004647832560218423,0.003182665686068839,15.0
QLP_vs_TESSCut,QLP,94,135,QLP,FluxSkewness,0.0036147803870407113,0.0037473091870694037,19.0
QLP_vs_TESSCut,QLP,94,135,QLP,FluxKurtosis,0.005257747759174714,0.0021267520438847803,11.0
QLP_vs_TESSCut,QLP,94,135,QLP,TailAsymmetry,0.00619421478867826,0.004166494801776737,9.0
QLP_vs_TESSCut,QLP,94,135,QLP,TailRatio,0.005161142711085642,0.004721825333939267,12.0
QLP_vs_TESSCut,QLP,94,135,QLP,EtaVonNeumann,0.008043747433016857,0.004437574802490514,7.0
QLP_vs_TESSCut,QLP,94,135,QLP,MaxAbsSlope,0.003038379418231041,0.005625048163269726,22.0
QLP_vs_TESSCut,QLP,94,135,QLP,MedianAbsSuccessiveDiff,0.016242299050518265,0.004438661331222634,1.0
QLP_vs_TESSCut,QLP,94,135,QLP,FractionBeyond1Std,0.0053333982629074515,0.0022595085663038085,10.0
QLP_vs_TESSCut,QLP,94,135,QLP,FractionBeyond2Std,0.002423013155033704,0.0027567942197888337,26.0
QLP_vs_TESSCut,QLP,94,135,QLP,LsBestPeriod,-0.0010295956685796581,0.004337965808917718,37.0
QLP_vs_TESSCut,QLP,94,135,QLP,LsMaxPower,0.013648155972642313,0.007181668205958294,4.0
QLP_vs_TESSCut,QLP,94,135,QLP,LsFalseAlarmProbability,-0.00068493150684929,0.00022831050228309667,36.0
QLP_vs_TESSCut,QLP,94,135,QLP,LsPeriod2,0.002615037908987705,0.006880494450299043,25.0
QLP_vs_TESSCut,QLP,94,135,QLP,LsPeriod3,-0.001630600553260342,0.003081708155400049,39.0
QLP_vs_TESSCut,QLP,94,135,QLP,LsPeakPowerGap12,-0.00020093438187043233,0.0019409028800643523,35.0
QLP_vs_TESSCut,QLP,94,135,QLP,LsPeakPowerGap23,0.00298064494696918,0.001676217052566359,23.0
QLP_vs_TESSCut,QLP,94,135,QLP,LsPowerRatio21,0.0029350809958686554,0.0025089352254407562,24.0
QLP_vs_TESSCut,QLP,94,135,QLP,LsPowerRatio31,-0.00011325680703533347,0.0014126924882423464,34.0
QLP_vs_TESSCut,QLP,94,135,QLP,LsPeriodRatio21,0.0034774543378995105,0.0017606434976857347,20.0
QLP_vs_TESSCut,QLP,94,135,QLP,LsPeriodRatio31,0.004117199391171983,0.0024474824538234345,17.0
QLP_vs_TESSCut,QLP,94,135,QLP,PhaseCurveStd,0.01573427043318598,0.0039936174782088454,2.0
QLP_vs_TESSCut,QLP,94,135,QLP,PhasePeakPhase,0.0037359948418738353,0.0023695690907209995,18.0
QLP_vs_TESSCut,QLP,94,135,QLP,PhaseTroughPhase,-0.0014688504143412495,0.003782268634151152,38.0
QLP_vs_TESSCut,QLP,94,135,QLP,PhasePeakToTroughPhaseDelta,-2.5126235171879508e-05,0.002926424130188197,33.0
QLP_vs_TESSCut,QLP,94,135,TESSCut,QualityScore,0.009292735739653502,0.002779263173449032,14.0
QLP_vs_TESSCut,QLP,94,135,TESSCut,OriginalFluxMedian,0.00041717457242567704,0.0019627756351124,29.0
QLP_vs_TESSCut,QLP,94,135,TESSCut,OriginalFluxStd,0.023624749753459785,0.006990598145853221,4.0
QLP_vs_TESSCut,QLP,94,135,TESSCut,CadenceCount,0.009742583752286937,0.003977843916640167,11.0
QLP_vs_TESSCut,QLP,94,135,TESSCut,TimeSpanDays,0.009377212135488361,0.004265759595547597,13.0
QLP_vs_TESSCut,QLP,94,135,TESSCut,MedianCadenceDays,0.004906448563697413,0.0022460442356611876,21.0
QLP_vs_TESSCut,QLP,94,135,TESSCut,FluxStd,0.0,0.0,32.0
QLP_vs_TESSCut,QLP,94,135,TESSCut,FluxMedian,0.0,0.0,32.0
QLP_vs_TESSCut,QLP,94,135,TESSCut,FluxMad,0.02507984758983616,0.006615642268825813,3.0
QLP_vs_TESSCut,QLP,94,135,TESSCut,FluxP05,0.030974769300967923,0.004204540481360345,2.0
QLP_vs_TESSCut,QLP,94,135,TESSCut,FluxP90,0.005715816981513272,0.0032640989035367237,19.0
QLP_vs_TESSCut,QLP,94,135,TESSCut,FluxP95,0.009209935432823535,0.0025564107910331746,15.0
QLP_vs_TESSCut,QLP,94,135,TESSCut,FluxIqr,0.013600470485459027,0.007271544140641627,7.0
QLP_vs_TESSCut,QLP,94,135,TESSCut,FluxAmplitude,0.0005919003307701509,0.004991472964596982,28.0
QLP_vs_TESSCut,QLP,94,135,TESSCut,FluxPercentAmplitude95To5,0.00522858985045056,0.002826011831957557,20.0
QLP_vs_TESSCut,QLP,94,135,TESSCut,FluxSkewness,-0.004868197082809,0.0027945927194402346,38.0
QLP_vs_TESSCut,QLP,94,135,TESSCut,FluxKurtosis,-0.005299329454580659,0.002015882422439332,39.0
QLP_vs_TESSCut,QLP,94,135,TESSCut,TailAsymmetry,0.008318696038444873,0.0021307620749802104,17.0
QLP_vs_TESSCut,QLP,94,135,TESSCut,TailRatio,0.021393226678614763,0.007344418350326437,5.0
QLP_vs_TESSCut,QLP,94,135,TESSCut,EtaVonNeumann,0.009742326367611742,0.005830765575878118,12.0
QLP_vs_TESSCut,QLP,94,135,TESSCut,MaxAbsSlope,0.0034461659704239367,0.005184837690541106,23.0
QLP_vs_TESSCut,QLP,94,135,TESSCut,MedianAbsSuccessiveDiff,0.050473279627103795,0.008126786266459192,1.0
QLP_vs_TESSCut,QLP,94,135,TESSCut,FractionBeyond1Std,0.0035431485160366373,0.0034263631790365477,22.0
QLP_vs_TESSCut,QLP,94,135,TESSCut,FractionBeyond2Std,0.00031175324126235803,0.002859459891576521,30.0
QLP_vs_TESSCut,QLP,94,135,TESSCut,LsBestPeriod,0.01132106013384549,0.0032408558686865545,9.0
QLP_vs_TESSCut,QLP,94,135,TESSCut,LsMaxPower,0.0018294765440883876,0.0034175571604145374,26.0
QLP_vs_TESSCut,QLP,94,135,TESSCut,LsFalseAlarmProbability,0.0,0.0,32.0
QLP_vs_TESSCut,QLP,94,135,TESSCut,LsPeriod2,0.01489398428182671,0.005351828216029256,6.0
QLP_vs_TESSCut,QLP,94,135,TESSCut,LsPeriod3,0.007582540863077358,0.003666226802861169,18.0
QLP_vs_TESSCut,QLP,94,135,TESSCut,LsPeakPowerGap12,0.010231489031431923,0.002897569008311275,10.0
QLP_vs_TESSCut,QLP,94,135,TESSCut,LsPeakPowerGap23,0.008852918865761306,0.005303358453559896,16.0
QLP_vs_TESSCut,QLP,94,135,TESSCut,LsPowerRatio21,-5.869331497189712e-05,0.003245164105034879,34.0
QLP_vs_TESSCut,QLP,94,135,TESSCut,LsPowerRatio31,0.002225958761346858,0.003122103021020404,25.0
QLP_vs_TESSCut,QLP,94,135,TESSCut,LsPeriodRatio21,0.0027961255301437505,0.005090775473238005,24.0
QLP_vs_TESSCut,QLP,94,135,TESSCut,LsPeriodRatio31,-0.0012689414530168309,0.0044742245018211755,36.0
QLP_vs_TESSCut,QLP,94,135,TESSCut,PhaseCurveStd,0.013441876225837401,0.002756518761354469,8.0
QLP_vs_TESSCut,QLP,94,135,TESSCut,PhasePeakPhase,-0.004406009705667274,0.0051352802164994285,37.0
QLP_vs_TESSCut,QLP,94,135,TESSCut,PhaseTroughPhase,-0.0007616794988370811,0.0030091924996888176,35.0
QLP_vs_TESSCut,QLP,94,135,TESSCut,PhasePeakToTroughPhaseDelta,0.0006093530708256356,0.004526887662546189,27.0
QLP_vs_TESSCut,QLP,100,141,QLP,QualityScore,0.0002469135802469158,0.0007407407407407474,29.0
QLP_vs_TESSCut,QLP,100,141,QLP,OriginalFluxMedian,0.0,0.0,31.0
QLP_vs_TESSCut,QLP,100,141,QLP,OriginalFluxStd,0.01104626527286342,0.01205589553736534,15.0
QLP_vs_TESSCut,QLP,100,141,QLP,CadenceCount,0.0019063151354817842,0.005018998428653521,23.0
QLP_vs_TESSCut,QLP,100,141,QLP,TimeSpanDays,0.0016389734483341577,0.003916607599173121,25.0
QLP_vs_TESSCut,QLP,100,141,QLP,MedianCadenceDays,0.0017469981396922186,0.0011168775939615198,24.0
QLP_vs_TESSCut,QLP,100,141,QLP,FluxStd,0.0,0.0,31.0
QLP_vs_TESSCut,QLP,100,141,QLP,FluxMedian,0.0,0.0,31.0
QLP_vs_TESSCut,QLP,100,141,QLP,FluxMad,0.007727068192250802,0.003976769993039456,16.0
QLP_vs_TESSCut,QLP,100,141,QLP,FluxP05,0.023793349070175513,0.01094963549651324,5.0
QLP_vs_TESSCut,QLP,100,141,QLP,FluxP90,0.0200436853861511,0.009616704626203738,7.0
QLP_vs_TESSCut,QLP,100,141,QLP,FluxP95,0.01255482911304825,0.008887045844991141,12.0
QLP_vs_TESSCut,QLP,100,141,QLP,FluxIqr,0.01604339697804305,0.006373675685010602,10.0
QLP_vs_TESSCut,QLP,100,141,QLP,FluxAmplitude,-0.00253826040355723,0.004346510681065168,38.0
QLP_vs_TESSCut,QLP,100,141,QLP,FluxPercentAmplitude95To5,0.004667399972765218,0.0044630289341601745,19.0
QLP_vs_TESSCut,QLP,100,141,QLP,FluxSkewness,-0.0008647411272982575,0.0034459163087442123,34.0
QLP_vs_TESSCut,QLP,100,141,QLP,FluxKurtosis,-0.00036697289265785196,0.003215074427951621,33.0
QLP_vs_TESSCut,QLP,100,141,QLP,TailAsymmetry,0.02779045208554336,0.006332514011195745,1.0
QLP_vs_TESSCut,QLP,100,141,QLP,TailRatio,0.024504858461764794,0.010612706032884273,3.0
QLP_vs_TESSCut,QLP,100,141,QLP,EtaVonNeumann,0.006135356747514253,0.0036051218077223232,17.0
QLP_vs_TESSCut,QLP,100,141,QLP,MaxAbsSlope,0.00201172960305378,0.002614763826265371,22.0
QLP_vs_TESSCut,QLP,100,141,QLP,MedianAbsSuccessiveDiff,0.011265180891322396,0.01129543523831775,14.0
QLP_vs_TESSCut,QLP,100,141,QLP,FractionBeyond1Std,-0.0014399114541808922,0.0030237304565553656,37.0
QLP_vs_TESSCut,QLP,100,141,QLP,FractionBeyond2Std,-0.001090904698210643,0.003545201486969722,35.0
QLP_vs_TESSCut,QLP,100,141,QLP,LsBestPeriod,0.02380299584780176,0.0058111893403658445,4.0
QLP_vs_TESSCut,QLP,100,141,QLP,LsMaxPower,0.011604315057511356,0.0061360328012223,13.0
QLP_vs_TESSCut,QLP,100,141,QLP,LsFalseAlarmProbability,0.0031288580246913557,0.00021990740740739922,20.0
QLP_vs_TESSCut,QLP,100,141,QLP,LsPeriod2,0.025801176035194308,0.003789668341068977,2.0
QLP_vs_TESSCut,QLP,100,141,QLP,LsPeriod3,0.023773649190315837,0.006564711361274204,6.0
QLP_vs_TESSCut,QLP,100,141,QLP,LsPeakPowerGap12,0.0006997294097750462,0.010399030486612774,26.0
QLP_vs_TESSCut,QLP,100,141,QLP,LsPeakPowerGap23,0.00477977549467275,0.0024664699178391504,18.0
QLP_vs_TESSCut,QLP,100,141,QLP,LsPowerRatio21,-0.001093199883154261,0.002791236962894135,36.0
QLP_vs_TESSCut,QLP,100,141,QLP,LsPowerRatio31,0.002479009078609512,0.003444430988393077,21.0
QLP_vs_TESSCut,QLP,100,141,QLP,LsPeriodRatio21,0.00043226760977899126,0.002033771427899918,27.0
QLP_vs_TESSCut,QLP,100,141,QLP,LsPeriodRatio31,-0.004855826145780529,0.0040629245815214455,39.0
QLP_vs_TESSCut,QLP,100,141,QLP,PhaseCurveStd,0.013426210764966412,0.005178377120751907,11.0
QLP_vs_TESSCut,QLP,100,141,QLP,PhasePeakPhase,0.00027639888227785626,0.00416428993187218,28.0
QLP_vs_TESSCut,QLP,100,141,QLP,PhaseTroughPhase,0.016701071790969003,0.00988797026738646,9.0
QLP_vs_TESSCut,QLP,100,141,QLP,PhasePeakToTroughPhaseDelta,0.018578918122297106,0.01161181638997753,8.0
QLP_vs_TESSCut,QLP,100,141,TESSCut,QualityScore,0.004886709561367081,0.0024137226428570012,7.0
QLP_vs_TESSCut,QLP,100,141,TESSCut,OriginalFluxMedian,-0.0026427469135803182,0.0003505052797625564,35.0
QLP_vs_TESSCut,QLP,100,141,TESSCut,OriginalFluxStd,0.02512759210390485,0.007460717278169735,2.0
QLP_vs_TESSCut,QLP,100,141,TESSCut,CadenceCount,0.0047390668480851,0.0024801161449577837,8.0
QLP_vs_TESSCut,QLP,100,141,TESSCut,TimeSpanDays,0.0007952994282902804,0.0018379067546034124,18.0
QLP_vs_TESSCut,QLP,100,141,TESSCut,MedianCadenceDays,-0.000633682443043182,0.003020682604237912,29.0
QLP_vs_TESSCut,QLP,100,141,TESSCut,FluxStd,0.0,0.0,23.0
QLP_vs_TESSCut,QLP,100,141,TESSCut,FluxMedian,0.0,0.0,23.0
QLP_vs_TESSCut,QLP,100,141,TESSCut,FluxMad,0.017707216627022553,0.005649212811667538,4.0
QLP_vs_TESSCut,QLP,100,141,TESSCut,FluxP05,0.01523503613543566,0.004565168068818361,5.0
QLP_vs_TESSCut,QLP,100,141,TESSCut,FluxP90,0.0006562794448068176,0.0028117265494487067,19.0
QLP_vs_TESSCut,QLP,100,141,TESSCut,FluxP95,-0.0004539558720495107,0.0029987765640718442,27.0
QLP_vs_TESSCut,QLP,100,141,TESSCut,FluxIqr,0.009025570446803305,0.005525643675651052,6.0
QLP_vs_TESSCut,QLP,100,141,TESSCut,FluxAmplitude,-0.00021581533425144017,0.0033950342941083626,26.0
QLP_vs_TESSCut,QLP,100,141,TESSCut,FluxPercentAmplitude95To5,-0.00017558919813489003,0.0032374737075091062,25.0
QLP_vs_TESSCut,QLP,100,141,TESSCut,FluxSkewness,-0.0017397803870406957,0.002294712695569546,32.0
QLP_vs_TESSCut,QLP,100,141,TESSCut,FluxKurtosis,-0.0014745478815113733,0.0025340701390225645,31.0
QLP_vs_TESSCut,QLP,100,141,TESSCut,TailAsymmetry,0.004623332970935678,0.0031659267639166117,11.0
QLP_vs_TESSCut,QLP,100,141,TESSCut,TailRatio,0.02180879105251248,0.007070358434716113,3.0
QLP_vs_TESSCut,QLP,100,141,TESSCut,EtaVonNeumann,0.001791502352289992,0.004126296760152671,15.0
QLP_vs_TESSCut,QLP,100,141,TESSCut,MaxAbsSlope,0.00465704624523115,0.0035739823542249357,10.0
QLP_vs_TESSCut,QLP,100,141,TESSCut,MedianAbsSuccessiveDiff,0.046608527929874924,0.006402863456155861,1.0
QLP_vs_TESSCut,QLP,100,141,TESSCut,FractionBeyond1Std,0.001314257628469917,0.0035275448715495913,16.0
QLP_vs_TESSCut,QLP,100,141,TESSCut,FractionBeyond2Std,-0.000543702133314028,0.0032414681963412306,28.0
QLP_vs_TESSCut,QLP,100,141,TESSCut,LsBestPeriod,-0.0024650890290159933,0.004929923206509261,33.0
QLP_vs_TESSCut,QLP,100,141,TESSCut,LsMaxPower,8.659861827667314e-05,0.004619992611967976,20.0
QLP_vs_TESSCut,QLP,100,141,TESSCut,LsFalseAlarmProbability,0.0,0.0,23.0
QLP_vs_TESSCut,QLP,100,141,TESSCut,LsPeriod2,0.0024283990151569845,0.005246390298972481,14.0
QLP_vs_TESSCut,QLP,100,141,TESSCut,LsPeriod3,0.004678047462008622,0.002938721165315899,9.0
QLP_vs_TESSCut,QLP,100,141,TESSCut,LsPeakPowerGap12,0.0011131722475900495,0.0026955482344207995,17.0
QLP_vs_TESSCut,QLP,100,141,TESSCut,LsPeakPowerGap23,-0.004704862827008965,0.004020541114438983,39.0
QLP_vs_TESSCut,QLP,100,141,TESSCut,LsPowerRatio21,8.227112393777158e-05,0.0033976946346961348,21.0
QLP_vs_TESSCut,QLP,100,141,TESSCut,LsPowerRatio31,-0.0042138387572177635,0.004049089774801877,37.0
QLP_vs_TESSCut,QLP,100,141,TESSCut,LsPeriodRatio21,-0.0025457904496146875,0.0019170440988041987,34.0
QLP_vs_TESSCut,QLP,100,141,TESSCut,LsPeriodRatio31,-0.00461397309142747,0.003940172467941619,38.0
QLP_vs_TESSCut,QLP,100,141,TESSCut,PhaseCurveStd,0.0045104035572071655,0.0022360870097091912,12.0
QLP_vs_TESSCut,QLP,100,141,TESSCut,PhasePeakPhase,-0.003186554746200887,0.003334416164567311,36.0
QLP_vs_TESSCut,QLP,100,141,TESSCut,PhaseTroughPhase,0.0037874175545408173,0.0022226121543835026,13.0
QLP_vs_TESSCut,QLP,100,141,TESSCut,PhasePeakToTroughPhaseDelta,-0.0008675215681494319,0.004724902178474418,30.0
